Product Level,Product Classification,Form,CountryCode,Product Available Date,List Price Sheet,$USD MRP,Family,Product Type,DemoPriceCalculator,Subcategory,SKU,UPC,Product,Case Qty,List Price,Dealer Price,,,,,,,,,,,
HH,Car Audio Amplifiers,AUDIO,,45811,599.99,599.99,AMP JD,Device,1,MRN - AUDIO,010-03883-00,699440983648,"JL Audio JD700/5, JD Car System 5 Channel Amp (98364)",1, $599.99 , $329.99 ,,,,,,,,,,,
HH,Car Audio Amplifiers,AUDIO,,,189.99,189.99,AMP VX,Device,1,MRN - AUDIO,010-03327-00,699440984119,XB-BTU,1, $189.99 , $104.49 ,,,,,,,,,,,
HH,Car Audio Amplifiers,JL AMP,,42027,1149.99,1149.99,AMP HD,Device,1,MRN - JL AMP,010-03318-00,699440982214,"Amplifier HD600/4, Amp, JLA, (98221)",2," $1,149.99 ", $632.49 ,,,,,,,,,,,
HH,Car Audio Amplifiers,JL AMP,,42011,1549.99,1549.99,AMP HD,Device,1,MRN - JL AMP,010-03170-00,699440982504,"HD1200/1; Amp., Amp, JLA, (98250)",2," $1,549.99 ", $852.49 ,,,,,,,,,,,
HH,Car Audio Amplifiers,JL AMP,,41515,1549.99,1549.99,AMP HD,Device,1,MRN - JL AMP,010-03169-00,699440982238,"Amplifier HD900/5, Amp, JLA, (98223)",2," $1,549.99 ", $852.49 ,,,,,,,,,,,
HH,Car Audio Amplifiers,JL AMP,,42011,1049.99,1049.99,AMP HD,Device,1,MRN - JL AMP,010-03168-00,699440982207,"Amplifier HD750/1, Amp, JLA, (98220)",2," $1,049.99 ", $577.49 ,,,,,,,,,,,
HH,Car Audio Amplifiers,JL AMP,,43871,429.99,429.99,AMP JD,Device,1,MRN - JL AMP,010-03323-00,699440983631,"JD1000/1, Amp, JLA, (98363)",2, $429.99 , $236.49 ,,,,,,,,,,,
HH,Car Audio Amplifiers,JL AMP,,43846,239.99,239.99,AMP JD,Device,1,MRN - JL AMP,010-03322-00,699440983600,"JD250/1, Amp, JLA, (98360)",2, $239.99 , $131.99 ,,,,,,,,,,,
HH,Car Audio Amplifiers,JL AMP,,43846,299.99,299.99,AMP JD,Device,1,MRN - JL AMP,010-03185-00,699440983624,"JD500/1, Amp, JLA, (98362)",2, $299.99 , $164.99 ,,,,,,,,,,,
HH,Car Audio Amplifiers,JL AMP,,43846,299.99,299.99,AMP JD,Device,1,MRN - JL AMP,010-03184-00,699440983617,"JD400/4, Amp, JLA, (98361)",2, $299.99 , $164.99 ,,,,,,,,,,,
HH,Car Audio Amplifiers,JL AMP,,43390,729.99,729.99,AMP RD,Device,1,MRN - JL AMP,010-03333-00,699440986434,"RD1500/1, Amp, JLA, (98643)",2, $729.99 , $401.49 ,,,,,,,,,,,
HH,Car Audio Amplifiers,JL AMP,,42599,679.99,679.99,AMP RD,Device,1,MRN - JL AMP,010-03186-00,699440986427,"RD900/5, Amp, JLA, (98642)",2, $679.99 , $373.99 ,,,,,,,,,,,
HH,Car Audio Amplifiers,JL AMP,,42514,379.99,379.99,AMP RD,Device,1,MRN - JL AMP,010-03109-00,699440986212,"RD400/4, Amp, JLA, (98621)",2, $379.99 , $208.99 ,,,,,,,,,,,
HH,Car Audio Amplifiers,JL AMP,,42514,399.99,399.99,AMP RD,Device,1,MRN - JL AMP,010-03108-00,699440986182,"RD500/1, Amp, JLA, (98618)",2, $399.99 , $219.99 ,,,,,,,,,,,
HH,Car Audio Amplifiers,JL AMP,,42611,579.99,579.99,AMP RD,Device,1,MRN - JL AMP,010-03107-00,699440986175,"RD1000/1, Amp, JLA, (98617)",2, $579.99 , $318.99 ,,,,,,,,,,,
HH,Car Audio Amplifiers,JL AMP,,45763,999.99,,AMP VX,Device,1,MRN - JL AMP,010-03823-00,699440986342,"VX600/2i, Amp, JLA, (98634)",1, $999.99 , $549.99 ,,,,,,,,,,,
HH,Car Audio Amplifiers,JL AMP,,43164,1449.99,1449.99,AMP VX,Device,1,MRN - JL AMP,010-03332-00,699440986403,"VX700/5i, Amp, JLA, (98640)",2," $1,449.99 ", $797.49 ,,,,,,,,,,,
HH,Car Audio Amplifiers,JL AMP,,43175,1049.99,1049.99,AMP VX,Device,1,MRN - JL AMP,010-03331-00,699440986380,"VX600/1i, Amp, JLA, (98638)",2," $1,049.99 ", $577.49 ,,,,,,,,,,,
HH,Car Audio Amplifiers,JL AMP,,43175,1249.99,1249.99,AMP VX,Device,1,MRN - JL AMP,010-03330-00,699440986366,"VX400/4i, Amp, JLA, (98636)",2," $1,249.99 ", $687.49 ,,,,,,,,,,,
HH,Car Audio Amplifiers,JL AMP,,43175,1449.99,1449.99,AMP VX,Device,1,MRN - JL AMP,010-03329-00,699440986311,"VX1000/1i, Amp, JLA, (98631)",2," $1,449.99 ", $797.49 ,,,,,,,,,,,
HH,Car Audio Amplifiers,JL AMP,,43164,1549.99,1549.99,AMP VX,Device,1,MRN - JL AMP,010-03171-00,699440986397,"VX600/6i, Amp, JLA, (98639)",2," $1,549.99 ", $852.49 ,,,,,,,,,,,
HH,Car Audio Amplifiers,JL AMP,,43175,1849.99,1849.99,AMP VX,Device,1,MRN - JL AMP,010-03111-00,699440986335,"VX800/8i, Amp, JLA, (98633)",2," $1,849.99 "," $1,017.49 ",,,,,,,,,,,
HH,Car Audio Amplifiers,JL AMP,,43175,1649.99,1649.99,AMP VX,Device,1,MRN - JL AMP,010-03110-00,699440986328,"VX1000/5i, Amp, JLA, (98632)",2," $1,649.99 ", $907.49 ,,,,,,,,,,,
HHH,Car Audio Enclosures,AUDIO,,,949.99,949.99,POWERWEDGE ENCL,Device,1,MRN - AUDIO,010-04035-00,699440933063,CS110G-W6V3,1, $949.99 , $522.49 ,,,,,,,,,,,
HHH,Car Audio Enclosures,AUDIO,,40544,1049.99,1049.99,STEALTHBOX,Device,1,MRN - AUDIO,010-03739-00,699440947220,"SBX-T-TACDCG3/10TW3, Sub, JLA, (94722)",1," $1,049.99 ", $577.49 ,,,,,,,,,,,
HHH,Car Audio Enclosures,JL SUB,,45763,349.99,349.99,BASSWEDGE ENCL,Device,1,MRN - JL SUB,010-03237-00,699440932653,"CP210-W0v3, Sub, JLA, (93265)",1, $349.99 , $192.49 ,,,,,,,,,,,
HHH,Car Audio Enclosures,JL SUB,,45763,229.99,229.99,BASSWEDGE ENCL,Device,1,MRN - JL SUB,010-03236-00,699440932646,"CP110-W0v3, Sub, JLA, (93264)",1, $229.99 , $126.49 ,,,,,,,,,,,
HHH,Car Audio Enclosures,JL SUB,,45763,279.99,279.99,BASSWEDGE ENCL,Device,1,MRN - JL SUB,010-03162-00,699440932813,"CP112-W0v3, Sub, JLA, (93281)",1, $279.99 , $153.99 ,,,,,,,,,,,
HHH,Car Audio Enclosures,JL SUB,,45763,449.99,449.99,BASSWEDGE ENCL,Device,1,MRN - JL SUB,010-03055-00,699440932837,"CP212-W0v3, Sub, JLA, (93283)",1, $449.99 , $247.49 ,,,,,,,,,,,
HHH,Car Audio Enclosures,JL SUB,,45763,1149.99,1149.99,HOWEDGE ENCL,Device,1,MRN - JL SUB,010-03243-00,699440933100,"HO110-W6v3, Sub, JLA, (93310)",1," $1,149.99 ", $632.49 ,,,,,,,,,,,
HHH,Car Audio Enclosures,JL SUB,,45763,1999.99,1999.99,HOWEDGE ENCL,Device,1,MRN - JL SUB,010-03241-00,699440932769,"HO112R-W7AE, Sub, JLA, (93276)",1," $1,999.99 "," $1,099.99 ",,,,,,,,,,,
HHH,Car Audio Enclosures,JL SUB,,45763,829.99,829.99,HOWEDGE ENCL,Device,1,MRN - JL SUB,010-03235-00,699440931366,"HO112RG-W3v3, Sub, JLA, (93136)",1, $829.99 , $456.49 ,,,,,,,,,,,
HHH,Car Audio Enclosures,JL SUB,,45763,729.99,729.99,HOWEDGE ENCL,Device,1,MRN - JL SUB,010-03234-00,699440931359,"HO110RG-W3v3, Sub, JLA, (93135)",1, $729.99 , $401.49 ,,,,,,,,,,,
HHH,Car Audio Enclosures,JL SUB,,45763,1249.99,1249.99,HOWEDGE ENCL,Device,1,MRN - JL SUB,010-03059-00,699440933155,"HO112-W6v3, Sub, JLA, (93315)",1," $1,249.99 ", $687.49 ,,,,,,,,,,,
HHH,Car Audio Enclosures,JL SUB,,45763,499.99,,MICROSUB ENCL,Device,1,MRN - JL SUB,010-03249-00,699440933261,"CP112LG-TW1-2, Sub, JLA, (93326)",1, $499.99 , $274.99 ,,,,,,,,,,,
HHH,Car Audio Enclosures,JL SUB,,45763,679.99,679.99,MICROSUB ENCL,Device,1,MRN - JL SUB,010-03246-00,699440933230,"CP110LG-TW1-2, Sub, JLA, (93323)",1, $679.99 , $373.99 ,,,,,,,,,,,
HHH,Car Audio Enclosures,JL SUB,,45763,419.99,419.99,MICROSUB ENCL,Device,1,MRN - JL SUB,010-03163-00,699440933001,"CP106LG-W3V3, Sub, JLA, (93300)",1, $419.99 , $230.99 ,,,,,,,,,,,
HHH,Car Audio Enclosures,JL SUB,,45763,879.99,879.99,MICROSUB ENCL,Device,1,MRN - JL SUB,010-03056-00,699440932950,"CP208LG-W3v3, Sub, JLA, (93295)",1, $879.99 , $483.99 ,,,,,,,,,,,
HHH,Car Audio Enclosures,JL SUB,,45763,449.99,,MICROSUB ENCL,Device,1,MRN - JL SUB,010-03053-00,699440931335,"CP108LG-W3v3, Sub, JLA, (93133)",1, $449.99 , $247.49 ,,,,,,,,,,,
HHH,Car Audio Enclosures,JL SUB,,45763,929.99,929.99,MICROSUB PLUS ENCL,Device,1,MRN - JL SUB,010-03253-00,699440933339,"ACP112LG-TW1, Sub Powered, JLA, (93333)",1, $929.99 , $511.49 ,,,,,,,,,,,
HHH,Car Audio Enclosures,JL SUB,,45763,829.99,829.99,MICROSUB PLUS ENCL,Device,1,MRN - JL SUB,010-03252-00,699440933322,"ACP110LG-TW1, Sub Powered, JLA, (93332)",1, $829.99 , $456.49 ,,,,,,,,,,,
HHH,Car Audio Enclosures,JL SUB,,45763,1149.99,1149.99,MICROSUB PLUS ENCL,Device,1,MRN - JL SUB,010-03251-00,699440933315,"ACP208LG-W3v3, Sub Powered, JLA, (93331)",1," $1,149.99 ", $632.49 ,,,,,,,,,,,
HHH,Car Audio Enclosures,JL SUB,,45763,629.99,629.99,MICROSUB PLUS ENCL,Device,1,MRN - JL SUB,010-03250-00,699440933308,"ACP108LG-W3v3, Sub Powered, JLA, (93330)",1, $629.99 , $346.49 ,,,,,,,,,,,
HHH,Car Audio Enclosures,JL SUB,,45763,829.99,829.99,POWERWEDGE ENCL,Device,1,MRN - JL SUB,010-03242-00,699440933056,"CS112LG-TW3, Sub, JLA, (93305)",1, $829.99 , $456.49 ,,,,,,,,,,,
HHH,Car Audio Enclosures,JL SUB,,45763,729.99,729.99,POWERWEDGE ENCL,Device,1,MRN - JL SUB,010-03164-00,699440933025,"CS110TG-TW3, Sub, JLA, (93302)",1, $729.99 , $401.49 ,,,,,,,,,,,
HHH,Car Audio Enclosures,JL SUB,,45763,779.99,779.99,POWERWEDGE ENCL,Device,1,MRN - JL SUB,010-03058-00,699440933049,"CS110LG-TW3, Sub, JLA, (93304)",1, $779.99 , $428.99 ,,,,,,,,,,,
HHH,Car Audio Enclosures,JL SUB,,45763,829.99,829.99,POWERWEDGE ENCL,Device,1,MRN - JL SUB,010-03057-00,699440933032,"CS112TG-TW3, Sub, JLA, (93303)",1, $829.99 , $456.49 ,,,,,,,,,,,
HHH,Car Audio Enclosures,JL SUB,,45763,1149.99,1149.99,POWERWEDGE ENCL,Device,1,MRN - JL SUB,010-03054-00,699440932561,"CS113TG-TW5v2, Sub, JLA, (93256)",1," $1,149.99 ", $632.49 ,,,,,,,,,,,
HHH,Car Audio Enclosures,JL SUB,,45763,929.99,929.99,POWERWEDGE PLUS ENCL,Device,1,MRN - JL SUB,010-03255-00,699440933353,"ACS112LG-TW1, Sub Powered, JLA, (93335)",1, $929.99 , $511.49 ,,,,,,,,,,,
HHH,Car Audio Enclosures,JL SUB,,45763,829.99,829.99,POWERWEDGE PLUS ENCL,Device,1,MRN - JL SUB,010-03254-00,699440933346,"ACS110LG-TW1, Sub Powered, JLA, (93334)",1, $829.99 , $456.49 ,,,,,,,,,,,
HHH,Car Audio Enclosures,JL SUB,,45763,2299.99,2299.99,PROWEDGE ENCL,Device,1,MRN - JL SUB,010-03240-00,699440932721,"CLS113RG-W7AE, Sub, JLA, (93272)",1," $2,299.99 "," $1,264.99 ",,,,,,,,,,,
HHH,Car Audio Enclosures,JL SUB,,45763,1899.99,1899.99,PROWEDGE ENCL,Device,1,MRN - JL SUB,010-03239-00,699440932714,"CLS112RG-W7AE, Sub, JLA, (93271)",1," $1,899.99 "," $1,044.99 ",,,,,,,,,,,
HHH,Car Audio Enclosures,JL SUB,,45763,1599.99,1599.99,PROWEDGE ENCL,Device,1,MRN - JL SUB,010-03238-00,699440932707,"CLS110RG-W7AE, Sub, JLA, (93270)",1," $1,599.99 ", $879.99 ,,,,,,,,,,,
HHH,Car Audio Enclosures,JL SUB,,45763,2199.99,2199.99,STEALTHBOX,Device,1,MRN - JL SUB,010-03946-00,699440947831,"SBX-F-150-SCDBL/12TW3, Sub, JLA, (94783)",1," $2,199.99 "," $1,209.99 ",,,,,,,,,,,
HHH,Car Audio Enclosures,JL SUB,,45763,1249.99,1249.99,STEALTHBOX,Device,1,MRN - JL SUB,010-03763-00,699440947497,"SBX-T-TCMAX3G/12TW3, Sub, JLA, (94749)",1," $1,249.99 ", $687.49 ,,,,,,,,,,,
HHH,Car Audio Enclosures,JL SUB,,45763,849.99,849.99,STEALTHBOX,Device,1,MRN - JL SUB,010-03762-00,699440947480,"SBX-F-MAVG1/10TW1, Sub, JLA, (94748)",1, $849.99 , $467.49 ,,,,,,,,,,,
HHH,Car Audio Enclosures,JL SUB,,45763,1149.99,1149.99,STEALTHBOX,Device,1,MRN - JL SUB,010-03761-00,699440947473,"SBX-F-BRONCG6/10TW1, Sub, JLA, (94747)",1," $1,149.99 ", $632.49 ,,,,,,,,,,,
HHH,Car Audio Enclosures,JL SUB,,45763,1349.99,1349.99,STEALTHBOX,Device,1,MRN - JL SUB,010-03738-00,699440947190,"SB-TE-3G1/10TW1, Sub, JLA, (94719)",1," $1,349.99 ", $742.49 ,,,,,,,,,,,
HHH,Car Audio Enclosures,JL SUB,,45763,1549.99,1549.99,STEALTHBOX,Device,1,MRN - JL SUB,010-03730-00,699440947015,"SB-D-MGACABG4/10TW1 Sub, JLA, (94701)",1," $1,549.99 ", $852.49 ,,,,,,,,,,,
HHH,Car Audio Enclosures,JL SUB,,45763,1349.99,1349.99,STEALTHBOX,Device,1,MRN - JL SUB,010-03728-00,699440946988,"SB-GM-5GSUV/10TW3, Sub, JLA, (94698)",1," $1,349.99 ", $742.49 ,,,,,,,,,,,
HHH,Car Audio Enclosures,JL SUB,,45763,2299.99,2299.99,STEALTHBOX,Device,1,MRN - JL SUB,010-03727-00,699440946971,"SB-D-5GRAMQC/10TW3, Sub, JLA, (94697)",1," $2,299.99 "," $1,264.99 ",,,,,,,,,,,
HHH,Car Audio Enclosures,JL SUB,,45763,1449.99,1449.99,STEALTHBOX,Device,1,MRN - JL SUB,010-03703-00,699440946889,"SB-F-EXPED4G/10TW1, Sub, JLA, (94688)",1," $1,449.99 ", $797.49 ,,,,,,,,,,,
HHH,Car Audio Enclosures,JL SUB,,45763,1799.99,1799.99,STEALTHBOX,Device,1,MRN - JL SUB,010-03700-00,699440946858,"SB-T-4RNRG5/10TW3, Sub, JLA, (94685)",1," $1,799.99 ", $989.99 ,,,,,,,,,,,
HHH,Car Audio Enclosures,JL SUB,,45763,1149.99,1149.99,STEALTHBOX,Device,1,MRN - JL SUB,010-03699-00,699440946834,"SB-J-WRUP/10TW1-2, Sub, JLA, (94683)",1," $1,149.99 ", $632.49 ,,,,,,,,,,,
HHH,Car Audio Enclosures,JL SUB,,45763,1149.99,1149.99,STEALTHBOX,Device,1,MRN - JL SUB,010-03698-00,699440946827,"SB-J-WRUD/10TW1-2, Sub, JLA, (94682)",1," $1,149.99 ", $632.49 ,,,,,,,,,,,
HHH,Car Audio Enclosures,JL SUB,,45763,1899.99,1899.99,STEALTHBOX,Device,1,MRN - JL SUB,010-03697-00,699440946810,"SB-J-JTGLAD/10TW1, Sub, JLA, (94681)",1," $1,899.99 "," $1,044.99 ",,,,,,,,,,,
HHH,Car Audio Enclosures,JL SUB,,45763,2099.99,2099.99,STEALTHBOX,Device,1,MRN - JL SUB,010-03693-00,699440946773,"SB-D-5GRAMCCR/10TW3, Sub, JLA, (94677)",1," $2,099.99 "," $1,154.99 ",,,,,,,,,,,
HHH,Car Audio Enclosures,JL SUB,,45763,1799.99,1799.99,STEALTHBOX,Device,1,MRN - JL SUB,010-03692-00,699440946766,"SB-GM-SLVD4/10TW3, Sub, JLA, (94676)",1," $1,799.99 ", $989.99 ,,,,,,,,,,,
HHH,Car Audio Enclosures,JL SUB,,45763,2399.99,2399.99,STEALTHBOX,Device,1,MRN - JL SUB,010-03686-00,699440946681,"SB-GM-SLVCC4/12TW3/BK, Sub, JLA, (94668)",1," $2,399.99 "," $1,319.99 ",,,,,,,,,,,
HHH,Car Audio Enclosures,JL SUB,,45763,1349.99,1349.99,STEALTHBOX,Device,1,MRN - JL SUB,010-03682-00,699440946599,"SB-F-F150SPRCB/10TW3/BK, Sub, JLA, (94659)",1," $1,349.99 ", $742.49 ,,,,,,,,,,,
HHH,Car Audio Enclosures,JL SUB,,45763,1199.99,1199.99,STEALTHBOX,Device,1,MRN - JL SUB,010-03681-00,699440946582,"SB-T-TACACG3/10TW3, Sub, JLA, (94658)",1," $1,199.99 ", $659.99 ,,,,,,,,,,,
HHH,Car Audio Enclosures,JL SUB,,45763,1999.99,1999.99,STEALTHBOX,Device,1,MRN - JL SUB,010-03676-00,699440946476,"SB-GM-SLVCC3/10TW3/BK2, Sub, JLA, (94647)",1," $1,999.99 "," $1,099.99 ",,,,,,,,,,,
HHH,Car Audio Enclosures,JL SUB,,45763,1199.99,1199.99,STEALTHBOX,Device,1,MRN - JL SUB,010-03674-00,699440946452,"SB-GM-3GSLVCNSL/10TW1, Sub, JLA, (94645)",1," $1,199.99 ", $659.99 ,,,,,,,,,,,
HHH,Car Audio Enclosures,JL SUB,,45763,1249.99,1249.99,STEALTHBOX,Device,1,MRN - JL SUB,010-03673-00,699440946445,"SB-GM-4GSUVCNSL/10TW1, Sub, JLA, (94644)",1," $1,249.99 ", $687.49 ,,,,,,,,,,,
HHH,Car Audio Enclosures,JL SUB,,45763,1649.99,1649.99,STEALTHBOX,Device,1,MRN - JL SUB,010-03667-00,699440946353,"SB-GM-COCREW2G/10TW3, Sub, JLA, (94635)",1," $1,649.99 ", $907.49 ,,,,,,,,,,,
HHH,Car Audio Enclosures,JL SUB,,45763,1549.99,1549.99,STEALTHBOX,Device,1,MRN - JL SUB,010-03665-00,699440946322,"SB-GM-CAM6G/12W6v3, Sub, JLA, (94632)",1," $1,549.99 ", $852.49 ,,,,,,,,,,,
HHH,Car Audio Enclosures,JL SUB,,45763,1999.99,1999.99,STEALTHBOX,Device,1,MRN - JL SUB,010-03661-00,699440946162,"SB-T-TCMAX/10TW3, Sub, JLA, (94616)",1," $1,999.99 "," $1,099.99 ",,,,,,,,,,,
HHH,Car Audio Enclosures,JL SUB,,45763,1799.99,1799.99,STEALTHBOX,Device,1,MRN - JL SUB,010-03660-00,699440946124,"SB-GM-SLVD/10TW1/BK, Sub, JLA, (94612)",1," $1,799.99 ", $989.99 ,,,,,,,,,,,
HHH,Car Audio Enclosures,JL SUB,,45763,1699.99,1699.99,STEALTHBOX,Device,1,MRN - JL SUB,010-03659-00,699440946100,"SB-D-QDRAMD/10TW1, Sub, JLA, (94610)",1," $1,699.99 ", $934.99 ,,,,,,,,,,,
HHH,Car Audio Enclosures,JL SUB,,45763,1149.99,1149.99,STEALTHBOX,Device,1,MRN - JL SUB,010-03658-00,699440946070,"SB-J-WRUP/10TW1-4, Sub, JLA, (94607)",1," $1,149.99 ", $632.49 ,,,,,,,,,,,
HHH,Car Audio Enclosures,JL SUB,,45763,1149.99,1149.99,STEALTHBOX,Device,1,MRN - JL SUB,010-03657-00,699440946063,"SB-J-WRUD/10TW1-4, Sub, JLA, (94606)",1," $1,149.99 ", $632.49 ,,,,,,,,,,,
HHH,Car Audio Enclosures,JL SUB,,45763,1249.99,1249.99,STEALTHBOX,Device,1,MRN - JL SUB,010-03656-00,699440946056,"SB-GM-C7CP1/10TW3, Sub, JLA, (94605)",1," $1,249.99 ", $687.49 ,,,,,,,,,,,
HHH,Car Audio Enclosures,JL SUB,,45763,1999.99,1999.99,STEALTHBOX,Device,1,MRN - JL SUB,010-03655-00,699440946049,"SB-GM-C7CP2/10TW3, Sub, JLA, (94604)",1," $1,999.99 "," $1,099.99 ",,,,,,,,,,,
HHH,Car Audio Enclosures,JL SUB,,45763,1799.99,1799.99,STEALTHBOX,Device,1,MRN - JL SUB,010-03653-00,699440945943,"SB-T-TUNDB3/10TW3/BK, Sub, JLA, (94594)",1," $1,799.99 ", $989.99 ,,,,,,,,,,,
HHH,Car Audio Enclosures,JL SUB,,45763,2099.99,2099.99,STEALTHBOX,Device,1,MRN - JL SUB,010-03650-00,699440945813,"SB-GM-SLVCC2/12TW3/BK, Sub, JLA, (94581)",1," $2,099.99 "," $1,154.99 ",,,,,,,,,,,
HHH,Car Audio Enclosures,JL SUB,,45763,1699.99,1699.99,STEALTHBOX,Device,1,MRN - JL SUB,010-03649-00,699440945745,"SB-GM-SLVCRW/10TW3, Sub, JLA, (94574)",1," $1,699.99 ", $934.99 ,,,,,,,,,,,
HHH,Car Audio Enclosures,JL SUB,,45763,1399.99,1399.99,STEALTHBOX,Device,1,MRN - JL SUB,010-03643-00,699440945134,"SB-J-JK2DR/10W1v3/DG, Sub, JLA, (94513)",1," $1,399.99 ", $769.99 ,,,,,,,,,,,
HHH,Car Audio Enclosures,JL SUB,,45763,1399.99,1399.99,STEALTHBOX,Device,1,MRN - JL SUB,010-03642-00,699440945127,"SB-J-JK2DR/10W1v3/BK, Sub, JLA, (94512)",1," $1,399.99 ", $769.99 ,,,,,,,,,,,
HHH,Car Audio Enclosures,JL SUB,,45763,1549.99,1549.99,STEALTHBOX,Device,1,MRN - JL SUB,010-03635-00,699440944625,"SB-F-150-SPRCRW/13TW5/BK, Sub, JLA, (94462)",1," $1,549.99 ", $852.49 ,,,,,,,,,,,
HHH,Car Audio Enclosures,JL SUB,,45763,1149.99,1149.99,STEALTHBOX,Device,1,MRN - JL SUB,010-03632-00,699440944533,"SB-D-CHLGR/12W3v3, Sub, JLA, (94453)",1," $1,149.99 ", $632.49 ,,,,,,,,,,,
HHH,Car Audio Enclosures,JL SUB,,45763,1499.99,1499.99,STEALTHBOX,Device,1,MRN - JL SUB,010-03629-00,699440944175,"SB-F-SUPRCC/13TW5/DG, Sub, JLA, (94417)",1," $1,499.99 ", $824.99 ,,,,,,,,,,,
HHH,Car Audio Enclosures,JL SUB,,45763,1499.99,1499.99,STEALTHBOX,Device,1,MRN - JL SUB,010-03628-00,699440944151,"SB-F-SUPRCC/13TW5/BK, Sub, JLA, (94415)",1," $1,499.99 ", $824.99 ,,,,,,,,,,,
HHH,Car Audio Enclosures,JL SUB,,45763,1499.99,1499.99,STEALTHBOX,Device,1,MRN - JL SUB,010-03627-00,699440944144,"SB-F-SUPRCC/13TW5/TN, Sub, JLA, (94414)",1," $1,499.99 ", $824.99 ,,,,,,,,,,,
HHH,Car Audio Enclosures,JL SUB,,45763,1449.99,1449.99,STEALTHBOX,Device,1,MRN - JL SUB,010-03626-00,699440944106,"SB-T-TUNDCMAX/13TW5, Sub, JLA, (94410)",1," $1,449.99 ", $797.49 ,,,,,,,,,,,
HHH,Car Audio Enclosures,JL SUB,,45763,1049.99,1049.99,STEALTHBOX,Device,1,MRN - JL SUB,010-03615-00,699440942782,"SB-GM-TAHOCNSL/10W1v3, Sub, JLA, (94278)",1," $1,049.99 ", $577.49 ,,,,,,,,,,,
HHH,Car Audio Enclosures,JL SUB,,45763,1149.99,1149.99,STEALTHBOX,Device,1,MRN - JL SUB,010-03610-00,699440941365,"SB-GM-VETC6/10W1v3, Sub, JLA, (94136)",1," $1,149.99 ", $632.49 ,,,,,,,,,,,
HHH,Car Audio Enclosures,JL SUB,,45763,1249.99,1249.99,STEALTHBOX,Device,1,MRN - JL SUB,010-03600-00,699440940498,"SB-D-QDRAM/10W3, Sub, JLA, (94049)",1," $1,249.99 ", $687.49 ,,,,,,,,,,,
HHH,Car Audio Enclosures,JL SUB,,45763,1249.99,1249.99,STEALTHBOX,Device,1,MRN - JL SUB,010-03382-00,699440947152,"SB-TE-YG1/10TW1, Sub, JLA, (94715)",1," $1,249.99 ", $687.49 ,,,,,,,,,,,
HHH,Car Audio Enclosures,JL SUB,,45763,1149.99,1149.99,STEALTHBOX,Device,1,MRN - JL SUB,010-03307-00,699440946841,"SB-F-RNGSCG4/10TW1, Sub, JLA, (94684)",1," $1,149.99 ", $632.49 ,,,,,,,,,,,
HHH,Car Audio Enclosures,JL SUB,,45763,2199.99,2199.99,STEALTHBOX,Device,1,MRN - JL SUB,010-03306-00,699440946698,"SB-D-5GRAMCCF-12TW3, Sub, JLA, (94669)",1," $2,199.99 "," $1,209.99 ",,,,,,,,,,,
HHH,Car Audio Enclosures,JL SUB,,45763,1349.99,1349.99,STEALTHBOX,Device,1,MRN - JL SUB,010-03305-00,699440946674,"SB-J-JL4DPAS/10TW1-4, Sub, JLA, (94667)",1," $1,349.99 ", $742.49 ,,,,,,,,,,,
HHH,Car Audio Enclosures,JL SUB,,45763,1349.99,1349.99,STEALTHBOX,Device,1,MRN - JL SUB,010-03304-00,699440946667,"SB-J-JL4DPAS/10TW1-2, Sub, JLA, (94666)",1," $1,349.99 ", $742.49 ,,,,,,,,,,,
HHH,Car Audio Enclosures,JL SUB,,45763,1349.99,1349.99,STEALTHBOX,Device,1,MRN - JL SUB,010-03303-00,699440946650,"SB-J-JL4DDRV/10TW1-4, Sub, JLA, (94665)",1," $1,349.99 ", $742.49 ,,,,,,,,,,,
HHH,Car Audio Enclosures,JL SUB,,45763,1349.99,1349.99,STEALTHBOX,Device,1,MRN - JL SUB,010-03302-00,699440946643,"SB-J-JL4DDRV/10TW1-2, Sub, JLA, (94664)",1," $1,349.99 ", $742.49 ,,,,,,,,,,,
HHH,Car Audio Enclosures,JL SUB,,45763,1999.99,1999.99,STEALTHBOX,Device,1,MRN - JL SUB,010-03301-00,699440946612,"SB-F-150-SCDBL/12TW3/BK, Sub, JLA, (94661)",1," $1,999.99 "," $1,099.99 ",,,,,,,,,,,
HHH,Car Audio Enclosures,JL SUB,,45763,1149.99,1149.99,STEALTHBOX,Device,1,MRN - JL SUB,010-03298-00,699440941105,"SB-F-SUPRCNSL/10W3v3, Sub, JLA, (94110)",1," $1,149.99 ", $632.49 ,,,,,,,,,,,
HHH,Car Audio Enclosures,JL SUB,,45763,1349.99,1349.99,STEALTHBOX,Device,1,MRN - JL SUB,010-03165-00,699440946179,"SB-F-MUSCPE/12TW3, Sub, JLA, (94617)",1," $1,349.99 ", $742.49 ,,,,,,,,,,,
HHH,Car Audio Enclosures,JL SUB,,45763,1049.99,1049.99,STEALTHBOX,Device,1,MRN - JL SUB,010-03101-00,699440945646,"SB-S-BRZFRS/10TW3, Sub, JLA, (94564)",1," $1,049.99 ", $577.49 ,,,,,,,,,,,
HHH,Car Audio Enclosures,JL SUB,,45763,1199.99,1199.99,STEALTHBOX,Device,1,MRN - JL SUB,010-03100-00,699440945080,"SB-J-GCHWK2/10W3v3/BK, Sub, JLA, (94508)",1," $1,199.99 ", $659.99 ,,,,,,,,,,,
HHH,Car Audio Enclosures,JL SUB,,40544,929.99,929.99,STOWAWAY ENCL,Device,1,MRN - JL SUB,010-03588-00,699440939683,"StowAway, 12” Sealed Subwoofer (4 Ohm)",1, $929.99 , $511.49 ,,,,,,,,,,,
HHH,Car Audio Enclosures,JL SUB,,40544,929.99,929.99,STOWAWAY ENCL,Device,1,MRN - JL SUB,010-03586-00,699440939669,"StowAway, 10” Sealed Subwoofer (4 Ohm)",1, $929.99 , $511.49 ,,,,,,,,,,,
HHH,Car Audio Enclosures,JL SUB,,40544,829.99,829.99,STOWAWAY ENCL,Device,1,MRN - JL SUB,010-03584-00,699440939645,"StowAway, 12” Sealed Subwoofer (2 Ohm)",1, $829.99 , $456.49 ,,,,,,,,,,,
HHH,Car Audio Enclosures,JL SUB,,40544,829.99,829.99,STOWAWAY ENCL,Device,1,MRN - JL SUB,010-03454-00,699440929981,"StowAway, 10” Sealed Subwoofer (2 Ohm)",1, $829.99 , $456.49 ,,,,,,,,,,,
HHHH,Car Audio Remotes,ACC - MOUNT - JL,,45763,299.99,299.99,MNT,Device,1,MRN - ACC - MOUNT - JL,010-13853-00,699440998413,"SBA-J-JKU-UAR, Mount, JLA, (99841)",1, $299.99 , $209.99 ,,,,,,,,,,,
HHHH,Car Audio Remotes,ACC - MOUNT - JL,,45763,139.99,139.99,MNT,Device,1,MRN - ACC - MOUNT - JL,010-13852-00,699440998406,"SBA-J-JK-FHB, Mount, JLA, (99840)",1, $139.99 , $97.99 ,,,,,,,,,,,
HHHH,Car Audio Remotes,ACC - MOUNT - JL,,45763,109.99,109.99,MNT,Device,1,MRN - ACC - MOUNT - JL,010-13850-00,699440998383,"SBA-J-JL-FHB, Mount, JLA, (99838)",1, $109.99 , $76.99 ,,,,,,,,,,,
HHHH,Car Audio Remotes,ACC - MOUNT - JL,,45763,249.99,,MNT,Device,1,MRN - ACC - MOUNT - JL,010-13547-00,699440998376,"SBA-J-JLU-UAR, Mount, JLA, (99837)",1, $249.99 , $174.99 ,,,,,,,,,,,
HHHH,Car Audio Remotes,JL REMOTE,,45763,149.99,,RMTE,Device,1,MRN - JL REMOTE,010-13543-00,699440984126,"VXi-BTC, Remote, JLA, (98412)",1, $149.99 , $104.99 ,,,,,,,,,,,
HHHH,Car Audio Remotes,JL REMOTE,,42324,89.99,89.99,RMTE,Device,1,MRN - JL REMOTE,010-13541-00,699440981255,"DRC-100, Remote, JLA, (98125)",10, $89.99 , $62.99 ,,,,,,,,,,,
HHHH,Car Audio Remotes,JL REMOTE,,42017,89.99,89.99,RMTE,Device,1,MRN - JL REMOTE,010-13539-00,699440981170,"CL-RLC Remote Level Ctrl., Remote, JLA, (98117)",16, $89.99 , $62.99 ,,,,,,,,,,,
HHHH,Car Audio Remotes,JL REMOTE,,41982,59.99,59.99,RMTE,Device,1,MRN - JL REMOTE,010-13438-00,699440981187,"HD-RLC Remote Level Ctrl., Remote, JLA, (98118)",56, $59.99 , $41.99 ,,,,,,,,,,,
HHHH,Car Audio Remotes,JL REMOTE,,43320,139.99,139.99,RMTE,Device,1,MRN - JL REMOTE,010-13427-00,699440981286,"DRC-205, Remote, JLA, (98128)",40, $139.99 , $97.99 ,,,,,,,,,,,
HHHH,Car Audio Remotes,JL REMOTE,,41666,59.99,59.99,RMTE,Device,1,MRN - JL REMOTE,010-13426-00,699440980159,"RBC-1 Rem Bass Ctrl F/500, Remote, JLA, (98015)",56, $59.99 , $41.99 ,,,,,,,,,,,
HHHHH,Car Audio Speaker/ Woofers,AUDIO,,45702,299.99,299.99,SPEAKER C6,Device,1,MRN - AUDIO,010-03845-00,699440990608,"C6-275cm, Speaker, JLA, (99060)",1, $299.99 , $120.00 ,,,,,,,,,,,
HHHHH,Car Audio Speaker/ Woofers,JL SPEAKER,,42880,84.99,84.99,SPEAKER C1,Device,1,MRN - JL SPEAKER,010-03354-00,699440990493,"C1-100ct, Speaker, JLA, (99049)",4, $84.99 , $34.00 ,,,,,,,,,,,
HHHHH,Car Audio Speaker/ Woofers,JL SPEAKER,,42880,74.99,74.99,SPEAKER C1,Device,1,MRN - JL SPEAKER,010-03353-00,699440990486,"C1-075ct, Speaker, JLA, (99048)",4, $74.99 , $30.00 ,,,,,,,,,,,
HHHHH,Car Audio Speaker/ Woofers,JL SPEAKER,,42868,229.99,229.99,SPEAKER C1,Device,1,MRN - JL SPEAKER,010-03352-00,699440990479,"C1-690tx, Speaker, JLA, (99047)",4, $229.99 , $92.00 ,,,,,,,,,,,
HHHHH,Car Audio Speaker/ Woofers,JL SPEAKER,,42847,179.99,179.99,SPEAKER C1,Device,1,MRN - JL SPEAKER,010-03351-00,699440990455,"C1-690x, Speaker, JLA, (99045)",4, $179.99 , $72.00 ,,,,,,,,,,,
HHHHH,Car Audio Speaker/ Woofers,JL SPEAKER,,42868,129.99,129.99,SPEAKER C1,Device,1,MRN - JL SPEAKER,010-03350-00,699440990448,"C1-570x, Speaker, JLA, (99044)",6, $129.99 , $52.00 ,,,,,,,,,,,
HHHHH,Car Audio Speaker/ Woofers,JL SPEAKER,,45318,249.99,249.99,SPEAKER C1,Device,1,MRN - JL SPEAKER,010-03192-00,699440990615,"C1-650SE, Speaker, JLA, (99061)",6, $249.99 , $100.00 ,,,,,,,,,,,
HHHHH,Car Audio Speaker/ Woofers,JL SPEAKER,,42847,129.99,129.99,SPEAKER C1,Device,1,MRN - JL SPEAKER,010-03187-00,699440990424,"C1-650x, Speaker, JLA, (99042)",6, $129.99 , $52.00 ,,,,,,,,,,,
HHHHH,Car Audio Speaker/ Woofers,JL SPEAKER,,42847,189.99,189.99,SPEAKER C1,Device,1,MRN - JL SPEAKER,010-03124-00,699440990462,"C1-690, Speaker, JLA, (99046)",4, $189.99 , $76.00 ,,,,,,,,,,,
HHHHH,Car Audio Speaker/ Woofers,JL SPEAKER,,42847,159.99,159.99,SPEAKER C1,Device,1,MRN - JL SPEAKER,010-03123-00,699440990431,"C1-650, Speaker, JLA, (99043)",6, $159.99 , $64.00 ,,,,,,,,,,,
HHHHH,Car Audio Speaker/ Woofers,JL SPEAKER,,42868,129.99,129.99,SPEAKER C1,Device,1,MRN - JL SPEAKER,010-03122-00,699440990417,"C1-525x, Speaker, JLA, (99041)",6, $129.99 , $52.00 ,,,,,,,,,,,
HHHHH,Car Audio Speaker/ Woofers,JL SPEAKER,,42868,94.99,94.99,SPEAKER C1,Device,1,MRN - JL SPEAKER,010-03121-00,699440990400,"C1-400x, Speaker, JLA, (99040)",6, $94.99 , $38.00 ,,,,,,,,,,,
HHHHH,Car Audio Speaker/ Woofers,JL SPEAKER,,42055,159.99,159.99,SPEAKER C2,Device,1,MRN - JL SPEAKER,010-03849-00,699440996273,"C2-650cw, Speaker, JLA, (99627)",1, $159.99 , $64.00 ,,,,,,,,,,,
HHHHH,Car Audio Speaker/ Woofers,JL SPEAKER,,45763,159.99,159.99,SPEAKER C2,Device,1,MRN - JL SPEAKER,010-03848-00,699440996266,"C2-600cw, Speaker, JLA, (99626)",1, $159.99 , $64.00 ,,,,,,,,,,,
HHHHH,Car Audio Speaker/ Woofers,JL SPEAKER,,45763,159.99,159.99,SPEAKER C2,Device,1,MRN - JL SPEAKER,010-03847-00,699440996259,"C2-525cw, Speaker, JLA, (99625)",1, $159.99 , $64.00 ,,,,,,,,,,,
HHHHH,Car Audio Speaker/ Woofers,JL SPEAKER,,42011,299.99,299.99,SPEAKER C2,Device,1,MRN - JL SPEAKER,010-03362-00,699440996198,"C2-690tx, Speaker, JLA, (99619)",2, $299.99 , $120.00 ,,,,,,,,,,,
HHHHH,Car Audio Speaker/ Woofers,JL SPEAKER,,42011,329.99,329.99,SPEAKER C2,Device,1,MRN - JL SPEAKER,010-03361-00,699440996174,"C2-650, Speaker, Pair, JLA, (99617)",2, $329.99 , $132.00 ,,,,,,,,,,,
HHHHH,Car Audio Speaker/ Woofers,JL SPEAKER,,42011,279.99,279.99,SPEAKER C2,Device,1,MRN - JL SPEAKER,010-03360-00,699440996167,"C2-600x, Speaker, JLA, (99616)",6, $279.99 , $112.00 ,,,,,,,,,,,
HHHHH,Car Audio Speaker/ Woofers,JL SPEAKER,,42011,329.99,329.99,SPEAKER C2,Device,1,MRN - JL SPEAKER,010-03359-00,699440996150,"C2-600, Speaker, JLA, (99615)",2, $329.99 , $132.00 ,,,,,,,,,,,
HHHHH,Car Audio Speaker/ Woofers,JL SPEAKER,,42011,279.99,279.99,SPEAKER C2,Device,1,MRN - JL SPEAKER,010-03358-00,699440996143,"C2-570x, Speaker, JLA, (99614)",6, $279.99 , $112.00 ,,,,,,,,,,,
HHHHH,Car Audio Speaker/ Woofers,JL SPEAKER,,42011,279.99,279.99,SPEAKER C2,Device,1,MRN - JL SPEAKER,010-03357-00,699440996136,"C2-525x, Speaker, JLA, (99613)",6, $279.99 , $112.00 ,,,,,,,,,,,
HHHHH,Car Audio Speaker/ Woofers,JL SPEAKER,,42011,159.99,159.99,SPEAKER C2,Device,1,MRN - JL SPEAKER,010-03356-00,699440996112,"C2-350x, Speaker, JLA, (99611)",6, $159.99 , $64.00 ,,,,,,,,,,,
HHHHH,Car Audio Speaker/ Woofers,JL SPEAKER,,42011,159.99,159.99,SPEAKER C2,Device,1,MRN - JL SPEAKER,010-03355-00,699440996105,"C2-075ct, Speaker, Pair, JLA, (99610)",4, $159.99 , $64.00 ,,,,,,,,,,,
HHHHH,Car Audio Speaker/ Woofers,JL SPEAKER,,42011,279.99,279.99,SPEAKER C2,Device,1,MRN - JL SPEAKER,010-03174-00,699440996181,"C2-650x, Speaker, JLA, (99618)",6, $279.99 , $112.00 ,,,,,,,,,,,
HHHHH,Car Audio Speaker/ Woofers,JL SPEAKER,,42011,189.99,189.99,SPEAKER C2,Device,1,MRN - JL SPEAKER,010-03173-00,699440996129,"C2-400x, Speaker, JLA, (99612)",6, $189.99 , $76.00 ,,,,,,,,,,,
HHHHH,Car Audio Speaker/ Woofers,JL SPEAKER,,42011,329.99,329.99,SPEAKER C2,Device,1,MRN - JL SPEAKER,010-03125-00,699440996204,"C2-525, Speaker, JLA, (99620)",2, $329.99 , $132.00 ,,,,,,,,,,,
HHHHH,Car Audio Speaker/ Woofers,JL SPEAKER,,42380,189.99,189.99,SPEAKER C3,Device,1,MRN - JL SPEAKER,010-03843-00,699440990332,"C3-600cw, Speaker, JLA, (99033)",1, $189.99 , $76.00 ,,,,,,,,,,,
HHHHH,Car Audio Speaker/ Woofers,JL SPEAKER,,42011,189.99,189.99,SPEAKER C3,Device,1,MRN - JL SPEAKER,010-03842-00,699440990271,"C3-650cw, Speaker, JLA, (99027)",1, $189.99 , $76.00 ,,,,,,,,,,,
HHHHH,Car Audio Speaker/ Woofers,JL SPEAKER,,42016,189.99,189.99,SPEAKER C3,Device,1,MRN - JL SPEAKER,010-03841-00,699440990264,"C3-570cw, Speaker, JLA, (99026)",1, $189.99 , $76.00 ,,,,,,,,,,,
HHHHH,Car Audio Speaker/ Woofers,JL SPEAKER,,42011,529.99,529.99,SPEAKER C3,Device,1,MRN - JL SPEAKER,010-03349-00,699440990349,"C3-600, Speaker, JLA, (99034)",1, $529.99 , $212.00 ,,,,,,,,,,,
HHHHH,Car Audio Speaker/ Woofers,JL SPEAKER,,42013,189.99,189.99,SPEAKER C3,Device,1,MRN - JL SPEAKER,010-03348-00,699440990257,"C3-525cw, Speaker, JLA, (99025)",1, $189.99 , $76.00 ,,,,,,,,,,,
HHHHH,Car Audio Speaker/ Woofers,JL SPEAKER,,42011,189.99,189.99,SPEAKER C3,Device,1,MRN - JL SPEAKER,010-03347-00,699440990233,"C3-100ct, Speaker, JLA, (99023)",4, $189.99 , $76.00 ,,,,,,,,,,,
HHHHH,Car Audio Speaker/ Woofers,JL SPEAKER,,42012,529.99,529.99,SPEAKER C3,Device,1,MRN - JL SPEAKER,010-03346-00,699440990219,"C3-570, Speaker, JLA, (99021)",1, $529.99 , $212.00 ,,,,,,,,,,,
HHHHH,Car Audio Speaker/ Woofers,JL SPEAKER,,42011,529.99,529.99,SPEAKER C3,Device,1,MRN - JL SPEAKER,010-03345-00,699440990202,"C3-525, Speaker, JLA, (99020)",1, $529.99 , $212.00 ,,,,,,,,,,,
HHHHH,Car Audio Speaker/ Woofers,JL SPEAKER,,42011,529.99,529.99,SPEAKER C3,Device,1,MRN - JL SPEAKER,010-03172-00,699440990226,"C3-650, Speaker, Pair, JLA, (99022)",1, $529.99 , $212.00 ,,,,,,,,,,,
HHHHH,Car Audio Speaker/ Woofers,JL SPEAKER,,45771,1699.99,1699.99,SPEAKER C6,Device,1,MRN - JL SPEAKER,010-03846-00,699440991346,"JL Audio C6 Speakers, 6.5"" 3-way Component System",1," $1,699.99 ", $680.00 ,,,,,,,,,,,
HHHHH,Car Audio Speaker/ Woofers,JL SUB,,42123,469.99,469.99,SUB TW1,Device,1,MRN - JL SUB,010-03215-00,699440921893,"12TW1-2, Sub, JLA, (92189)",4, $469.99 , $188.00 ,,,,,,,,,,,
HHHHH,Car Audio Speaker/ Woofers,JL SUB,,42109,419.99,419.99,SUB TW1,Device,1,MRN - JL SUB,010-03214-00,699440921886,"10TW1-2, Sub, JLA, (92188)",4, $419.99 , $168.00 ,,,,,,,,,,,
HHHHH,Car Audio Speaker/ Woofers,JL SUB,,42012,469.99,469.99,SUB TW1,Device,1,MRN - JL SUB,010-03213-00,699440921879,"12TW1-4, Sub, JLA, (92187)",4, $469.99 , $188.00 ,,,,,,,,,,,
HHHHH,Car Audio Speaker/ Woofers,JL SUB,,42011,419.99,419.99,SUB TW1,Device,1,MRN - JL SUB,010-03212-00,699440921862,"10TW1-4, Sub, JLA, (92186)",4, $419.99 , $168.00 ,,,,,,,,,,,
HHHHH,Car Audio Speaker/ Woofers,JL SUB,,42789,569.99,569.99,SUB TW3,Device,1,MRN - JL SUB,010-03217-00,699440921947,"12TW3-D8, Sub, JLA, (92194)",4, $569.99 , $228.00 ,,,,,,,,,,,
HHHHH,Car Audio Speaker/ Woofers,JL SUB,,42788,519.99,519.99,SUB TW3,Device,1,MRN - JL SUB,010-03216-00,699440921930,"10TW3-D8, Sub, JLA, (92193)",4, $519.99 , $208.00 ,,,,,,,,,,,
HHHHH,Car Audio Speaker/ Woofers,JL SUB,,42011,569.99,569.99,SUB TW3,Device,1,MRN - JL SUB,010-03044-00,699440921855,"12TW3-D4, Sub, JLA, (92185)",4, $569.99 , $228.00 ,,,,,,,,,,,
HHHHH,Car Audio Speaker/ Woofers,JL SUB,,42011,519.99,519.99,SUB TW3,Device,1,MRN - JL SUB,010-03043-00,699440921848,"10TW3-D4, Sub, JLA, (92184)",4, $519.99 , $208.00 ,,,,,,,,,,,
HHHHH,Car Audio Speaker/ Woofers,JL SUB,,42027,929.99,929.99,SUB TW5,Device,1,MRN - JL SUB,010-03161-00,699440921831,"13TW5v2-4, Sub, JLA, (92183)",2, $929.99 , $372.00 ,,,,,,,,,,,
HHHHH,Car Audio Speaker/ Woofers,JL SUB,,42011,929.99,929.99,SUB TW5,Device,1,MRN - JL SUB,010-03042-00,699440921824,"13TW5v2-2, Sub, JLA, (92182)",1, $929.99 , $372.00 ,,,,,,,,,,,
HHHHH,Car Audio Speaker/ Woofers,JL SUB,,41876,159.99,159.99,SUB W0V3,Device,1,MRN - JL SUB,010-03040-00,699440921664,"12W0v3-4, Sub, JLA, (92166)",1, $159.99 , $64.00 ,,,,,,,,,,,
HHHHH,Car Audio Speaker/ Woofers,JL SUB,,42011,139.99,139.99,SUB W0V3,Device,1,MRN - JL SUB,010-03039-00,699440921657,"10W0v3-4, Sub, JLA, (92165)",4, $139.99 , $56.00 ,,,,,,,,,,,
HHHHH,Car Audio Speaker/ Woofers,JL SUB,,42027,279.99,279.99,SUB W1V3,Device,1,MRN - JL SUB,010-03207-00,699440920834,"12W1v3-4, Sub, JLA, (92083)",4, $279.99 , $112.00 ,,,,,,,,,,,
HHHHH,Car Audio Speaker/ Woofers,JL SUB,,42013,279.99,279.99,SUB W1V3,Device,1,MRN - JL SUB,010-03206-00,699440920827,"12W1v3-2, Sub, JLA, (92082)",1, $279.99 , $112.00 ,,,,,,,,,,,
HHHHH,Car Audio Speaker/ Woofers,JL SUB,,42011,249.99,249.99,SUB W1V3,Device,1,MRN - JL SUB,010-03205-00,699440920810,"10W1v3-4, Sub, JLA, (92081)",4, $249.99 , $100.00 ,,,,,,,,,,,
HHHHH,Car Audio Speaker/ Woofers,JL SUB,,41988,249.99,249.99,SUB W1V3,Device,1,MRN - JL SUB,010-03204-00,699440920803,"10W1v3-2, Sub, JLA, (92080)",1, $249.99 , $100.00 ,,,,,,,,,,,
HHHHH,Car Audio Speaker/ Woofers,JL SUB,,42011,199.99,,SUB W1V3,Device,1,MRN - JL SUB,010-03203-00,699440920797,"8W1v3-4, Sub, JLA, (92079)",4, $199.99 , $80.00 ,,,,,,,,,,,
HHHHH,Car Audio Speaker/ Woofers,JL SUB,,42011,519.99,519.99,SUB W3V3,Device,1,MRN - JL SUB,010-03211-00,699440921572,"13W3v3-4, Sub, JLA, (92157)",1, $519.99 , $208.00 ,,,,,,,,,,,
HHHHH,Car Audio Speaker/ Woofers,JL SUB,,42017,519.99,519.99,SUB W3V3,Device,1,MRN - JL SUB,010-03210-00,699440921565,"13W3v3-2, Sub, JLA, (92156)",2, $519.99 , $208.00 ,,,,,,,,,,,
HHHHH,Car Audio Speaker/ Woofers,JL SUB,,42011,469.99,469.99,SUB W3V3,Device,1,MRN - JL SUB,010-03160-00,699440921534,"12W3v3-2, Sub, JLA, (92153)",1, $469.99 , $188.00 ,,,,,,,,,,,
HHHHH,Car Audio Speaker/ Woofers,JL SUB,,42011,419.99,419.99,SUB W3V3,Device,1,MRN - JL SUB,010-03159-00,699440921510,"10W3v3-4, Sub, JLA, (92151)",4, $419.99 , $168.00 ,,,,,,,,,,,
HHHHH,Car Audio Speaker/ Woofers,JL SUB,,42011,469.99,469.99,SUB W3V3,Device,1,MRN - JL SUB,010-03038-00,699440921541,"12W3v3-4, Sub, JLA, (92154)",1, $469.99 , $188.00 ,,,,,,,,,,,
HHHHH,Car Audio Speaker/ Woofers,JL SUB,,42011,419.99,419.99,SUB W3V3,Device,1,MRN - JL SUB,010-03037-00,699440921503,"10W3v3-2, Sub, JLA, (92150)",4, $419.99 , $168.00 ,,,,,,,,,,,
HHHHH,Car Audio Speaker/ Woofers,JL SUB,,42011,349.99,,SUB W3V3,Device,1,MRN - JL SUB,010-03036-00,699440921480,"8W3v3-4, Sub, JLA, (92148)",4, $349.99 , $140.00 ,,,,,,,,,,,
HHHHH,Car Audio Speaker/ Woofers,JL SUB,,42011,319.99,319.99,SUB W3V3,Device,1,MRN - JL SUB,010-03035-00,699440921459,"6W3v3-4, Sub, JLA, (92145)",4, $319.99 , $128.00 ,,,,,,,,,,,
HHHHHH,Car Audio Speaker/ Woofers Premium,JL SPEAKER,,45366,1049.99,1049.99,SPEAKER C6,Device,1,MRN - JL SPEAKER,010-03391-00,699440991339,"C6-650 Component System, Speaker, JLA, (99133)",2," $1,049.99 ", $525.00 ,,,,,,,,,,,
HHHHHH,Car Audio Speaker/ Woofers Premium,JL SPEAKER,,45378,159.99,159.99,SPEAKER C6,Device,1,MRN - JL SPEAKER,010-03390-00,699440990509,"C6-100ct Tweeter, Speaker, JLA, (99050)",1, $159.99 , $80.00 ,,,,,,,,,,,
HHHHHH,Car Audio Speaker/ Woofers Premium,JL SPEAKER,,45366,329.99,329.99,SPEAKER C6,Device,1,MRN - JL SPEAKER,010-03389-00,699440990592,"C6-650cw Woofer, Speaker, JLA, (99059)",2, $329.99 , $165.00 ,,,,,,,,,,,
HHHHHH,Car Audio Speaker/ Woofers Premium,JL SPEAKER,,43111,299.99,,SPEAKER C7,Device,1,MRN - JL SPEAKER,010-03128-00,699440997591,"C7-100ct, Speaker, JLA, (99759)",1, $299.99 , $150.00 ,,,,,,,,,,,
HHHHHH,Car Audio Speaker/ Woofers Premium,JL SPEAKER,,43095,649.99,649.99,SPEAKER C7,Device,1,MRN - JL SPEAKER,010-03127-00,699440997584,"C7-350cm, Speaker, JLA, (99758)",1, $649.99 , $325.00 ,,,,,,,,,,,
HHHHHH,Car Audio Speaker/ Woofers Premium,JL SPEAKER,,43087,749.99,749.99,SPEAKER C7,Device,1,MRN - JL SPEAKER,010-03126-00,699440997577,"C7-650cw, Speaker, JLA, (99757)",2, $749.99 , $375.00 ,,,,,,,,,,,
HHHHHH,Car Audio Speaker/ Woofers Premium,JL SPEAKER,,45362,229.99,229.99,SPEAKER CF,Device,1,MRN - JL SPEAKER,010-03409-00,699440990585,"CF-350mt, Speaker, JLA, (99058)",6, $229.99 , $115.00 ,,,,,,,,,,,
HHHHHH,Car Audio Speaker/ Woofers Premium,JL SPEAKER,,45362,169.99,169.99,SPEAKER CF,Device,1,MRN - JL SPEAKER,010-03408-00,699440990578,"CF-275mt, Speaker, JLA, (99057)",6, $169.99 , $85.00 ,,,,,,,,,,,
HHHHHH,Car Audio Speaker/ Woofers Premium,JL SUB,,42027,849.99,849.99,SUB W6V3,Device,1,MRN - JL SUB,010-03209-00,699440921404,"10W6v3-D4, Sub, JLA, (92140)",1, $849.99 , $425.00 ,,,,,,,,,,,
HHHHHH,Car Audio Speaker/ Woofers Premium,JL SUB,,42011,949.99,949.99,SUB W6V3,Device,1,MRN - JL SUB,010-03034-00,699440921411,"12W6v3-D4, Sub, JLA, (92141)",1, $949.99 , $475.00 ,,,,,,,,,,,
HHHHHH,Car Audio Speaker/ Woofers Premium,JL SUB,,42027,1199.99,1199.99,SUB W7AE,Device,1,MRN - JL SUB,010-03208-00,699440921145,"10W7AE-3, Sub, JLA, (92114)",1," $1,199.99 ", $600.00 ,,,,,,,,,,,
HHHHHH,Car Audio Speaker/ Woofers Premium,JL SUB,,42011,899.99,899.99,SUB W7AE,Device,1,MRN - JL SUB,010-03033-00,699440921176,"8W7AE-3, Sub, JLA, (92117)",1, $899.99 , $450.00 ,,,,,,,,,,,
HHHHHH,Car Audio Speaker/ Woofers Premium,JL SUB,,42011,1899.99,1899.99,SUB W7AE,Device,1,MRN - JL SUB,010-03032-00,699440921169,"13W7AE-D1.5, Sub, JLA, (92116)",1," $1,899.99 ", $950.00 ,,,,,,,,,,,
HHHHHH,Car Audio Speaker/ Woofers Premium,JL SUB,,42011,1449.99,1449.99,SUB W7AE,Device,1,MRN - JL SUB,010-03031-00,699440921152,"12W7AE-3, Sub, JLA, (92115)",1," $1,449.99 ", $725.00 ,,,,,,,,,,,
JJJJJJ,Powersports Speaker/ Woofers,AUDIO,,,1499.99,1499.99,SLAMPAK,Device,1,MRN - AUDIO,010-03998-00,699440946742,SPLK-YA-19FXC-Sub,1," $1,499.99 ", $750.00 ,,,,,,,,,,,
JJJJJJ,Powersports Speaker/ Woofers,JL SPEAKER,,45635,4599.99,4599.99,SLAMPAK,Device,1,MRN - JL SPEAKER,010-03751-00,699440947374,"SLPK-POL-RZR19RC/M3, Speaker Kit, JLA (94737)",1," $4,599.99 "," $2,300.00 ",,,,,,,,,,,
JJJJJJ,Powersports Speaker/ Woofers,JL SPEAKER,,45635,4599.99,4599.99,SLAMPAK,Device,1,MRN - JL SPEAKER,010-03749-00,699440947350,"SLPK-POL-RZR19/M3, Speaker Kit, JLA, (94735)",1," $4,599.99 "," $2,300.00 ",,,,,,,,,,,
JJJJJJ,Powersports Speaker/ Woofers,JL SUB,,45804,1199.99,1199.99,STEALTHBOX,Device,1,MRN - JL SUB,010-04136-00,699440947961,"POL-RZR-19RSUB/10TW3, JLA, (94796)",1," $1,199.99 ", $600.00 ,,,,,,,,,,,
JJJJJJ,Powersports Speaker/ Woofers,JL SUB,,45763,1149.99,1149.99,STEALTHBOX,Device,1,MRN - JL SUB,010-03695-00,699440946797,"SB-POL-RZG2SPKR/M3-650i, Sub, JLA, (94679)",1," $1,149.99 ", $575.00 ,,,,,,,,,,,
JJJJJJ,Powersports Speaker/ Woofers,JL SUB,,45763,1799.99,1799.99,STEALTHBOX,Device,1,MRN - JL SUB,010-03691-00,699440946759,"SB-POL-RZG3/10TW3, Sub, JLA, (94675)",1," $1,799.99 ", $900.00 ,,,,,,,,,,,
JJJJJJ,Powersports Speaker/ Woofers,JL SUB,,45763,1399.99,1399.99,STEALTHBOX,Device,1,MRN - JL SUB,010-03690-00,699440946735,"SB-CAN-G2MVX3P/10TW3, Sub, JLA, (94673)",1," $1,399.99 ", $700.00 ,,,,,,,,,,,
JJJJJJ,Powersports Speaker/ Woofers,JL SUB,,45763,1399.99,1399.99,STEALTHBOX,Device,1,MRN - JL SUB,010-03689-00,699440946728,"SB-CAN-G2MVX3D/10TW3, Sub, JLA, (94672)",1," $1,399.99 ", $700.00 ,,,,,,,,,,,
JJJJJJ,Powersports Speaker/ Woofers,JL SUB,,45763,1149.99,1149.99,STEALTHBOX,Device,1,MRN - JL SUB,010-03671-00,699440946407,"SB-POL-SLINGSUBP/10W3v3-2, Sub, JLA, (94640)",1," $1,149.99 ", $575.00 ,,,,,,,,,,,
JJJJJJ,Powersports Speaker/ Woofers,JL SUB,,45763,1149.99,1149.99,STEALTHBOX,Device,1,MRN - JL SUB,010-03670-00,699440946391,"SB-POL-SLINGSUBP/10W3v3-4, Sub, JLA, (94639)",1," $1,149.99 ", $575.00 ,,,,,,,,,,,
JJJJJJ,Powersports Speaker/ Woofers,JL SUB,,45763,1149.99,1149.99,STEALTHBOX,Device,1,MRN - JL SUB,010-03669-00,699440946384,"SB-POL-SLINGSUBD/10W3v3-2, Sub, JLA, (94638)",1," $1,149.99 ", $575.00 ,,,,,,,,,,,
JJJJJJ,Powersports Speaker/ Woofers,JL SUB,,45763,1149.99,1149.99,STEALTHBOX,Device,1,MRN - JL SUB,010-03668-00,699440946377,"SB-POL-SLINGSUBD/10W3v3-4, Sub, JLA, (94637)",1," $1,149.99 ", $575.00 ,,,,,,,,,,,
JJJJJJ,Powersports Speaker/ Woofers,JL SUB,,45763,1299.99,1299.99,STEALTHBOX,Device,1,MRN - JL SUB,010-03664-00,699440946308,"SB-H-PIO1K-10TW3, Sub, JLA, (94630)",1," $1,299.99 ", $650.00 ,,,,,,,,,,,
JJJJJJJ,Powersports Speaker/ Woofers Premium,JL SPEAKER,,45635,5199.99,5199.99,SLAMPAK,Device,1,MRN - JL SPEAKER,010-03752-00,699440947381,"SLPK-POL-RZR19RC/M6, Speaker Kit, JLA,(94738)",1," $5,199.99 "," $2,600.00 ",,,,,,,,,,,
JJJJJJJ,Powersports Speaker/ Woofers Premium,JL SPEAKER,,45635,5199.99,5199.99,SLAMPAK,Device,1,MRN - JL SPEAKER,010-03750-00,699440947367,"SLPK-POL-RZR19/M6, Speaker Kit, JLA, (94736)",1," $5,199.99 "," $2,600.00 ",,,,,,,,,,,
K,Premium Marine Audio Head Units,FUSION STEREO,,44957,549.99,549.99,FUSION,Device,1,MRN - FUSION STEREO,010-02346-50,753759300159,"MS-WB675, Apollo Marine Hideaway Stereo",5, $549.99 , $384.99 ,,,,,,,,,,,
K,Premium Marine Audio Head Units,JL HEAD UNIT,,45763,649.99,,MM 105,Device,1,MRN - JL HEAD UNIT,010-03133-00,699440999335,"O-MM105-HR, Head Unit, JLA, (99933)",1, $649.99 , $454.99 ,,,,,,,,,,,
K,Premium Marine Audio Head Units,JL HEAD UNIT,,40544,729.99,729.99,MM 105,Device,1,MRN - JL HEAD UNIT,010-03132-00,699440999304,MM105 Weatherproof Source Unit with Full-Color LCD,2, $729.99 , $510.99 ,,,,,,,,,,,
K,Premium Marine Audio Head Units,JL SIGNAL PROCESSOR,,40544,529.99,529.99,MMA 1 HTML,Device,1,MRN - JL SIGNAL PROCESSOR,010-03135-00,699440999564,JL Audio MFD Data Interface for MediaMaster Source Unit,1, $529.99 , $370.99 ,,,,,,,,,,,
KK,Premium Marine Audio Amplifiers,JL AMP,,40544,1699.99,1699.99,AMP MHD,Device,1,MRN - JL AMP,010-03321-00,699440982290,"JL Audio MHD Marine Amplifier, 5 Channel Full-Range Marine System Amplifier (900 watts for 24 volt Systems)",1," $1,699.99 ", $934.99 ,,,,,,,,,,,
KK,Premium Marine Audio Amplifiers,JL AMP,,40544,1299.99,1299.99,AMP MHD,Device,1,MRN - JL AMP,010-03320-00,699440982252,"JL Audio MHD Marine Amplifier, Monoblock Wide-Range Marine Amplifier (750 watts)",2," $1,299.99 ", $714.99 ,,,,,,,,,,,
KK,Premium Marine Audio Amplifiers,JL AMP,,40544,1399.99,1399.99,AMP MHD,Device,1,MRN - JL AMP,010-03319-00,699440982245,"JL Audio MHD Marine Amplifier, 4 Channel Full-Range Marine Amplifier (600 watts)",1," $1,399.99 ", $769.99 ,,,,,,,,,,,
KK,Premium Marine Audio Amplifiers,JL AMP,,40544,1499.99,1499.99,AMP MHD,Device,1,MRN - JL AMP,010-03104-00,699440982276,"JL Audio MHD Marine Amplifier, 4 Channel Full-Range Marine Amplifier (600 watts for 24 volt Systems)",2," $1,499.99 ", $824.99 ,,,,,,,,,,,
KK,Premium Marine Audio Amplifiers,JL AMP,,40544,1649.99,1649.99,AMP MHD,Device,1,MRN - JL AMP,010-03103-00,699440982269,"JL Audio MHD Marine Amplifier, 5 Channel Full-Range Marine System Amplifier (900 watts)",2," $1,649.99 ", $907.49 ,,,,,,,,,,,
KK,Premium Marine Audio Amplifiers,JL AMP,,40544,1549.99,1549.99,AMP MV,Device,1,MRN - JL AMP,010-03341-00,699440986519,"JL Audio MVi Marine Amplifier, 5 Channel Marine System Amplifier with Integrated DSP (1000 watts)",1," $1,549.99 ", $852.49 ,,,,,,,,,,,
KK,Premium Marine Audio Amplifiers,JL AMP,,40544,1299.99,1299.99,AMP MV,Device,1,MRN - JL AMP,010-03340-00,699440986502,"JL Audio MVi Marine Amplifier, 5 Channel Marine System Amplifier with Integrated DSP (700 watts)",2," $1,299.99 ", $714.99 ,,,,,,,,,,,
KK,Premium Marine Audio Amplifiers,JL AMP,,40544,1649.99,1649.99,AMP MV,Device,1,MRN - JL AMP,010-03339-00,699440986496,"JL Audio MVi Marine Amplifier, 8 Channel Full-range Marine Amplifier with Integrated DSP (800 watts)",2," $1,649.99 ", $907.49 ,,,,,,,,,,,
KK,Premium Marine Audio Amplifiers,JL AMP,,40544,1449.99,1449.99,AMP MV,Device,1,MRN - JL AMP,010-03338-00,699440986489,"JL Audio MVi Marine Amplifier, 6 Channel Full-range Marine Amplifier with Integrated DSP (600 watts)",2," $1,449.99 ", $797.49 ,,,,,,,,,,,
KK,Premium Marine Audio Amplifiers,JL AMP,,40544,1099.99,1099.99,AMP MV,Device,1,MRN - JL AMP,010-03337-00,699440986472,"JL Audio MVi Marine Amplifier, 4 Channel Full-range Marine Amplifier with Integrated DSP (400 watts)",2," $1,099.99 ", $604.99 ,,,,,,,,,,,
KK,Premium Marine Audio Amplifiers,JL AMP,,40544,1099.99,1099.99,AMP MV,Device,1,MRN - JL AMP,010-03336-00,699440986465,"JL Audio MVi Marine Amplifier, 2 Channel Full-range Marine Amplifier with Integrated DSP (600 watts)",2," $1,099.99 ", $604.99 ,,,,,,,,,,,
KK,Premium Marine Audio Amplifiers,JL AMP,,40544,1249.99,1249.99,AMP MV,Device,1,MRN - JL AMP,010-03335-00,699440986458,"JL Audio MVi Marine Amplifier, Monoblock Marine Subwoofer Amplifier (1000 watts)",2," $1,249.99 ", $687.49 ,,,,,,,,,,,
KK,Premium Marine Audio Amplifiers,JL AMP,,40544,899.99,899.99,AMP MV,Device,1,MRN - JL AMP,010-03334-00,699440986441,"JL Audio MVi Marine Amplifier, Monoblock Marine Subwoofer Amplifier (600 watts)",1, $899.99 , $494.99 ,,,,,,,,,,,
KK,Premium Marine Audio Amplifiers,JL AMP,,40544,579.99,579.99,AMP MX,Device,1,MRN - JL AMP,010-03326-00,699440984096,"JL Audio MX Marine Amplifier, 3 Channel System Amplifier (600 watts)",2, $579.99 , $318.99 ,,,,,,,,,,,
KK,Premium Marine Audio Amplifiers,JL AMP,,40544,529.99,529.99,AMP MX,Device,1,MRN - JL AMP,010-03325-00,699440984072,"JL Audio MX Marine Amplifier, Monoblock Wide-Range Amplifier (500 watts)",2, $529.99 , $291.49 ,,,,,,,,,,,
KK,Premium Marine Audio Amplifiers,JL AMP,,40544,379.99,379.99,AMP MX,Device,1,MRN - JL AMP,010-03324-00,699440984065,"JL Audio MX Marine Amplifier, Monoblock Wide-Range Amplifier (300 watts)",4, $379.99 , $208.99 ,,,,,,,,,,,
KK,Premium Marine Audio Amplifiers,JL AMP,,40544,529.99,529.99,AMP MX,Device,1,MRN - JL AMP,010-03106-00,699440984089,"JL Audio MX Marine Amplifier, 4 Channel Full-Range Amplifier (500 watts)",2, $529.99 , $291.49 ,,,,,,,,,,,
KK,Premium Marine Audio Amplifiers,JL AMP,,40544,379.99,379.99,AMP MX,Device,1,MRN - JL AMP,010-03105-00,699440984058,"JL Audio MX Marine Amplifier, 4 Channel Full-Range Amplifier (280 watts)",4, $379.99 , $208.99 ,,,,,,,,,,,
KK,Premium Marine Audio Amplifiers,JL AMP,,40544,1149.99,1149.99,AMP XDM,Device,1,MRN - JL AMP,010-03344-00,699440986892,"JL Audio XDM Marine Amplifier, 8 Channel Full-Range Car and Marine Amplifier for 24V Systems (800 watts)",2," $1,149.99 ", $632.49 ,,,,,,,,,,,
KK,Premium Marine Audio Amplifiers,JL AMP,,40544,679.99,679.99,AMP XDM,Device,1,MRN - JL AMP,010-03343-00,699440986823,"JL Audio XDM Marine Amplifier, 3 Channel Car and Marine System Amplifier (500 watts)",2, $679.99 , $373.99 ,,,,,,,,,,,
KKK,Premium Marine Audio Remotes,FUSION STEREO,,44197,279.99,279.99,FUSION,Device,1,MRN - FUSION STEREO,010-02244-00,753759225919,"MS-ERX400, Apollo Series Wired Remote",8, $279.99 , $195.99 ,,,,,,,,,,,
KKK,Premium Marine Audio Remotes,JL REMOTE,,40544,179.99,179.99,MMR 20,Device,1,MRN - JL REMOTE,010-03131-00,699440999212,JL Audio Wired Remote Controller for MediaMaster Source Unit,4, $179.99 , $125.99 ,,,,,,,,,,,
KKK,Premium Marine Audio Remotes,JL REMOTE,,40544,299.989,,MMR 40,Device,1,MRN - JL REMOTE,010-03129-00,699440999106,JL Audio Wired Remote Controller for MediaMaster Source,4, $299.99 , $209.99 ,,,,,,,,,,,
KKK,Premium Marine Audio Remotes,JL REMOTE,,40544,179.99,179.99,MMR 5N2K,Device,1,MRN - JL REMOTE,010-03134-00,699440999489,JL Audio Volume Controller for MediaMaster Source Unit with NMEA 2000 Network Connectivity,1, $179.99 , $125.99 ,,,,,,,,,,,
KKKK,Premium Marine Audio Speaker/ Woofers,JL SPEAKER,,40544,439.99,439.99,SPEAKER M3,Device,1,MRN - JL SPEAKER,010-03069-00,699440935234,"JL Audio M3 Marine Speakers, 7.7” with LED and White Sport Grille",2, $439.99 , $241.99 ,,,,,,,,,,,
KKKK,Premium Marine Audio Speaker/ Woofers,JL SPEAKER,,40544,389.99,389.99,SPEAKER M3,Device,1,MRN - JL SPEAKER,010-03068-00,699440935227,"JL Audio M3 Marine Speakers, 7.7” with White Sport Grille",2, $389.99 , $214.49 ,,,,,,,,,,,
KKKK,Premium Marine Audio Speaker/ Woofers,JL SPEAKER,,40544,469.99,469.99,SPEAKER M3,Device,1,MRN - JL SPEAKER,010-03067-00,699440935210,"JL Audio M3 Marine Speakers, 7.7” with LED and Gray Sport Grille",2, $469.99 , $258.49 ,,,,,,,,,,,
KKKK,Premium Marine Audio Speaker/ Woofers,JL SPEAKER,,40544,419.99,419.99,SPEAKER M3,Device,1,MRN - JL SPEAKER,010-03066-00,699440935203,"JL Audio M3 Marine Speakers, 7.7” with Gray Sport Grille",2, $419.99 , $230.99 ,,,,,,,,,,,
KKKK,Premium Marine Audio Speaker/ Woofers,JL SPEAKER,,40544,369.99,369.99,SPEAKER M3,Device,1,MRN - JL SPEAKER,010-03065-00,699440935197,"JL Audio M3 Marine Speakers, 7.7” with White Classic Grille",2, $369.99 , $203.49 ,,,,,,,,,,,
KKKK,Premium Marine Audio Speaker/ Woofers,JL SPEAKER,,40544,309.99,309.99,SPEAKER M3,Device,1,MRN - JL SPEAKER,010-03064-00,699440935159,"JL Audio M3 Marine Speakers, 6.5” with LED and White Sport Grille",2, $309.99 , $170.49 ,,,,,,,,,,,
KKKK,Premium Marine Audio Speaker/ Woofers,JL SPEAKER,,40544,259.99,259.99,SPEAKER M3,Device,1,MRN - JL SPEAKER,010-03063-00,699440935142,"JL Audio M3 Marine Speakers, 6.5” with White Sport Grille",2, $259.99 , $142.99 ,,,,,,,,,,,
KKKK,Premium Marine Audio Speaker/ Woofers,JL SPEAKER,,40544,339.99,339.99,SPEAKER M3,Device,1,MRN - JL SPEAKER,010-03062-00,699440935135,"JL Audio M3 Marine Speakers, 6.5” with LED and Gray Sport Grille",2, $339.99 , $186.99 ,,,,,,,,,,,
KKKK,Premium Marine Audio Speaker/ Woofers,JL SPEAKER,,40544,289.99,289.99,SPEAKER M3,Device,1,MRN - JL SPEAKER,010-03061-00,699440935128,"JL Audio M3 Marine Speakers, 6.5” with Gray Sport Grille",2, $289.99 , $159.49 ,,,,,,,,,,,
KKKK,Premium Marine Audio Speaker/ Woofers,JL SPEAKER,,40544,239.99,239.99,SPEAKER M3,Device,1,MRN - JL SPEAKER,010-03060-00,699440935111,"JL Audio M3 Marine Speakers, 6.5” with White Classic Grille",2, $239.99 , $131.99 ,,,,,,,,,,,
KKKK,Premium Marine Audio Speaker/ Woofers,JL SPEAKER,,40544,899.99,899.99,SPEAKER M3 ENCL,Device,1,MRN - JL SPEAKER,010-03270-00,699440935395,"JL Audio M3 Enclosed Tower Speakers, 7.7” with LED and White Sport Grille",1, $899.99 , $494.99 ,,,,,,,,,,,
KKKK,Premium Marine Audio Speaker/ Woofers,JL SPEAKER,,40544,849.99,849.99,SPEAKER M3 ENCL,Device,1,MRN - JL SPEAKER,010-03269-00,699440935388,"JL Audio M3 Enclosed Tower Speakers, 7.7” with White Sport Grille",1, $849.99 , $467.49 ,,,,,,,,,,,
KKKK,Premium Marine Audio Speaker/ Woofers,JL SPEAKER,,40544,929.99,929.99,SPEAKER M3 ENCL,Device,1,MRN - JL SPEAKER,010-03268-00,699440935371,"JL Audio M3 Enclosed Tower Speakers, 7.7” with LED and Gray Sport Grille",1, $929.99 , $511.49 ,,,,,,,,,,,
KKKK,Premium Marine Audio Speaker/ Woofers,JL SPEAKER,,40544,879.99,879.99,SPEAKER M3 ENCL,Device,1,MRN - JL SPEAKER,010-03267-00,699440935364,"JL Audio M3 Enclosed Tower Speakers, 7.7” with Gray Sport Grille",1, $879.99 , $483.99 ,,,,,,,,,,,
KKKK,Premium Marine Audio Speaker/ Woofers,JL SPEAKER,,40544,849.99,849.99,SPEAKER M3 ENCL,Device,1,MRN - JL SPEAKER,010-03266-00,699440935357,"JL Audio M3 Enclosed Tower Speakers, 7.7” with White Classic Grille",1, $849.99 , $467.49 ,,,,,,,,,,,
KKKK,Premium Marine Audio Speaker/ Woofers,JL SPEAKER,,40544,649.99,649.99,SPEAKER M3 ENCL,Device,1,MRN - JL SPEAKER,010-03259-00,699440934039,"JL Audio M3 VeX Series Enclosed System, 6.5” with LED and Gray Sport Grille",1, $649.99 , $357.49 ,,,,,,,,,,,
KKKK,Premium Marine Audio Speaker/ Woofers,JL SPEAKER,,40544,629.99,629.99,SPEAKER M3 ENCL,Device,1,MRN - JL SPEAKER,010-03258-00,699440934022,"JL Audio M3 VeX Series Enclosed System, 6.5” with LED and White Sport Grille",1, $629.99 , $346.49 ,,,,,,,,,,,
KKKK,Premium Marine Audio Speaker/ Woofers,JL SPEAKER,,40544,579.99,579.99,SPEAKER M3 ENCL,Device,1,MRN - JL SPEAKER,010-03257-00,699440934015,"JL Audio M3 VeX Series Enclosed System, 6.5” with Gray Sport Grille",1, $579.99 , $318.99 ,,,,,,,,,,,
KKKK,Premium Marine Audio Speaker/ Woofers,JL SPEAKER,,40544,579.99,579.99,SPEAKER M3 ENCL,Device,1,MRN - JL SPEAKER,010-03256-00,699440934008,"JL Audio M3 VeX Series Enclosed System, 6.5” with White Sport Grille",1, $579.99 , $318.99 ,,,,,,,,,,,
KKKK,Premium Marine Audio Speaker/ Woofers,JL SUB,,40544,379.99,379.99,SUB M3,Device,1,MRN - JL SUB,010-03265-00,699440935319,"JL Audio M3 Marine Subwoofer, 10” with LED and White Sport Grille",2, $379.99 , $208.99 ,,,,,,,,,,,
KKKK,Premium Marine Audio Speaker/ Woofers,JL SUB,,40544,329.99,329.99,SUB M3,Device,1,MRN - JL SUB,010-03072-00,699440935302,"JL Audio M3 Marine Subwoofer, 10” with White Sport Grille",2, $329.99 , $181.49 ,,,,,,,,,,,
KKKK,Premium Marine Audio Speaker/ Woofers,JL SUB,,40544,359.99,359.99,SUB M3,Device,1,MRN - JL SUB,010-03071-00,699440935289,"JL Audio M3 Marine Subwoofer, 10” with Gray Sport Grille",2, $359.99 , $197.99 ,,,,,,,,,,,
KKKK,Premium Marine Audio Speaker/ Woofers,JL SUB,,40544,329.99,329.99,SUB M3,Device,1,MRN - JL SUB,010-03070-00,699440935272,"JL Audio M3 Marine Subwoofer, 10” with White Classic Grille",2, $329.99 , $181.49 ,,,,,,,,,,,
KKKKK,Premium Marine Audio Speaker/ Woofers Premium,AUDIO,,,829.99,829.99,SPEAKER M6 ENCL,Device,1,MRN - AUDIO,010-03260-00,699440934107,"JL Audio VeX Enclosed System, M6 6.5"" with White Sport Grille (M6-650VEX-Gw-S-GwGw)",1, $829.99 , $415.00 ,,,,,,,,,,,
KKKKK,Premium Marine Audio Speaker/ Woofers Premium,AUDIO,,,399.99,399.99,SUB M6,Device,1,MRN - AUDIO,010-03233-00,699440929905,M6-10IBC,1, $399.99 , $200.00 ,,,,,,,,,,,
KKKKK,Premium Marine Audio Speaker/ Woofers Premium,AUDIO,,,299.99,299.99,SUB M6,Device,1,MRN - AUDIO,010-03232-00,699440929868,M6-8IBC,1, $299.99 , $150.00 ,,,,,,,,,,,
KKKKK,Premium Marine Audio Speaker/ Woofers Premium,AUDIO,,,429.99,429.99,SUB M6,Device,1,MRN - AUDIO,010-03082-00,699440936200,"JL Audio M6 Marine Subwoofer, 8"" with LED and Titanium Sport Grille",1, $429.99 , $215.00 ,,,,,,,,,,,
KKKKK,Premium Marine Audio Speaker/ Woofers Premium,AUDIO,,,399.99,399.99,SUB M6,Device,1,MRN - AUDIO,010-03081-00,699440936187,"JL Audio M6 Marine Subwoofer, 8"" LED and White Sport Grille",1, $399.99 , $200.00 ,,,,,,,,,,,
KKKKK,Premium Marine Audio Speaker/ Woofers Premium,AUDIO,,,349.99,349.99,SUB M6,Device,1,MRN - AUDIO,010-03080-00,699440936156,"JL Audio M6 Marine Subwoofer, 8"" with White Classic Grille",1, $349.99 , $175.00 ,,,,,,,,,,,
KKKKK,Premium Marine Audio Speaker/ Woofers Premium,JL SPEAKER,,40544,229.99,229.99,SPEAKER M6,Device,1,MRN - JL SPEAKER,010-03501-00,699440936941,"JL Audio M6 Marine Component Tweeter, 1” with Gray Mounting Cups and Titanium Trim Ring",4, $229.99 , $115.00 ,,,,,,,,,,,
KKKKK,Premium Marine Audio Speaker/ Woofers Premium,JL SPEAKER,,40544,249.99,249.99,SPEAKER M6,Device,1,MRN - JL SPEAKER,010-03500-00,699440936934,"JL Audio M6 Marine Component Tweeter, 1” with White Mounting Cups and Gray Trim Ring",4, $249.99 , $125.00 ,,,,,,,,,,,
KKKKK,Premium Marine Audio Speaker/ Woofers Premium,JL SPEAKER,,40544,229.99,229.99,SPEAKER M6,Device,1,MRN - JL SPEAKER,010-03379-00,699440936927,"JL Audio M6 Marine Component Tweeter, 1” with White Mounting Cups and White Trim Ring",4, $229.99 , $115.00 ,,,,,,,,,,,
KKKKK,Premium Marine Audio Speaker/ Woofers Premium,JL SPEAKER,,40544,899.99,899.99,SPEAKER M6,Device,1,MRN - JL SPEAKER,010-03099-00,699440938273,"JL Audio M6 Marine Speakers, 8.8” with LED and Titanium Sport Grille",2, $899.99 , $450.00 ,,,,,,,,,,,
KKKKK,Premium Marine Audio Speaker/ Woofers Premium,JL SPEAKER,,40544,879.99,879.99,SPEAKER M6,Device,1,MRN - JL SPEAKER,010-03095-00,699440937313,"JL Audio M6 Marine Speakers, 8.8” with LED and White Sport Grille",2, $879.99 , $440.00 ,,,,,,,,,,,
KKKKK,Premium Marine Audio Speaker/ Woofers Premium,JL SPEAKER,,40544,679.99,679.99,SPEAKER M6,Device,1,MRN - JL SPEAKER,010-03093-00,699440937269,"JL Audio M6 Marine Speakers, 6.5” with LED and White Sport Grille",2, $679.99 , $340.00 ,,,,,,,,,,,
KKKKK,Premium Marine Audio Speaker/ Woofers Premium,JL SPEAKER,,40544,699.99,699.99,SPEAKER M6,Device,1,MRN - JL SPEAKER,010-03092-00,699440937153,"JL Audio M6 Marine Speakers, 6.5” with LED and Titanium Sport Grille",2, $699.99 , $350.00 ,,,,,,,,,,,
KKKKK,Premium Marine Audio Speaker/ Woofers Premium,JL SPEAKER,,40544,649.99,649.99,SPEAKER M6,Device,1,MRN - JL SPEAKER,010-03091-00,699440937146,"JL Audio M6 Marine Speakers, 6.5” with Titanium Sport Grille",2, $649.99 , $325.00 ,,,,,,,,,,,
KKKKK,Premium Marine Audio Speaker/ Woofers Premium,JL SPEAKER,,40544,629.99,629.99,SPEAKER M6,Device,1,MRN - JL SPEAKER,010-03090-00,699440937139,"JL Audio M6 Marine Speakers, 6.5” with White Sport Grille",2, $629.99 , $315.00 ,,,,,,,,,,,
KKKKK,Premium Marine Audio Speaker/ Woofers Premium,JL SPEAKER,,40544,849.99,849.99,SPEAKER M6,Device,1,MRN - JL SPEAKER,010-03079-00,699440936101,"JL Audio M6 Marine Speakers, 8.8” with Titanium Sport Grille",2, $849.99 , $425.00 ,,,,,,,,,,,
KKKKK,Premium Marine Audio Speaker/ Woofers Premium,JL SPEAKER,,40544,829.99,829.99,SPEAKER M6,Device,1,MRN - JL SPEAKER,010-03078-00,699440936095,"JL Audio M6 Marine Speakers, 8.8” with White Sport Grille",2, $829.99 , $415.00 ,,,,,,,,,,,
KKKKK,Premium Marine Audio Speaker/ Woofers Premium,JL SPEAKER,,40544,799.99,799.99,SPEAKER M6,Device,1,MRN - JL SPEAKER,010-03076-00,699440936040,"JL Audio M6 Marine Speakers, 7.7” with LED and Titanium Sport Grille",2, $799.99 , $400.00 ,,,,,,,,,,,
KKKKK,Premium Marine Audio Speaker/ Woofers Premium,JL SPEAKER,,40544,749.99,749.99,SPEAKER M6,Device,1,MRN - JL SPEAKER,010-03075-00,699440936033,"JL Audio M6 Marine Speakers, 7.7” with Titanium Sport Grille",2, $749.99 , $375.00 ,,,,,,,,,,,
KKKKK,Premium Marine Audio Speaker/ Woofers Premium,JL SPEAKER,,40544,779.99,779.99,SPEAKER M6,Device,1,MRN - JL SPEAKER,010-03074-00,699440936026,"JL Audio M6 Marine Speakers, 7.7” with LED and White Sport Grille",2, $779.99 , $390.00 ,,,,,,,,,,,
KKKKK,Premium Marine Audio Speaker/ Woofers Premium,JL SPEAKER,,40544,729.99,729.99,SPEAKER M6,Device,1,MRN - JL SPEAKER,010-03073-00,699440936019,"JL Audio M6 Marine Speakers, 7.7” with White Sport Grille",2, $729.99 , $365.00 ,,,,,,,,,,,
KKKKK,Premium Marine Audio Speaker/ Woofers Premium,JL SPEAKER,,40544,1599.99,1599.99,SPEAKER M6 ENCL,Device,1,MRN - JL SPEAKER,010-03284-00,699440936668,"JL Audio M6 Enclosed Tower Speakers, 8.8” with Titanium Sport Grille",1," $1,599.99 ", $800.00 ,,,,,,,,,,,
KKKKK,Premium Marine Audio Speaker/ Woofers Premium,JL SPEAKER,,40544,1599.99,1599.99,SPEAKER M6 ENCL,Device,1,MRN - JL SPEAKER,010-03283-00,699440936651,"JL Audio M6 Enclosed Tower Speakers, 8.8” with LED and White Sport Grille",1," $1,599.99 ", $800.00 ,,,,,,,,,,,
KKKKK,Premium Marine Audio Speaker/ Woofers Premium,JL SPEAKER,,40544,1549.99,1549.99,SPEAKER M6 ENCL,Device,1,MRN - JL SPEAKER,010-03282-00,699440936644,"JL Audio M6 Enclosed Tower Speakers, 8.8” with White Sport Grille",1," $1,549.99 ", $775.00 ,,,,,,,,,,,
KKKKK,Premium Marine Audio Speaker/ Woofers Premium,JL SPEAKER,,40544,1649.99,1649.99,SPEAKER M6 ENCL,Device,1,MRN - JL SPEAKER,010-03281-00,699440936637,"JL Audio M6 Enclosed Tower Speakers, 8.8” with LED and Titanium Sport Grille",1," $1,649.99 ", $825.00 ,,,,,,,,,,,
KKKKK,Premium Marine Audio Speaker/ Woofers Premium,JL SPEAKER,,40544,1549.99,1549.99,SPEAKER M6 ENCL,Device,1,MRN - JL SPEAKER,010-03280-00,699440936613,"JL Audio M6 Enclosed Tower Speakers, 8.8” with White Classic Grille and Black Tweeter Mesh",1," $1,549.99 ", $775.00 ,,,,,,,,,,,
KKKKK,Premium Marine Audio Speaker/ Woofers Premium,JL SPEAKER,,40544,1099.99,1099.99,SPEAKER M6 ENCL,Device,1,MRN - JL SPEAKER,010-03279-00,699440936569,"JL Audio M6 Enclosed Tower Speakers, 7.7” with Titanium Sport Grille",1," $1,099.99 ", $550.00 ,,,,,,,,,,,
KKKKK,Premium Marine Audio Speaker/ Woofers Premium,JL SPEAKER,,40544,1149.99,1149.99,SPEAKER M6 ENCL,Device,1,MRN - JL SPEAKER,010-03278-00,699440936552,"JL Audio M6 Enclosed Tower Speakers, 7.7” with LED and White Sport Grille",1," $1,149.99 ", $575.00 ,,,,,,,,,,,
KKKKK,Premium Marine Audio Speaker/ Woofers Premium,JL SPEAKER,,40544,1099.99,1099.99,SPEAKER M6 ENCL,Device,1,MRN - JL SPEAKER,010-03277-00,699440936545,"JL Audio M6 Enclosed Tower Speakers, 7.7” with White Sport Grille",1," $1,099.99 ", $550.00 ,,,,,,,,,,,
KKKKK,Premium Marine Audio Speaker/ Woofers Premium,JL SPEAKER,,40544,1099.99,1099.99,SPEAKER M6 ENCL,Device,1,MRN - JL SPEAKER,010-03276-00,699440936514,"JL Audio M6 Enclosed Tower Speakers, 7.7” with White Classic Grille and Black Tweeter Mesh",1," $1,099.99 ", $550.00 ,,,,,,,,,,,
KKKKK,Premium Marine Audio Speaker/ Woofers Premium,JL SPEAKER,,40544,849.99,849.99,SPEAKER M6 ENCL,Device,1,MRN - JL SPEAKER,010-03263-00,699440934138,"JL Audio M6 VeX Series Enclosed System, 6.5” with Titanium Sport Grille",1, $849.99 , $425.00 ,,,,,,,,,,,
KKKKK,Premium Marine Audio Speaker/ Woofers Premium,JL SPEAKER,,40544,879.99,879.99,SPEAKER M6 ENCL,Device,1,MRN - JL SPEAKER,010-03262-00,699440934121,"JL Audio M6 VeX Series Enclosed System, 6.5” with LED and White Sport Grille",1, $879.99 , $440.00 ,,,,,,,,,,,
KKKKK,Premium Marine Audio Speaker/ Woofers Premium,JL SPEAKER,,40544,899.99,899.99,SPEAKER M6 ENCL,Device,1,MRN - JL SPEAKER,010-03261-00,699440934107,"JL Audio M6 VeX Series Enclosed System, 6.5” with White Sport Grille",1, $899.99 , $450.00 ,,,,,,,,,,,
KKKKK,Premium Marine Audio Speaker/ Woofers Premium,JL SPEAKER,,40544,1149.99,1149.99,SPEAKER M6 ENCL,Device,1,MRN - JL SPEAKER,010-03088-00,699440936538,"JL Audio M6 Enclosed Tower Speakers, 7.7” with LED and Titanium Sport Grille",1," $1,149.99 ", $575.00 ,,,,,,,,,,,
KKKKK,Premium Marine Audio Speaker/ Woofers Premium,JL SUB,,40544,379.99,379.99,SUB M6,Device,1,MRN - JL SUB,010-03275-00,699440936187,"JL Audio M6 Marine Subwoofer, 8” LED and White Sport Grille",2, $379.99 , $190.00 ,,,,,,,,,,,
KKKKK,Premium Marine Audio Speaker/ Woofers Premium,JL SUB,,40544,349.99,349.99,SUB M6,Device,1,MRN - JL SUB,010-03274-00,699440936156,"JL Audio M6 Marine Subwoofer, 8” with White Classic Grille",2, $349.99 , $175.00 ,,,,,,,,,,,
KKKKK,Premium Marine Audio Speaker/ Woofers Premium,JL SUB,,40544,549.99,549.99,SUB M6,Device,1,MRN - JL SUB,010-03087-00,699440936385,"JL Audio M6 Marine Subwoofer, 10” with LED and Titanium Sport Grille and Infinite Baffle",1, $549.99 , $275.00 ,,,,,,,,,,,
KKKKK,Premium Marine Audio Speaker/ Woofers Premium,JL SUB,,40544,499.99,499.99,SUB M6,Device,1,MRN - JL SUB,010-03086-00,699440936378,"JL Audio M6 Marine Subwoofer, 10” with Titanium Sport Grille and Infinite Baffle",1, $499.99 , $250.00 ,,,,,,,,,,,
KKKKK,Premium Marine Audio Speaker/ Woofers Premium,JL SUB,,40544,529.99,529.99,SUB M6,Device,1,MRN - JL SUB,010-03085-00,699440936361,"JL Audio M6 Marine Subwoofer, 10” with LED and White Sport Grille and Infinite Baffle",1, $529.99 , $265.00 ,,,,,,,,,,,
KKKKK,Premium Marine Audio Speaker/ Woofers Premium,JL SUB,,40544,479.99,479.99,SUB M6,Device,1,MRN - JL SUB,010-03084-00,699440936200,"JL Audio M6 Marine Subwoofer, 8” with LED and Titanium Sport Grille",2, $479.99 , $240.00 ,,,,,,,,,,,
KKKKK,Premium Marine Audio Speaker/ Woofers Premium,JL SUB,,40544,479.99,479.99,SUB M6,Device,1,MRN - JL SUB,010-03083-00,699440936330,"JL Audio M6 Marine Subwoofer, 10” with White Classic Grille and Infinite Baffle",1, $479.99 , $240.00 ,,,,,,,,,,,
KKKKK,Premium Marine Audio Speaker/ Woofers Premium,JL SUB,,40544,1149.99,1149.99,SUB M7,Device,1,MRN - JL SUB,010-03289-00,699440936743,"JL Audio M7 Marine Subwoofer, 12” with LED and Titanium Sport Grille",1," $1,149.99 ", $575.00 ,,,,,,,,,,,
KKKKK,Premium Marine Audio Speaker/ Woofers Premium,JL SUB,,40544,1049.99,1049.99,SUB M7,Device,1,MRN - JL SUB,010-03288-00,699440936736,"JL Audio M7 Marine Subwoofer, 12” with Titanium Sport Grille",1," $1,049.99 ", $525.00 ,,,,,,,,,,,
KKKKK,Premium Marine Audio Speaker/ Woofers Premium,JL SUB,,40544,1149.99,1149.99,SUB M7,Device,1,MRN - JL SUB,010-03287-00,699440936729,"JL Audio M7 Marine Subwoofer, 12” with LED and White Sport Grille",1," $1,149.99 ", $575.00 ,,,,,,,,,,,
KKKKK,Premium Marine Audio Speaker/ Woofers Premium,JL SUB,,40544,1049.99,1049.99,SUB M7,Device,1,MRN - JL SUB,010-03286-00,699440936712,"JL Audio M7 Marine Subwoofer, 12” with White Sport Grille",1," $1,049.99 ", $525.00 ,,,,,,,,,,,
KKKKK,Premium Marine Audio Speaker/ Woofers Premium,JL SUB,,40544,1049.99,1049.99,SUB M7,Device,1,MRN - JL SUB,010-03285-00,699440936699,"JL Audio M7 Marine Subwoofer, 12” with White Classic Grille",1," $1,049.99 ", $525.00 ,,,,,,,,,,,
L,Marine Audio Head Units,AUDIO,,,679.99,679.99,MM 105,Device,1,MRN - AUDIO,010-03854-00,699440999793,MM105-HR,1, $679.99 , $475.99 ,,,,,,,,,,,
L,Marine Audio Head Units,AUDIO,,43798,399.99,399.99,RA 210,Device,1,MRN - AUDIO,010-02250-10,753759240370,"Fusion MS-RA210 Marine Stereo, OEM",1, $399.99 , $279.99 ,,,,,,,,,,,
L,Marine Audio Head Units,AUDIO,,44330,249.99,249.99,RA 60,Device,1,MRN - AUDIO,010-02405-10,753759250317,"Fusion MS-RA60 Marine Stereo, OEM",1, $249.99 , $174.99 ,,,,,,,,,,,
L,Marine Audio Head Units,AUDIO,,43592,549.99,549.99,RA 670,Device,1,MRN - AUDIO,010-02138-01,753759221768,"Fusion Apollo MS-RA670 Marine Stereo with DSP, OEM",1, $549.99 , $384.99 ,,,,,,,,,,,
L,Marine Audio Head Units,AUDIO,,43419,319.99,319.99,RA 70N,Device,1,MRN - AUDIO,010-01516-44,753759225018,"Fusion MS-RA70NSX Marine Stereo with NMEA 2000® and SiriusXM-Ready®, OEM",1, $319.99 , $223.99 ,,,,,,,,,,,
L,Marine Audio Head Units,AUDIO,,43202,799.99,799.99,RA 770,Device,1,MRN - AUDIO,010-01905-10,753759198268,"Fusion Apollo RA770, Marine Stereo, OEM",1, $799.99 , $559.99 ,,,,,,,,,,,
L,Marine Audio Head Units,AUDIO,,45827,999.99,999.99,RA 800,Device,1,MRN - AUDIO,010-02937-00,753759330361,Fusion Apollo MS-RA800 Marine Stereo,4, $999.99 , $699.99 ,,,,,,,,,,,
L,Marine Audio Head Units,AUDIO,,43245,399.99,399.99,SRX 400,Device,1,MRN - AUDIO,010-01984-00,753759198282,"Fusion Apollo™ SRX400, Marine Stereo, OEM",1, $399.99 , $279.99 ,,,,,,,,,,,
L,Marine Audio Head Units,AUDIO,,40544,1149.99,1149.99,STEALTHBOX,Device,1,MRN - AUDIO,010-03994-00,699440946315,"SB-POL-RZG2GR/10TW3, Sub, JLA, (94631)",1," $1,149.99 ", $804.99 ,,,,,,,,,,,
L,Marine Audio Head Units,AUDIO,,44938,549.99,549.99,WB 675,Device,1,MRN - AUDIO,010-02346-51,753759300166,"Fusion Apollo MS-WB675 Marine Hideaway Stereo, OEM",1, $549.99 , $384.99 ,,,,,,,,,,,
L,Marine Audio Head Units,FUSION STEREO,,44197,399.99,399.99,FUSION,Device,1,MRN - FUSION STEREO,010-02250-00,753759240363,"MS-RA210, Marine Entertainment System",4, $399.99 , $279.99 ,,,,,,,,,,,
L,Marine Audio Head Units,FUSION STEREO,,43466,549.99,549.99,FUSION,Device,1,MRN - FUSION STEREO,010-02138-00,753759221751,"MS-RA670,  Marine Stereo, Retail",4, $549.99 , $384.99 ,,,,,,,,,,,
L,Marine Audio Head Units,FUSION STEREO,,43466,399.99,399.99,FUSION,Device,1,MRN - FUSION STEREO,010-02005-20,753759224998,"PS-A302BOD,PanelStereo,AM/FM/BT/USB/AUX/LO,Bk,Out,Rtl",6, $399.99 , $279.99 ,,,,,,,,,,,
L,Marine Audio Head Units,FUSION STEREO,,43466,399.99,399.99,FUSION,Device,1,MRN - FUSION STEREO,010-02005-00,753759197957,"PS-A302B,Panel-Stereo,AM/FM/BT/USB/AUX/LineOut,Bk,Rtl",6, $399.99 , $279.99 ,,,,,,,,,,,
L,Marine Audio Head Units,FUSION STEREO,,43466,399.99,399.99,FUSION,Device,1,MRN - FUSION STEREO,010-01983-00,753759198275,"SRX400,  Marine Stereo, Retail",8, $399.99 , $279.99 ,,,,,,,,,,,
L,Marine Audio Head Units,FUSION STEREO,,43466,799.99,799.99,FUSION,Device,1,MRN - FUSION STEREO,010-01905-00,753759198251,"MS-RA770,  Marine Stereo, Retail",4, $799.99 , $559.99 ,,,,,,,,,,,
L,Marine Audio Head Units,FUSION STEREO,,43466,349.99,349.99,FUSION,Device,1,MRN - FUSION STEREO,010-01517-01,753759149864,"MS-BB100, Media Black Box w/controller,  redesign, WW",5, $349.99 , $244.99 ,,,,,,,,,,,
L,Marine Audio Head Units,FUSION STEREO,,43466,349.99,349.99,FUSION,Device,1,MRN - FUSION STEREO,010-01516-30,753759216269,"MS-RA70NSX, NMEA,  NA, SiriusXM",5, $349.99 , $244.99 ,,,,,,,,,,,
L,Marine Audio Head Units,FUSION STEREO,,43466,319.99,,FUSION,Device,1,MRN - FUSION STEREO,010-01516-11,753759149840,"MS-RA70N, Redesign, WW",5, $319.99 , $223.99 ,,,,,,,,,,,
L,Marine Audio Head Units,FUSION STEREO,,43466,299.99,299.99,FUSION,Device,1,MRN - FUSION STEREO,010-01516-01,753759149826,"MS-RA70,  Redesign, WW",5, $299.99 , $209.99 ,,,,,,,,,,,
L,Marine Audio Head Units,JL HEAD UNIT,,45062,179.99,,CMM 10,Device,1,MRN - JL HEAD UNIT,010-03442-00,699440927161,"CMM-10, Head Unit, JLA-CM, (92716)",1, $179.99 , $125.99 ,,,,,,,,,,,
L,Marine Audio Head Units,JL HEAD UNIT,,45043,179.99,,CMM 10,Device,1,MRN - JL HEAD UNIT,010-03219-00,699440927185,"CMM-10GR, Head Unit, JLA-CM, (92718)",1, $179.99 , $125.99 ,,,,,,,,,,,
L,Marine Audio Head Units,JL HEAD UNIT,,44391,199.99,,CMM 20,Device,1,MRN - JL HEAD UNIT,010-03223-00,729218928035,"CMM-20, Head Unit, JLA, (92803)",4, $199.99 , $139.99 ,,,,,,,,,,,
L,Marine Audio Head Units,JL HEAD UNIT,,44734,399.99,,CMM 30,Device,1,MRN - JL HEAD UNIT,010-03225-00,729218928059,"CMM-30BB, Head Unit, JLA, (92805)",4, $399.99 , $279.99 ,,,,,,,,,,,
L,Marine Audio Head Units,JL HEAD UNIT,,44768,429.99,,CMM 30,Device,1,MRN - JL HEAD UNIT,010-03224-00,729218928042,"CMM-30, Head Unit, JLA, (92804)",4, $429.99 , $300.99 ,,,,,,,,,,,
L,Marine Audio Head Units,JL HEAD UNIT,,43468,249.99,,M 508,Device,1,MRN - JL HEAD UNIT,010-03195-00,729218022436,"M508, Head Unit, JLA, (92701)",6, $249.99 , $174.99 ,,,,,,,,,,,
L,Marine Audio Head Units,JL HEAD UNIT,,40544,379.99,379.99,MM 55,Device,1,MRN - JL HEAD UNIT,010-03372-00,699440999779,JL Audio MediaMaster 55 MM55-HR Hidden Marine Stereo,4, $379.99 , $265.99 ,,,,,,,,,,,
L,Marine Audio Head Units,JL HEAD UNIT,,40544,429.99,429.99,MM 55,Device,1,MRN - JL HEAD UNIT,010-03365-00,699440999755,JL Audio MediaMaster 55 MM55 Weatherproof Stereo with Full-Color LCD Display,4, $429.99 , $300.99 ,,,,,,,,,,,
LL,Marine Audio Amplifiers,AUDIO,,,1099.99,1099.99,AMP APOLLO,Device,1,MRN - AUDIO,010-02284-85,753759329631,Fusion Apollo 8 Chanel Marine Amplifier,1," $1,099.99 ", $604.99 ,,,,,,,,,,,
LL,Marine Audio Amplifiers,AUDIO,,,899.99,899.99,AMP APOLLO,Device,1,MRN - AUDIO,010-02284-65,753759329624,Fusion Apollo 6 Chanel Marine Amplifier,1, $899.99 , $494.99 ,,,,,,,,,,,
LL,Marine Audio Amplifiers,AUDIO,,,749,749,AMP APOLLO,Device,1,MRN - AUDIO,010-02284-15,753759329600,Fusion Apollo 1 Chanel Marine Amplifier,1, $749.00 , $411.95 ,,,,,,,,,,,
LL,Marine Audio Amplifiers,FUSION AMP,,43466,349.99,349.99,FUSION,Device,1,MRN - FUSION AMP,010-01500-00,753759139254,"MS-AM504,  4 Channel Marine Amplifier",4, $349.99 , $192.49 ,,,,,,,,,,,
LL,Marine Audio Amplifiers,FUSION AMP,,43466,229.99,229.99,FUSION,Device,1,MRN - FUSION AMP,010-01499-00,753759139247,"MS-AM402,  2 Channel Marine Amplifier",5, $229.99 , $126.49 ,,,,,,,,,,,
LL,Marine Audio Amplifiers,JL AMP,,40544,529.99,529.99,AMP XDM,Device,1,MRN - JL AMP,010-03839-00,699440986809,"JL Audio XDM Marine Amplifier, Monoblock Car and Marine Subwoofer Amplifier (300 watts)",2, $529.99 , $291.49 ,,,,,,,,,,,
LL,Marine Audio Amplifiers,JL AMP,,40544,849.99,849.99,AMP XDM,Device,1,MRN - JL AMP,010-03120-00,699440986885,"JL Audio XDM Marine Amplifier, 6 Channel Full-Range Car and Marine Amplifier for 24V Systems (600 watts)",2, $849.99 , $467.49 ,,,,,,,,,,,
LL,Marine Audio Amplifiers,JL AMP,,40544,1099.99,1099.99,AMP XDM,Device,1,MRN - JL AMP,010-03119-00,699440986861,"JL Audio XDM Marine Amplifier, 8 Channel Full-Range Car and Marine Amplifier (800 watts)",2," $1,099.99 ", $604.99 ,,,,,,,,,,,
LL,Marine Audio Amplifiers,JL AMP,,40544,929.99,929.99,AMP XDM,Device,1,MRN - JL AMP,010-03118-00,699440986854,"JL Audio XDM Marine Amplifier, 5 Channel Car and Marine System Amplifier (700 watts)",2, $929.99 , $511.49 ,,,,,,,,,,,
LL,Marine Audio Amplifiers,JL AMP,,40544,829.99,829.99,AMP XDM,Device,1,MRN - JL AMP,010-03117-00,699440986847,"JL Audio XDM Marine Amplifier, 6 Channel Full-Range Car and Marine Amplifier (600 watts)",2, $829.99 , $456.49 ,,,,,,,,,,,
LL,Marine Audio Amplifiers,JL AMP,,40544,629.99,629.99,AMP XDM,Device,1,MRN - JL AMP,010-03116-00,699440986830,"JL Audio XDM Marine Amplifier, Monoblock Car and Marine Subwoofer Amplifier (600 watts)",2, $629.99 , $346.49 ,,,,,,,,,,,
LL,Marine Audio Amplifiers,JL AMP,,40544,679.99,679.99,AMP XDM,Device,1,MRN - JL AMP,010-03115-00,699440986816,"JL Audio XDM Marine Amplifier, 4 Channel Full-Range Car and Marine Amplifier (400 watts)",2, $679.99 , $373.99 ,,,,,,,,,,,
LL,Marine Audio Amplifiers,JL AMP,,40544,529.99,529.99,AMP XDM,Device,1,MRN - JL AMP,010-03114-00,699440986793,"JL Audio XDM Marine Amplifier, 2 Channel Full-Range Car and Marine Amplifier (200 watts)",2, $529.99 , $291.49 ,,,,,,,,,,,
LL,Marine Audio Amplifiers,JL AMP,,40544,1049.99,1049.99,AMP XDM,Device,1,MRN - JL AMP,010-03113-00,699440986786,"JL Audio XDM Marine Amplifier, 5 Channel Car and Marine System Amplifier (1000 watts)",2," $1,049.99 ", $577.49 ,,,,,,,,,,,
LL,Marine Audio Amplifiers,JL AMP,,40544,829.99,829.99,AMP XDM,Device,1,MRN - JL AMP,010-03112-00,699440986779,"JL Audio XDM Marine Amplifier, Monoblock Car and Marine Subwoofer Amplifier (1000 watts)",2, $829.99 , $456.49 ,,,,,,,,,,,
LL,Marine Audio Amplifiers,JL HEAD UNIT,,40544,749,749,MM 105,Device,1,MRN - JL HEAD UNIT,010-02284-45,699440999793,JL Audio MediaMaster 105 MM105-HR Hidden Marine Source Unit,2, $749.00 , $411.95 ,,,,,,,,,,,
LLL,Marine Audio Remotes,ACC - REMOTE - FUSION,,45629,69.99,69.99,FUSION,Device,1,MRN - ACC - REMOTE - FUSION,010-02167-21,753759347598,"MS-ARX70W, Fusion ARX Stereo Remote Control, White",42, $69.99 , $48.99 ,,,,,,,,,,,
LLL,Marine Audio Remotes,ACC - REMOTE - FUSION,,45629,69.99,69.99,FUSION,Device,1,MRN - ACC - REMOTE - FUSION,010-02167-20,753759347581,"MS-ARX70B, Fusion ARX Stereo Remote Control, Black",42, $69.99 , $48.99 ,,,,,,,,,,,
LLL,Marine Audio Remotes,ACC - REMOTE - FUSION,,45336,229.99,229.99,FUSION,Device,1,MRN - ACC - REMOTE - FUSION,010-01628-02,753759333768,"MS-NRX300, Fusion Black Marine Wired Remote",12, $229.99 , $160.99 ,,,,,,,,,,,
LLL,Marine Audio Remotes,JL REMOTE,,44746,99.99,,CMR 10,Device,1,MRN - JL REMOTE,010-03226-00,729218928073,"CMR-10, Remote, JLA, (92807)",4, $99.99 , $69.99 ,,,,,,,,,,,
LLL,Marine Audio Remotes,JL REMOTE,,44734,149.99,,CMR 20,Device,1,MRN - JL REMOTE,010-03227-00,729218928080,"CMR-20, Remote, JLA, (92808)",4, $149.99 , $104.99 ,,,,,,,,,,,
LLL,Marine Audio Remotes,JL REMOTE,,44729,229.99,,CMR 30,Device,1,MRN - JL REMOTE,010-03228-00,729218928097,"CMR-30, Remote, JLA, (92809)",4, $229.99 , $160.99 ,,,,,,,,,,,
LLL,Marine Audio Remotes,JL REMOTE,,42117,89.99,89.99,RMTE,Device,1,MRN - JL REMOTE,010-13844-00,699440984041,"M-RBC-1, Remote, JLA, (98404)",40, $89.99 , $62.99 ,,,,,,,,,,,
LLL,Marine Audio Remotes,JL REMOTE,,42011,84.99,84.99,RMTE,Device,1,MRN - JL REMOTE,010-13839-00,699440981217,"MHD-RLC Remote Level Ctrl., Remote, JLA, (98121)",1, $84.99 , $59.49 ,,,,,,,,,,,
LLLL,Marine Audio Speaker/ Woofers Premium,AUDIO,,,349.99,349.99,SUB M6,Device,1,MRN - AUDIO,010-04031-00,699440929875,M6-8IBC-i,1, $349.99 , $175.00 ,,,,,,,,,,,
LLLL,Marine Audio Speaker/ Woofers Premium,AUDIO,,,449.99,449.99,SUB M6,Device,1,MRN - AUDIO,010-03451-00,699440929936,M6-10WC-i,1, $449.99 , $225.00 ,,,,,,,,,,,
LLLL,Marine Audio Speaker/ Woofers Premium,AUDIO,,,399.99,399.99,SUB M6,Device,1,MRN - AUDIO,010-03450-00,699440929929,M6-10WC,1, $399.99 , $200.00 ,,,,,,,,,,,
LLLL,Marine Audio Speaker/ Woofers Premium,AUDIO,,,449.99,449.99,SUB M6,Device,1,MRN - AUDIO,010-03449-00,699440929912,M6-10IBC-i,1, $449.99 , $225.00 ,,,,,,,,,,,
LLLL,Marine Audio Speaker/ Woofers Premium,AUDIO,,,1049.99,1049.99,SUB M7,Device,1,MRN - AUDIO,010-03453-00,699440929950,M7-12IBC-i,1," $1,049.99 ", $525.00 ,,,,,,,,,,,
LLLL,Marine Audio Speaker/ Woofers Premium,AUDIO,,,949.99,949.99,SUB M7,Device,1,MRN - AUDIO,010-03452-00,699440929943,M7-12IBC,1, $949.99 , $475.00 ,,,,,,,,,,,
LLLL,Marine Audio Speaker/ Woofers Premium,FUSION SPEAKER,,44735,99.989,,FUSION,Device,1,MRN - FUSION SPEAKER,010-02796-20,753759303020,SG-TW101SPW,12, $99.99 , $49.99 ,,,,,,,,,,,
LLLL,Marine Audio Speaker/ Woofers Premium,FUSION SPEAKER,,44880,1049.989,,FUSION,Device,1,MRN - FUSION SPEAKER,010-02773-50,753759298012,SG-FLT883SPW,1," $1,049.99 ", $524.99 ,,,,,,,,,,,
LLLL,Marine Audio Speaker/ Woofers Premium,FUSION SPEAKER,,44735,599.989,,FUSION,Device,1,MRN - FUSION SPEAKER,010-02773-10,753759297992,SG-FL883SPW,2, $599.99 , $299.99 ,,,,,,,,,,,
LLLL,Marine Audio Speaker/ Woofers Premium,FUSION SPEAKER,,44735,489.989,,FUSION,Device,1,MRN - FUSION SPEAKER,010-02773-00,753759297985,SG-F883W,2, $489.99 , $244.99 ,,,,,,,,,,,
LLLL,Marine Audio Speaker/ Woofers Premium,FUSION SPEAKER,,44735,599.989,,FUSION,Device,1,MRN - FUSION SPEAKER,010-02772-11,753759297954,SG-FL773SPG,2, $599.99 , $299.99 ,,,,,,,,,,,
LLLL,Marine Audio Speaker/ Woofers Premium,FUSION SPEAKER,,44735,439.989,,FUSION,Device,1,MRN - FUSION SPEAKER,010-02772-00,753759297930,SG-F773W,2, $439.99 , $219.99 ,,,,,,,,,,,
LLLL,Marine Audio Speaker/ Woofers Premium,FUSION SPEAKER,,44735,449.989,,FUSION,Device,1,MRN - FUSION SPEAKER,010-02771-91,753759297923,SG-F653SPGOEM,4, $449.99 , $224.99 ,,,,,,,,,,,
LLLL,Marine Audio Speaker/ Woofers Premium,FUSION SPEAKER,,44735,749.989,,FUSION,Device,1,MRN - FUSION SPEAKER,010-02771-51,753759297909,SG-FLT653SPB,2, $749.99 , $374.99 ,,,,,,,,,,,
LLLL,Marine Audio Speaker/ Woofers Premium,FUSION SPEAKER,,44735,449.989,,FUSION,Device,1,MRN - FUSION SPEAKER,010-02771-21,753759297886,SG-F653SPG,4, $449.99 , $224.99 ,,,,,,,,,,,
LLLL,Marine Audio Speaker/ Woofers Premium,FUSION SPEAKER,,44735,399.989,,FUSION,Device,1,MRN - FUSION SPEAKER,010-02771-20,753759297879,SG-F653SPW,4, $399.99 , $199.99 ,,,,,,,,,,,
LLLL,Marine Audio Speaker/ Woofers Premium,FUSION SPEAKER,,44735,549.989,,FUSION,Device,1,MRN - FUSION SPEAKER,010-02771-11,753759297862,SG-FL653SPG,4, $549.99 , $274.99 ,,,,,,,,,,,
LLLL,Marine Audio Speaker/ Woofers Premium,FUSION SPEAKER,,44735,499.989,,FUSION,Device,1,MRN - FUSION SPEAKER,010-02771-10,753759297855,SG-FL653SPW,4, $499.99 , $249.99 ,,,,,,,,,,,
LLLL,Marine Audio Speaker/ Woofers Premium,FUSION SPEAKER,,44735,379.989,,FUSION,Device,1,MRN - FUSION SPEAKER,010-02771-00,753759297848,SG-F653W,4, $379.99 , $189.99 ,,,,,,,,,,,
LLLL,Marine Audio Speaker/ Woofers Premium,FUSION SUB,,44735,819.989,,FUSION,Device,1,MRN - FUSION SUB,010-02775-11,753759298098,SG-SL123SPG,1, $819.99 , $409.99 ,,,,,,,,,,,
LLLL,Marine Audio Speaker/ Woofers Premium,FUSION SUB,,44735,769.989,,FUSION,Device,1,MRN - FUSION SUB,010-02775-10,753759298081,SG-SL123SPW,1, $769.99 , $384.99 ,,,,,,,,,,,
LLLL,Marine Audio Speaker/ Woofers Premium,FUSION SUB,,44735,399.99,,FUSION,Device,1,MRN - FUSION SUB,010-02774-21,753759298074,SG-S103SPG,2, $399.99 , $200.00 ,,,,,,,,,,,
LLLL,Marine Audio Speaker/ Woofers Premium,FUSION SUB,,44735,299.99,,FUSION,Device,1,MRN - FUSION SUB,010-02774-20,753759298067,SG-S103SPW,2, $299.99 , $150.00 ,,,,,,,,,,,
LLLL,Marine Audio Speaker/ Woofers Premium,FUSION SUB,,44735,499.99,,FUSION,Device,1,MRN - FUSION SUB,010-02774-11,753759298050,SG-SL103SPG,2, $499.99 , $250.00 ,,,,,,,,,,,
LLLL,Marine Audio Speaker/ Woofers Premium,FUSION SUB,,44735,399.99,,FUSION,Device,1,MRN - FUSION SUB,010-02774-10,753759298043,SG-SL103SPW,2, $399.99 , $200.00 ,,,,,,,,,,,
LLLL,Marine Audio Speaker/ Woofers Premium,FUSION SUB,,44735,329.989,,FUSION,Device,1,MRN - FUSION SUB,010-02774-00,753759298036,SG-S103W,2, $329.99 , $164.99 ,,,,,,,,,,,
LLLL,Marine Audio Speaker/ Woofers Premium,JL SPEAKER,,40544,549.99,549.99,SPEAKER M6,Device,1,MRN - JL SPEAKER,010-03914-00,699440939140,"JL Audio M6 Marine Speakers, 8.8” with White Luxe Grille (Single)",2, $549.99 , $275.00 ,,,,,,,,,,,
LLLL,Marine Audio Speaker/ Woofers Premium,JL SPEAKER,,40544,499.99,499.99,SPEAKER M6,Device,1,MRN - JL SPEAKER,010-03913-00,699440939133,"JL Audio M6 Marine Speakers, 7.7” with White Luxe Grille (Single)",2, $499.99 , $250.00 ,,,,,,,,,,,
LLLL,Marine Audio Speaker/ Woofers Premium,JL SPEAKER,,40544,449.99,449.99,SPEAKER M6,Device,1,MRN - JL SPEAKER,010-03912-00,699440939126,"JL Audio M6 Marine Speakers, 6.5” with White Luxe Grille (Single)",1, $449.99 , $225.00 ,,,,,,,,,,,
LLLL,Marine Audio Speaker/ Woofers Premium,JL SPEAKER,,40544,549.99,549.99,SPEAKER M6,Device,1,MRN - JL SPEAKER,010-03867-00,699440937689,"JL Audio M6 Marine Speakers, 8.8” with Black Luxe Grille (Single)",1, $549.99 , $275.00 ,,,,,,,,,,,
LLLL,Marine Audio Speaker/ Woofers Premium,JL SPEAKER,,40544,499.99,499.99,SPEAKER M6,Device,1,MRN - JL SPEAKER,010-03866-00,699440937672,"JL Audio M6 Marine Speakers, 7.7” with Black Luxe Grille (Single)",2, $499.99 , $250.00 ,,,,,,,,,,,
LLLL,Marine Audio Speaker/ Woofers Premium,JL SPEAKER,,40544,449.99,449.99,SPEAKER M6,Device,1,MRN - JL SPEAKER,010-03865-00,699440937665,"JL Audio M6 Marine Speakers, 6.5” with Black Luxe Grille (Single)",2, $449.99 , $225.00 ,,,,,,,,,,,
LLLL,Marine Audio Speaker/ Woofers Premium,JL SPEAKER,,40544,829.99,829.99,SPEAKER M6,Device,1,MRN - JL SPEAKER,010-03499-00,699440936897,"JL Audio M6 Marine Speakers, 8.8” with Classic White Grille",2, $829.99 , $415.00 ,,,,,,,,,,,
LLLL,Marine Audio Speaker/ Woofers Premium,JL SPEAKER,,40544,729.99,729.99,SPEAKER M6,Device,1,MRN - JL SPEAKER,010-03498-00,699440936880,"JL Audio M6 Marine Speakers, 7.7” with Classic White Grille",2, $729.99 , $365.00 ,,,,,,,,,,,
LLLL,Marine Audio Speaker/ Woofers Premium,JL SPEAKER,,40544,629.99,629.99,SPEAKER M6,Device,1,MRN - JL SPEAKER,010-03497-00,699440936873,"JL Audio M6 Marine Speakers, 6.5” with White Classic Grille",2, $629.99 , $315.00 ,,,,,,,,,,,
LLLL,Marine Audio Speaker/ Woofers Premium,JL SPEAKER,,40544,1549.99,1549.99,SPEAKER M6 ENCL,Device,1,MRN - JL SPEAKER,010-03857-00,699440936910,"JL Audio M6 Enclosed Tower Speakers, 8.8” with White Classic Grille",1," $1,549.99 ", $775.00 ,,,,,,,,,,,
LLLL,Marine Audio Speaker/ Woofers Premium,JL SPEAKER,,40544,1099.99,1099.99,SPEAKER M6 ENCL,Device,1,MRN - JL SPEAKER,010-03856-00,699440936903,"JL Audio M6 Enclosed Tower Speakers, 7.7” with White Classic Grille",1," $1,099.99 ", $550.00 ,,,,,,,,,,,
LLLL,Marine Audio Speaker/ Woofers Premium,JL SUB,,40544,599.99,599.99,SUB M6,Device,1,MRN - JL SUB,010-03916-00,699440939164,"JL Audio M6 Marine Subwoofer, 10” with White Luxe Grille",2, $599.99 , $300.00 ,,,,,,,,,,,
LLLL,Marine Audio Speaker/ Woofers Premium,JL SUB,,40544,499.99,499.99,SUB M6,Device,1,MRN - JL SUB,010-03915-00,699440939157,"JL Audio M6 Marine Subwoofer, 8” with White Luxe Grille",2, $499.99 , $250.00 ,,,,,,,,,,,
LLLL,Marine Audio Speaker/ Woofers Premium,JL SUB,,40544,599.99,599.99,SUB M6,Device,1,MRN - JL SUB,010-03869-00,699440937726,"JL Audio M6 Marine Subwoofer, 10” with Black Luxe Grille",2, $599.99 , $300.00 ,,,,,,,,,,,
LLLL,Marine Audio Speaker/ Woofers Premium,JL SUB,,40544,499.99,499.99,SUB M6,Device,1,MRN - JL SUB,010-03868-00,699440937696,"JL Audio M6 Marine Subwoofer, 8” with Black Luxe Grille",1, $499.99 , $250.00 ,,,,,,,,,,,
LLLL,Marine Audio Speaker/ Woofers Premium,JL SUB,,40544,549.99,549.99,SUB M6,Device,1,MRN - JL SUB,010-03491-00,699440936477,"JL Audio M6 Marine Subwoofer, 10” with LED and Titanium Sport Grille",2, $549.99 , $275.00 ,,,,,,,,,,,
LLLL,Marine Audio Speaker/ Woofers Premium,JL SUB,,40544,499.99,499.99,SUB M6,Device,1,MRN - JL SUB,010-03490-00,699440936460,"JL Audio M6 Marine Subwoofer, 10” with Titanium Sport Grille",1, $499.99 , $250.00 ,,,,,,,,,,,
LLLL,Marine Audio Speaker/ Woofers Premium,JL SUB,,40544,529.99,529.99,SUB M6,Device,1,MRN - JL SUB,010-03489-00,699440936453,"JL Audio M6 Marine Subwoofer, 10” with LED and White Sport Grille",1, $529.99 , $265.00 ,,,,,,,,,,,
LLLL,Marine Audio Speaker/ Woofers Premium,JL SUB,,40544,479.99,479.99,SUB M6,Device,1,MRN - JL SUB,010-03488-00,699440936446,"JL Audio M6 Marine Subwoofer, 10"" with White Sport Grille",1, $479.99 , $240.00 ,,,,,,,,,,,
LLLL,Marine Audio Speaker/ Woofers Premium,JL SUB,,40544,479.99,479.99,SUB M6,Device,1,MRN - JL SUB,010-03487-00,699440936422,"JL Audio M6 Marine Subwoofer, 10” with White Classic Grille",2, $479.99 , $240.00 ,,,,,,,,,,,
LLLLL,Marine Audio Speakers / Woofers,FUSION SPEAKER,,43466,79.989,,FUSION,Device,1,MRN - FUSION SPEAKER,MS-OS420,9419523301562,2 Way Outdoor/Marine Box Speaker 100W,4, $79.99 , $43.99 ,,,,,,,,,,,
LLLLL,Marine Audio Speakers / Woofers,FUSION SPEAKER,,43466,199.989,199.989,FUSION,Device,1,MRN - FUSION SPEAKER,010-01791-00,753759175085,RV-FS402B,2, $199.99 , $109.99 ,,,,,,,,,,,
LLLLL,Marine Audio Speakers / Woofers,FUSION SPEAKER,,43466,199.989,199.989,FUSION,Device,1,MRN - FUSION SPEAKER,010-01790-00,753759175078,RV-FS402W,1, $199.99 , $109.99 ,,,,,,,,,,,
LLLLL,Marine Audio Speakers / Woofers,JL SPEAKER,,44028,99.99,,SPEAKER CMS,Device,1,MRN - JL SPEAKER,010-03193-00,729218926093,"CMS-651-CWB, Speaker, JLA, (92609)",6, $99.99 , $54.99 ,,,,,,,,,,,
LLLLL,Marine Audio Speakers / Woofers,JL SPEAKER,,44025,149.99,,SPEAKER CMS,Device,1,MRN - JL SPEAKER,010-03046-00,729218926116,"CMS-651RGB-SWB, Speaker, JLA, (92611)",6, $149.99 , $82.49 ,,,,,,,,,,,
LLLLL,Marine Audio Speakers / Woofers,JL SPEAKER,,44025,99.99,,SPEAKER CMS,Device,1,MRN - JL SPEAKER,010-03045-00,729218926109,"CMS-651-SWB, Speaker, JLA, (92610)",6, $99.99 , $54.99 ,,,,,,,,,,,
LLLLL,Marine Audio Speakers / Woofers,JL SPEAKER,,44006,329.99,,SPEAKER CMSP,Device,1,MRN - JL SPEAKER,010-03049-00,729218926215,"CMSP-771RGB-SWG, Speaker, JLA, (92621)",1, $329.99 , $181.49 ,,,,,,,,,,,
LLLLL,Marine Audio Speakers / Woofers,JL SPEAKER,,44011,229.99,,SPEAKER CMSP,Device,1,MRN - JL SPEAKER,010-03048-00,729218926208,"CMSP-651RGB-SWG, Speaker, JLA, (92620)",6, $229.99 , $126.49 ,,,,,,,,,,,
LLLLL,Marine Audio Speakers / Woofers,JL SPEAKER,,44007,179.99,,SPEAKER CMSP,Device,1,MRN - JL SPEAKER,010-03047-00,729218926192,"CMSP-651-SWG, Speaker, JLA, (92619)",6, $179.99 , $98.99 ,,,,,,,,,,,
LLLLL,Marine Audio Speakers / Woofers,JL SUB,,44082,229.99,229.99,SUB CMSP,Device,1,MRN - JL SUB,010-03050-00,729218926222,"CMSP-101RGB-4, Sub, JLA, (92622)",2, $229.99 , $126.49 ,,,,,,,,,,,
LLLLL,Marine Audio Speakers / Woofers,JL SUB,,40544,409.99,409.99,SUB M3,Device,1,MRN - JL SUB,010-03264-00,699440935296,"JL Audio M3 Marine Subwoofer, 10” with LED and Gray Sport Grille",2, $409.99 , $225.49 ,,,,,,,,,,,
LLLLLL,Audio Processors,AUDIO,,,260,260,GOTHAMV2 ENCL,Device,1,MRN - AUDIO,010-04122-00,699440985949,JL Audio Gotham 13.5” Subwoofer Assembly,1, $260.00 , $260.00 ,,,,,,,,,,,
LLLLLL,Audio Processors,JL SIGNAL PROCESSOR,,42569,529.99,529.99,FIX,Device,1,MRN - JL SIGNAL PROCESSOR,010-03167-00,699440981033,"FiX 86, Signal Processor, JLA, (98103)",4, $529.99 , $529.99 ,,,,,,,,,,,
LLLLLL,Audio Processors,JL SIGNAL PROCESSOR,,42297,449.99,449.99,FIX,Device,1,MRN - JL SIGNAL PROCESSOR,010-03102-00,699440981002,"FiX 82, Signal Processor, JLA, (98100)",2, $449.99 , $449.99 ,,,,,,,,,,,
LLLLLL,Audio Processors,JL SIGNAL PROCESSOR,,45763,269.99,269.99,JLINK,Device,1,MRN - JL SIGNAL PROCESSOR,010-03182-00,699440961028,"JLink TRX, Signal Processor, JLA, (96102)",1, $269.99 , $269.99 ,,,,,,,,,,,
LLLLLL,Audio Processors,JL SIGNAL PROCESSOR,,45763,130,130,JLINK,Device,1,MRN - JL SIGNAL PROCESSOR,010-03144-00,699440961035,"JLink RX, Signal Processor, JLA, (96103)",1, $130.00 , $130.00 ,,,,,,,,,,,
LLLLLL,Audio Processors,JL SIGNAL PROCESSOR,,43259,109.99,109.99,LOC,Device,1,MRN - JL SIGNAL PROCESSOR,010-03328-00,699440984133,"LoC 22, Signal Processor, JLA, (98413)",1, $109.99 , $109.99 ,,,,,,,,,,,
LLLLLL,Audio Processors,JL SIGNAL PROCESSOR,,44517,3499.99,,MAX,Device,1,MRN - JL SIGNAL PROCESSOR,010-03028-00,699440906029,"MAX-KIT, Signal Processor, JLA, (90602)",1," $3,499.99 "," $3,499.99 ",,,,,,,,,,,
LLLLLL,Audio Processors,JL SIGNAL PROCESSOR,,45763,499.99,,TWK,Device,1,MRN - JL SIGNAL PROCESSOR,010-03317-00,699440981026,"TwK D8, Signal Processor, JLA, (98102)",1, $499.99 , $499.99 ,,,,,,,,,,,
LLLLLL,Audio Processors,JL SIGNAL PROCESSOR,,42493,579.99,579.99,TWK,Device,1,MRN - JL SIGNAL PROCESSOR,010-03166-00,699440981019,"TwK 88, Signal Processor, JLA, (98101)",4, $579.99 , $579.99 ,,,,,,,,,,,
LLLLLLLL,Audio Wires,ACC - CABLE - JL,,43574,99.99,,CABL,Accessory,1,MRN - ACC - CABLE - JL,010-13864-00,699440999458,"XE-BLKAIC2-25, Cable, JLA, (99945)",6, $99.99 , $99.99 ,,,,,,,,,,,
LLLLLLLL,Audio Wires,ACC - CABLE - JL,,43574,54.99,,CABL,Accessory,1,MRN - ACC - CABLE - JL,010-13863-00,699440999427,"XE-BLKAIC2-9, Cable, JLA, (99942)",6, $54.99 , $54.99 ,,,,,,,,,,,
LLLLLLLL,Audio Wires,ACC - CABLE - JL,,43574,34.99,,CABL,Accessory,1,MRN - ACC - CABLE - JL,010-13862-00,699440999403,"XE-BLKAIC2-3, Cable, JLA, (99940)",1, $34.99 , $34.99 ,,,,,,,,,,,
LLLLLLLL,Audio Wires,ACC - CABLE - JL,,42048,19.99,19.99,CABL,Accessory,1,MRN - ACC - CABLE - JL,010-13734-00,699440918282,"XC-MINIAIC2-6, Cable, JLA, (91828)",1, $19.99 , $19.99 ,,,,,,,,,,,
LLLLLLLL,Audio Wires,ACC - CABLE - JL,,45763,14.99,,CABL,Accessory,1,MRN - ACC - CABLE - JL,010-13733-00,699440918275,"XC-MINIAIC2-3, Cable, JLA, (91827)",1, $14.99 , $14.99 ,,,,,,,,,,,
LLLLLLLL,Audio Wires,ACC - CABLE - JL,,42536,94.99,94.99,CABL,Accessory,1,MRN - ACC - CABLE - JL,010-13687-00,699440909976,"XD-BLKMFC-25, Cable, JLA, (90997)",1, $94.99 , $94.99 ,,,,,,,,,,,
LLLLLLLL,Audio Wires,ACC - CABLE - JL,,42536,629.99,629.99,CABL,Accessory,1,MRN - ACC - CABLE - JL,010-13686-00,699440909532,"XD-BLKMFC-250, Cable, JLA, (90953)",1, $629.99 , $629.99 ,,,,,,,,,,,
LLLLLLLL,Audio Wires,ACC - CABLE - JL,,43791,89.99,89.99,CABL,Accessory,1,MRN - ACC - CABLE - JL,010-13678-00,699440906883,"XMD-USB2X-PNL, Cable, JLA, (90688)",1, $89.99 , $89.99 ,,,,,,,,,,,
LLLLLLLL,Audio Wires,ACC - CABLE - JL,,42011,8.99,8.99,CABL,Accessory,1,MRN - ACC - CABLE - JL,010-13651-00,699440904322,"XD-CLRAICB-2F, Cable, JLA, (90432)",1, $8.99 , $8.99 ,,,,,,,,,,,
LLLLLLLL,Audio Wires,ACC - CABLE - JL,,42011,29.99,,CABL,Accessory,1,MRN - ACC - CABLE - JL,010-13650-00,699440904223,"XD-CLRAIC2-9, Cable, JLA, (90422)",1, $29.99 , $29.99 ,,,,,,,,,,,
LLLLLLLL,Audio Wires,ACC - CABLE - JL,,42852,69.99,69.99,CABL,Accessory,1,MRN - ACC - CABLE - JL,010-13628-00,699440902595,"XD-AICDO-12, Cable, JLA, (90259)",1, $69.99 , $69.99 ,,,,,,,,,,,
LLLLLLLL,Audio Wires,ACC - CABLE - JL,,42853,44.99,44.99,CABL,Accessory,1,MRN - ACC - CABLE - JL,010-13627-00,699440902588,"XD-AICDO-6, Cable, JLA, (90258)",1, $44.99 , $44.99 ,,,,,,,,,,,
LLLLLLLL,Audio Wires,ACC - CABLE - JL,,42853,34.99,,CABL,Accessory,1,MRN - ACC - CABLE - JL,010-13626-00,699440902571,"XD-AICDO-3, Cable, JLA, (90257)",1, $34.99 , $34.99 ,,,,,,,,,,,
LLLLLLLL,Audio Wires,ACC - CABLE - JL,,41935,399.99,399.99,CABL,Accessory,1,MRN - ACC - CABLE - JL,010-13566-00,699440918268,"XC-BCSC16-500, Cable, JLA, (91826)",1, $399.99 , $399.99 ,,,,,,,,,,,
LLLLLLLL,Audio Wires,ACC - CABLE - JL,,40544,64.99,,CABL,Accessory,1,MRN - ACC - CABLE - JL,010-13564-00,699440906975,"XMD-3.5MM-PNL, Cable, JLA, (90697)",1, $64.99 , $64.99 ,,,,,,,,,,,
LLLLLLLL,Audio Wires,ACC - CABLE - JL,,43577,84.99,,CABL,Accessory,1,MRN - ACC - CABLE - JL,010-13550-00,699440999441,"XE-BLKAIC2-18, Cable, JLA, (99944)",24, $84.99 , $84.99 ,,,,,,,,,,,
LLLLLLLL,Audio Wires,ACC - CABLE - JL,,43574,64.99,,CABL,Accessory,1,MRN - ACC - CABLE - JL,010-13549-00,699440999434,"XE-BLKAIC2-12, Cable, JLA, (99943)",24, $64.99 , $64.99 ,,,,,,,,,,,
LLLLLLLL,Audio Wires,ACC - CABLE - JL,,43574,39.99,,CABL,Accessory,1,MRN - ACC - CABLE - JL,010-13548-00,699440999410,"XE-BLKAIC2-6, Cable, JLA, (99941)",1, $39.99 , $39.99 ,,,,,,,,,,,
LLLLLLLL,Audio Wires,ACC - CABLE - JL,,42003,19.99,19.99,CABL,Accessory,1,MRN - ACC - CABLE - JL,010-13472-00,699440904353,"XD-CLRAIC2-SW, Cable, JLA, (90435)",1, $19.99 , $19.99 ,,,,,,,,,,,
LLLLLLLL,Audio Wires,ACC - CABLE - JL,,42011,14.99,,CABL,Accessory,1,MRN - ACC - CABLE - JL,010-13471-00,699440904346,"XD-CLRAICY-1M2F, Cable, JLA, (90434)",1, $14.99 , $14.99 ,,,,,,,,,,,
LLLLLLLL,Audio Wires,ACC - CABLE - JL,,42011,14.99,,CABL,Accessory,1,MRN - ACC - CABLE - JL,010-13470-00,699440904339,"XD-CLRAICY-1F2M, Cable, JLA, (90433)",32, $14.99 , $14.99 ,,,,,,,,,,,
LLLLLLLL,Audio Wires,ACC - CABLE - JL,,42011,49.99,49.99,CABL,Accessory,1,MRN - ACC - CABLE - JL,010-13469-00,699440904292,"XD-CLRAIC4-18, Cable, JLA, (90429)",16, $49.99 , $49.99 ,,,,,,,,,,,
LLLLLLLL,Audio Wires,ACC - CABLE - JL,,42011,49.99,49.99,CABL,Accessory,1,MRN - ACC - CABLE - JL,010-13468-00,699440904285,"XD-CLRAIC4-12, Cable, JLA, (90428)",16, $49.99 , $49.99 ,,,,,,,,,,,
LLLLLLLL,Audio Wires,ACC - CABLE - JL,,41926,44.99,44.99,CABL,Accessory,1,MRN - ACC - CABLE - JL,010-13467-00,699440904278,"XD-CLRAIC2-25, Cable, JLA, (90427)",1, $44.99 , $44.99 ,,,,,,,,,,,
LLLLLLLL,Audio Wires,ACC - CABLE - JL,,41855,34.99,,CABL,Accessory,1,MRN - ACC - CABLE - JL,010-13466-00,699440904261,"XD-CLRAIC2-18, Cable, JLA, (90426)",1, $34.99 , $34.99 ,,,,,,,,,,,
LLLLLLLL,Audio Wires,ACC - CABLE - JL,,42011,34.99,,CABL,Accessory,1,MRN - ACC - CABLE - JL,010-13465-00,699440904230,"XD-CLRAIC2-12, Cable, JLA, (90423)",1, $34.99 , $34.99 ,,,,,,,,,,,
LLLLLLLL,Audio Wires,ACC - CABLE - JL,,42011,29.99,,CABL,Accessory,1,MRN - ACC - CABLE - JL,010-13464-00,699440904162,"XD-CLRAIC2-6, Cable, JLA, (90416)",16, $29.99 , $29.99 ,,,,,,,,,,,
LLLLLLLL,Audio Wires,ACC - CABLE - JL,,42003,19.99,19.99,CABL,Accessory,1,MRN - ACC - CABLE - JL,010-13463-00,699440904124,"XD-CLRAIC2-3, Cable, JLA, (90412)",1, $19.99 , $19.99 ,,,,,,,,,,,
LLLLLLLL,Audio Wires,ACC - COVER - JL,,42011,49.99,,COVR,Accessory,1,MRN - ACC - COVER - JL,010-13562-00,699440905954,"SGRU-12, Grille, JLA, (90595)",4, $49.99 , $49.99 ,,,,,,,,,,,
LLLLLLLL,Audio Wires,ACC - COVER - JL,,42011,39.99,,COVR,Accessory,1,MRN - ACC - COVER - JL,010-13561-00,699440905947,"SGRU-10W1v2 / 10W3v3, Grille, JLA, (90594)",4, $39.99 , $39.99 ,,,,,,,,,,,
LLLLLLLL,Audio Wires,ACC - COVER - JL,,42017,39.99,,COVR,Accessory,1,MRN - ACC - COVER - JL,010-13560-00,699440905879,"SGR-12W6v2/v3, Grille, JLA, (90587)",1, $39.99 , $39.99 ,,,,,,,,,,,
LLLLLLLL,Audio Wires,ACC - COVER - JL,,42011,29.99,,COVR,Accessory,1,MRN - ACC - COVER - JL,010-13559-00,699440905862,"SGR-10W6v2/v3, Grille, JLA, (90586)",10, $29.99 , $29.99 ,,,,,,,,,,,
LLLLLLLL,Audio Wires,ACC - COVER - JL,,42011,14.99,,COVR,Accessory,1,MRN - ACC - COVER - JL,010-13557-00,699440905770,"SGR-10 W0/W3, Grille, JLA, (90577)",1, $14.99 , $14.99 ,,,,,,,,,,,
LLLLLLLL,Audio Wires,ACC - COVER - JL,,42018,64.99,64.99,COVR,Accessory,1,MRN - ACC - COVER - JL,010-13436-00,699440905961,"SGRU-13, Grille, JLA, (90596)",4, $64.99 , $64.99 ,,,,,,,,,,,
LLLLLLLL,Audio Wires,ACC - COVER - JL,,42018,29.99,,COVR,Accessory,1,MRN - ACC - COVER - JL,010-13435-00,699440905930,"SGR-8W1v2 / 8W3v3, Grille, JLA, (90593)",4, $29.99 , $29.99 ,,,,,,,,,,,
LLLLLLLL,Audio Wires,ACC - KNOB - JL,,42044,9.99,,JL AUDIO,Accessory,1,MRN - ACC - KNOB - JL,010-13841-00,699440981903,"KNOB1-BK, Replacement Knob, JLA, (98190)",1, $9.99 , $9.99 ,,,,,,,,,,,
LLLLLLLL,Audio Wires,ACC - MOUNT - JL,,42019,49.99,,MNT,Accessory,1,MRN - ACC - MOUNT - JL,010-13542-00,699440981989,"HD STACK KIT, Mount, JLA, (98198)",1, $49.99 , $49.99 ,,,,,,,,,,,
LLLLLLLL,Audio Wires,ACC - POWER - JL,,42018,19.99,,POWER,Accessory,1,MRN - ACC - POWER - JL,010-13729-00,699440916783,"XB-SPTM, Power Connection, JLA, (91678)",1, $19.99 , $19.99 ,,,,,,,,,,,
LLLLLLLL,Audio Wires,ACC - POWER - JL,,42016,14.99,,POWER,Accessory,1,MRN - ACC - POWER - JL,010-13728-00,699440916585,"XB-MGLU, Power Connection, JLA, (91658)",1, $14.99 , $14.99 ,,,,,,,,,,,
LLLLLLLL,Audio Wires,ACC - POWER - JL,,42016,9.99,,POWER,Accessory,1,MRN - ACC - POWER - JL,010-13726-00,699440916547,"XB-ANL250, Power Connection, JLA, (91654)",1, $9.99 , $9.99 ,,,,,,,,,,,
LLLLLLLL,Audio Wires,ACC - POWER - JL,,42016,9.99,,POWER,Accessory,1,MRN - ACC - POWER - JL,010-13725-00,699440916530,"XB-ANL200, Power Connection, JLA, (91653)",1, $9.99 , $9.99 ,,,,,,,,,,,
LLLLLLLL,Audio Wires,ACC - POWER - JL,,42018,9.99,,POWER,Accessory,1,MRN - ACC - POWER - JL,010-13724-00,699440916523,"XB-ANL150, Power Connection, JLA, (91652)",1, $9.99 , $9.99 ,,,,,,,,,,,
LLLLLLLL,Audio Wires,ACC - POWER - JL,,42019,9.99,,POWER,Accessory,1,MRN - ACC - POWER - JL,010-13723-00,699440916516,"XB-ANL100, Power Connection, JLA, (91651)",1, $9.99 , $9.99 ,,,,,,,,,,,
LLLLLLLL,Audio Wires,ACC - POWER - JL,,42018,19.99,19.99,POWER,Accessory,1,MRN - ACC - POWER - JL,010-13656-00,699440904742,"XD-RT8-4PAK, Power Connection, JLA, (90474)",1, $19.99 , $19.99 ,,,,,,,,,,,
LLLLLLLL,Audio Wires,ACC - POWER - JL,,42011,19.99,19.99,POWER,Accessory,1,MRN - ACC - POWER - JL,010-13655-00,699440904735,"XD-RT4-4PAK, Power Connection, JLA, (90473)",4, $19.99 , $19.99 ,,,,,,,,,,,
LLLLLLLL,Audio Wires,ACC - POWER - JL,,42011,34.99,,POWER,Accessory,1,MRN - ACC - POWER - JL,010-13654-00,699440904643,"XD-RT2-4PAK, Power Connection, JLA, (90464)",1, $34.99 , $34.99 ,,,,,,,,,,,
LLLLLLLL,Audio Wires,ACC - POWER - JL,,42012,34.99,,POWER,Accessory,1,MRN - ACC - POWER - JL,010-13653-00,699440904636,"XD-RT1/0-4PAK, Power Connection, JLA, (90463)",1, $34.99 , $34.99 ,,,,,,,,,,,
LLLLLLLL,Audio Wires,ACC - POWER - JL,,42034,429.99,429.99,POWER,Accessory,1,MRN - ACC - POWER - JL,010-13645-00,699440903622,"XD-BPW30A-250, Power Connection, JLA, (90362)",1, $429.99 , $429.99 ,,,,,,,,,,,
LLLLLLLL,Audio Wires,ACC - POWER - JL,,42034,449.99,449.99,POWER,Accessory,1,MRN - ACC - POWER - JL,010-13644-00,699440903615,"XD-RPW30A-250, Power Connection, JLA, (90361)",1, $449.99 , $449.99 ,,,,,,,,,,,
LLLLLLLL,Audio Wires,ACC - POWER - JL,,42016,429.99,429.99,POWER,Accessory,1,MRN - ACC - POWER - JL,010-13643-00,699440903608,"XD-BPW60A-100, Power Connection, JLA, (90360)",1, $429.99 , $429.99 ,,,,,,,,,,,
LLLLLLLL,Audio Wires,ACC - POWER - JL,,42016,449.99,449.99,POWER,Accessory,1,MRN - ACC - POWER - JL,010-13642-00,699440903592,"XD-RPW60A-100, Power Connection, JLA, (90359)",1, $449.99 , $449.99 ,,,,,,,,,,,
LLLLLLLL,Audio Wires,ACC - POWER - JL,,42011,449.99,449.99,POWER,Accessory,1,MRN - ACC - POWER - JL,010-13641-00,699440903530,"XD-PCS2-2, Power Connection, JLA, (90353)",1, $449.99 , $449.99 ,,,,,,,,,,,
LLLLLLLL,Audio Wires,ACC - POWER - JL,,42016,649.99,649.99,POWER,Accessory,1,MRN - ACC - POWER - JL,010-13640-00,699440903523,"XD-PCS1/0-2, Power Connection, JLA, (90352)",1, $649.99 , $649.99 ,,,,,,,,,,,
LLLLLLLL,Audio Wires,ACC - POWER - JL,,42023,579.99,579.99,POWER,Accessory,1,MRN - ACC - POWER - JL,010-13638-00,699440903509,"XD-CPW4-100, Power Connection, JLA, (90350)",1, $579.99 , $579.99 ,,,,,,,,,,,
LLLLLLLL,Audio Wires,ACC - POWER - JL,,42018,579.99,579.99,POWER,Accessory,1,MRN - ACC - POWER - JL,010-13637-00,699440903493,"XD-CPW2-50, Power Connection, JLA, (90349)",1, $579.99 , $579.99 ,,,,,,,,,,,
LLLLLLLL,Audio Wires,ACC - POWER - JL,,42019,749.99,749.99,POWER,Accessory,1,MRN - ACC - POWER - JL,010-13636-00,699440903486,"XD-CPW1/0-50, Power Connection, JLA, (90348)",1, $749.99 , $749.99 ,,,,,,,,,,,
LLLLLLLL,Audio Wires,ACC - POWER - JL,,42016,579.99,579.99,POWER,Accessory,1,MRN - ACC - POWER - JL,010-13635-00,699440903462,"XD-RPW4-100, Power Connection, JLA, (90346)",1, $579.99 , $579.99 ,,,,,,,,,,,
LLLLLLLL,Audio Wires,ACC - POWER - JL,,42018,579.99,579.99,POWER,Accessory,1,MRN - ACC - POWER - JL,010-13634-00,699440903455,"XD-RPW2-50, Power Connection, JLA, (90345)",1, $579.99 , $579.99 ,,,,,,,,,,,
LLLLLLLL,Audio Wires,ACC - POWER - JL,,42013,749.99,749.99,POWER,Accessory,1,MRN - ACC - POWER - JL,010-13633-00,699440903448,"XD-RPW1/0-50, Power Connection, JLA, (90344)",1, $749.99 , $749.99 ,,,,,,,,,,,
LLLLLLLL,Audio Wires,ACC - POWER - JL,,42012,579.99,579.99,POWER,Accessory,1,MRN - ACC - POWER - JL,010-13632-00,699440903431,"XD-BPW8-250, Power Connection, JLA, (90343)",1, $579.99 , $579.99 ,,,,,,,,,,,
LLLLLLLL,Audio Wires,ACC - POWER - JL,,42020,579.99,579.99,POWER,Accessory,1,MRN - ACC - POWER - JL,010-13631-00,699440903424,"XD-BPW4-100, Power Connection, JLA, (90342)",1, $579.99 , $579.99 ,,,,,,,,,,,
LLLLLLLL,Audio Wires,ACC - POWER - JL,,42018,579.99,579.99,POWER,Accessory,1,MRN - ACC - POWER - JL,010-13630-00,699440903417,"XD-BPW2-50, Power Connection, JLA, (90341)",1, $579.99 , $579.99 ,,,,,,,,,,,
LLLLLLLL,Audio Wires,ACC - POWER - JL,,42023,749.99,749.99,POWER,Accessory,1,MRN - ACC - POWER - JL,010-13629-00,699440903400,"XD-BPW1/0-50, Power Connection, JLA, (90340)",1, $749.99 , $749.99 ,,,,,,,,,,,
LLLLLLLL,Audio Wires,ACC - POWER - JL,,42011,69.99,69.99,POWER,Accessory,1,MRN - ACC - POWER - JL,010-13565-00,699440916592,"XB-BTU, Power Connection, JLA, (91659)",1, $69.99 , $69.99 ,,,,,,,,,,,
LLLLLLLL,Audio Wires,ACC - POWER - JL,,42012,69.99,69.99,POWER,Accessory,1,MRN - ACC - POWER - JL,010-13484-00,699440904629,"XD-FDBU-4, Power Connection, JLA, (90462)",1, $69.99 , $69.99 ,,,,,,,,,,,
LLLLLLLL,Audio Wires,ACC - POWER - JL,,42011,44.99,44.99,POWER,Accessory,1,MRN - ACC - POWER - JL,010-13483-00,699440904612,"XD-FDBU-2, Power Connection, JLA, (90461)",1, $44.99 , $44.99 ,,,,,,,,,,,
LLLLLLLL,Audio Wires,ACC - POWER - JL,,42011,44.99,44.99,POWER,Accessory,1,MRN - ACC - POWER - JL,010-13482-00,699440904582,"XD-BTS, Power Connection, JLA, (90458)",1, $44.99 , $44.99 ,,,,,,,,,,,
LLLLLLLL,Audio Wires,ACC - POWER - JL,,42223,4.99,,POWER,Accessory,1,MRN - ACC - POWER - JL,010-13481-00,699440904551,"XD-MAXI-100, Power Connection, JLA, (90455)",1, $4.99 , $4.99 ,,,,,,,,,,,
LLLLLLLL,Audio Wires,ACC - POWER - JL,,42011,4.99,,POWER,Accessory,1,MRN - ACC - POWER - JL,010-13480-00,699440904513,"XD-MAXI-80, Power Connection, JLA, (90451)",1, $4.99 , $4.99 ,,,,,,,,,,,
LLLLLLLL,Audio Wires,ACC - POWER - JL,,42011,69.99,69.99,POWER,Accessory,1,MRN - ACC - POWER - JL,010-13457-00,699440903646,"XD-PDBU-3X, Power Connection, JLA, (90364)",1, $69.99 , $69.99 ,,,,,,,,,,,
LLLLLLLL,Audio Wires,ACC - POWER - JL,,42011,99.99,99.99,POWER,Accessory,1,MRN - ACC - POWER - JL,010-13456-00,699440903585,"XD-ACS30, Power Connection, JLA, (90358)",4, $99.99 , $99.99 ,,,,,,,,,,,
LLLLLLLL,Audio Wires,ACC - POWER - JL,,42011,159.99,159.99,POWER,Accessory,1,MRN - ACC - POWER - JL,010-13455-00,699440903578,"XD-ACS60, Power Connection, JLA, (90357)",4, $159.99 , $159.99 ,,,,,,,,,,,
LLLLLLLL,Audio Wires,ACC - POWER - JL,,42011,139.99,139.99,POWER,Accessory,1,MRN - ACC - POWER - JL,010-13454-00,699440903561,"XD-PCS8-1, Power Connection, JLA, (90356)",4, $139.99 , $139.99 ,,,,,,,,,,,
LLLLLLLL,Audio Wires,ACC - POWER - JL,,42011,199.99,199.99,POWER,Accessory,1,MRN - ACC - POWER - JL,010-13453-00,699440903554,"XD-PCS4-1, Power Connection, JLA, (90355)",4, $199.99 , $199.99 ,,,,,,,,,,,
LLLLLLLL,Audio Wires,ACC - POWER - JL,,42012,299.99,299.99,POWER,Accessory,1,MRN - ACC - POWER - JL,010-13452-00,699440903547,"XD-PCS4-2, Power Connection, JLA, (90354)",1, $299.99 , $299.99 ,,,,,,,,,,,
LLLLLLLL,Audio Wires,ACC - POWER - JL,,42018,579.99,579.99,POWER,Accessory,1,MRN - ACC - POWER - JL,010-13451-00,699440903479,"XD-RPW8-250, Power Connection, JLA, (90347)",1, $579.99 , $579.99 ,,,,,,,,,,,
WWWWWWWW,Audio Accessories,ACC - ADAPTER - JL,,42382,44.99,,ADAPTER,Accessory,1,MRN - ACC - ADAPTER - JL,010-13540-00,699440981248,"FiX-LSA-4, Adapter, JLA, (98124)",1, $44.99 , $29.24 ,,,,,,,,,,,
WWWWWWWW,Audio Accessories,ACC - ANTENNA - FUSION,,43466,54.99,,ANT,Accessory,1,MRN - ACC - ANTENNA - FUSION,MS-BT100,9419523302316,Fusion Bluetooth Receiver AUX In,24, $54.99 , $35.74 ,,,,,,,,,,,
WWWWWWWW,Audio Accessories,ACC - ANTENNA - FUSION,,43466,4.99,,ANT,Accessory,1,MRN - ACC - ANTENNA - FUSION,010-12584-00,753759175054,MS-SA1.8,100, $4.99 , $3.24 ,,,,,,,,,,,
WWWWWWWW,Audio Accessories,ACC - ANTENNA - JL,,43537,39.99,39.99,ANT,Accessory,1,MRN - ACC - ANTENNA - JL,010-13555-00,699440905244,"XMD-WHTANT-AM/FM, Antenna, JLA, (90524)",1, $39.99 , $25.99 ,,,,,,,,,,,
WWWWWWWW,Audio Accessories,ACC - CABLE - FUSION,,43466,29.99,29.99,CABL,Accessory,1,MRN - ACC - CABLE - FUSION,MS-CBUSBFM1,9419523301692,MS-CBUSBFM1,1, $29.99 , $19.49 ,,,,,,,,,,,
WWWWWWWW,Audio Accessories,ACC - CABLE - FUSION,,43466,14.99,,CABL,Accessory,1,MRN - ACC - CABLE - FUSION,CAB000850,9419523302163,"NMEA2000 Certified ""In-Line"" Terminator",1, $14.99 , $9.74 ,,,,,,,,,,,
WWWWWWWW,Audio Accessories,ACC - CABLE - FUSION,,45394,549.99,549.99,CABL,Accessory,1,MRN - ACC - CABLE - FUSION,010-13386-00,753759334918,Marine LED Cable,1, $549.99 , $357.49 ,,,,,,,,,,,
WWWWWWWW,Audio Accessories,ACC - CABLE - FUSION,,45827,29.99,,CABL,Accessory,1,MRN - ACC - CABLE - FUSION,010-13354-00,753759330415,"Flush Mounted USB-C Port, Fusion",40, $29.99 , $19.49 ,,,,,,,,,,,
WWWWWWWW,Audio Accessories,ACC - CABLE - FUSION,,45588,19.99,19.99,CABL,Accessory,1,MRN - ACC - CABLE - FUSION,010-13286-04,753759336219,Subwoofer Flying Lead with Water-resistant Two-way Connector,1, $19.99 , $12.99 ,,,,,,,,,,,
WWWWWWWW,Audio Accessories,ACC - CABLE - FUSION,,45499,34.99,34.99,CABL,Accessory,1,MRN - ACC - CABLE - FUSION,010-13286-02,753759308063,LED Flying Lead with Water-resistant 6-way Connector,1, $34.99 , $22.74 ,,,,,,,,,,,
WWWWWWWW,Audio Accessories,ACC - CABLE - FUSION,,45588,14.99,14.99,CABL,Accessory,1,MRN - ACC - CABLE - FUSION,010-13286-00,753759308049,Speaker Flying Lead With Water-resistant Two-way Connector,1, $14.99 , $9.74 ,,,,,,,,,,,
WWWWWWWW,Audio Accessories,ACC - CABLE - FUSION,,44330,24.99,24.99,CABL,Accessory,1,MRN - ACC - CABLE - FUSION,010-13078-02,753759266196,"Fusion Antenna Connector Adapter, Motorola (Male) to FME (Male)",1, $24.99 , $16.24 ,,,,,,,,,,,
WWWWWWWW,Audio Accessories,ACC - CABLE - FUSION,,44330,24.99,24.99,CABL,Accessory,1,MRN - ACC - CABLE - FUSION,010-13078-01,753759266189,"Fusion Antenna Connector Adapter, Motorola (Male) to Fakra Z (Male)",1, $24.99 , $16.24 ,,,,,,,,,,,
WWWWWWWW,Audio Accessories,ACC - CABLE - FUSION,,44350,24.99,24.99,CABL,Accessory,1,MRN - ACC - CABLE - FUSION,010-12964-02,753759240400,Fusion Apollo Multichannel Amplifier Speaker Connector with High Power Mode Adapter,1, $24.99 , $16.24 ,,,,,,,,,,,
WWWWWWWW,Audio Accessories,ACC - CABLE - FUSION,,44350,24.99,24.99,CABL,Accessory,1,MRN - ACC - CABLE - FUSION,010-12964-01,753759240394,Fusion Apollo Monoblock Amplifier Speaker Connector,1, $24.99 , $16.24 ,,,,,,,,,,,
WWWWWWWW,Audio Accessories,ACC - CABLE - FUSION,,43945,19.99,19.99,CABL,Accessory,1,MRN - ACC - CABLE - FUSION,010-12922-01,753759225940,Fusion RJ45 Network Extension Adapter,1, $19.99 , $12.99 ,,,,,,,,,,,
WWWWWWWW,Audio Accessories,ACC - CABLE - FUSION,,43466,6.99,,CABL,Accessory,1,MRN - ACC - CABLE - FUSION,010-12896-00,753759223786,EL-RCAYF,50, $6.99 , $4.54 ,,,,,,,,,,,
WWWWWWWW,Audio Accessories,ACC - CABLE - FUSION,,43466,6.99,,CABL,Accessory,1,MRN - ACC - CABLE - FUSION,010-12895-00,753759223779,EL-RCAYM,50, $6.99 , $4.54 ,,,,,,,,,,,
WWWWWWWW,Audio Accessories,ACC - CABLE - FUSION,,43466,42.99,,CABL,Accessory,1,MRN - ACC - CABLE - FUSION,010-12894-00,753759223762,EL-FRCA25,10, $42.99 , $27.94 ,,,,,,,,,,,
WWWWWWWW,Audio Accessories,ACC - CABLE - FUSION,,43466,26.99,,CABL,Accessory,1,MRN - ACC - CABLE - FUSION,010-12893-00,753759223755,EL-FRCA12,20, $26.99 , $17.54 ,,,,,,,,,,,
WWWWWWWW,Audio Accessories,ACC - CABLE - FUSION,,43466,20.99,,CABL,Accessory,1,MRN - ACC - CABLE - FUSION,010-12892-00,753759223748,EL-FRCA6,20, $20.99 , $13.64 ,,,,,,,,,,,
WWWWWWWW,Audio Accessories,ACC - CABLE - FUSION,,43466,26.99,,CABL,Accessory,1,MRN - ACC - CABLE - FUSION,010-12890-00,753759223724,EL-RCA25,20, $26.99 , $17.54 ,,,,,,,,,,,
WWWWWWWW,Audio Accessories,ACC - CABLE - FUSION,,43466,20.99,,CABL,Accessory,1,MRN - ACC - CABLE - FUSION,010-12889-00,753759223717,EL-RCA12,20, $20.99 , $13.64 ,,,,,,,,,,,
WWWWWWWW,Audio Accessories,ACC - CABLE - FUSION,,43466,15.99,,CABL,Accessory,1,MRN - ACC - CABLE - FUSION,010-12888-00,753759223700,EL-RCA6,50, $15.99 , $10.39 ,,,,,,,,,,,
WWWWWWWW,Audio Accessories,ACC - CABLE - FUSION,,43466,12.99,,CABL,Accessory,1,MRN - ACC - CABLE - FUSION,010-12887-00,753759223694,EL-RCA3,50, $12.99 , $8.44 ,,,,,,,,,,,
WWWWWWWW,Audio Accessories,ACC - CABLE - FUSION,,43466,49.99,,CABL,Accessory,1,MRN - ACC - CABLE - FUSION,010-12753-30,753759229528,AC-DAC,60, $49.99 , $32.49 ,,,,,,,,,,,
WWWWWWWW,Audio Accessories,ACC - CABLE - FUSION,,43466,19.99,19.99,CABL,Accessory,1,MRN - ACC - CABLE - FUSION,010-12753-20,753759204020,MS-CBRCA3.5,150, $19.99 , $12.99 ,,,,,,,,,,,
WWWWWWWW,Audio Accessories,ACC - CABLE - FUSION,,43466,17.99,,CABL,Accessory,1,MRN - ACC - CABLE - FUSION,010-12622-00,753759177751,MS-RCAYF,37, $17.99 , $11.69 ,,,,,,,,,,,
WWWWWWWW,Audio Accessories,ACC - CABLE - FUSION,,43466,17.99,,CABL,Accessory,1,MRN - ACC - CABLE - FUSION,010-12621-00,753759177744,MS-RCAYM,50, $17.99 , $11.69 ,,,,,,,,,,,
WWWWWWWW,Audio Accessories,ACC - CABLE - FUSION,,43466,84.99,,CABL,Accessory,1,MRN - ACC - CABLE - FUSION,010-12620-00,753759177737,MS-FRCA25,10, $84.99 , $55.24 ,,,,,,,,,,,
WWWWWWWW,Audio Accessories,ACC - CABLE - FUSION,,43466,69.99,,CABL,Accessory,1,MRN - ACC - CABLE - FUSION,010-12619-00,753759177720,MS-FRCA12,20, $69.99 , $45.49 ,,,,,,,,,,,
WWWWWWWW,Audio Accessories,ACC - CABLE - FUSION,,43466,64.99,,CABL,Accessory,1,MRN - ACC - CABLE - FUSION,010-12618-00,753759177713,MS-FRCA6,20, $64.99 , $42.24 ,,,,,,,,,,,
WWWWWWWW,Audio Accessories,ACC - CABLE - FUSION,,43466,49.99,,CABL,Accessory,1,MRN - ACC - CABLE - FUSION,010-12616-00,753759177690,MS-RCA25,20, $49.99 , $32.49 ,,,,,,,,,,,
WWWWWWWW,Audio Accessories,ACC - CABLE - FUSION,,43466,44.99,,CABL,Accessory,1,MRN - ACC - CABLE - FUSION,010-12615-00,753759177683,MS-RCA12,20, $44.99 , $29.24 ,,,,,,,,,,,
WWWWWWWW,Audio Accessories,ACC - CABLE - FUSION,,43466,29.99,,CABL,Accessory,1,MRN - ACC - CABLE - FUSION,010-12614-00,753759177676,MS-RCA6,50, $29.99 , $19.49 ,,,,,,,,,,,
WWWWWWWW,Audio Accessories,ACC - CABLE - FUSION,,43466,24.99,,CABL,Accessory,1,MRN - ACC - CABLE - FUSION,010-12613-00,753759177669,MS-RCA3,50, $24.99 , $16.24 ,,,,,,,,,,,
WWWWWWWW,Audio Accessories,ACC - CABLE - FUSION,,43466,9.99,,CABL,Accessory,1,MRN - ACC - CABLE - FUSION,010-12519-70,753759178086,WS-SACAP,1, $9.99 , $6.49 ,,,,,,,,,,,
WWWWWWWW,Audio Accessories,ACC - CABLE - FUSION,,43466,14.99,14.99,CABL,Accessory,1,MRN - ACC - CABLE - FUSION,010-12398-00,9419523302613,MS-CBUSBMC,170, $14.99 , $9.74 ,,,,,,,,,,,
WWWWWWWW,Audio Accessories,ACC - CABLE - FUSION,,43466,23.99,,CABL,Accessory,1,MRN - ACC - CABLE - FUSION,010-12397-00,9419523302347,MS-CBUSB15,170, $23.99 , $15.59 ,,,,,,,,,,,
WWWWWWWW,Audio Accessories,ACC - CABLE - FUSION,,43466,24.99,,CABL,Accessory,1,MRN - ACC - CABLE - FUSION,010-12381-00,753759142254,MS-CBUSB3.5,16, $24.99 , $16.24 ,,,,,,,,,,,
WWWWWWWW,Audio Accessories,ACC - CABLE - FUSION,,43466,69.99,,FUSION,Accessory,1,MRN - ACC - CABLE - FUSION,CAB000853-20,9419523302286,"NMEA 2000 Backbone/Drop Cable, 66ft(20M)",1, $69.99 , $45.49 ,,,,,,,,,,,
WWWWWWWW,Audio Accessories,ACC - CABLE - FUSION,,43466,54.99,,FUSION,Accessory,1,MRN - ACC - CABLE - FUSION,CAB000853-10,9419523302279,"NMEA 2000 Backbone/Drop Cable, 33ft(10M)",1, $54.99 , $35.74 ,,,,,,,,,,,
WWWWWWWW,Audio Accessories,ACC - CABLE - FUSION,,43466,39.99,,FUSION,Accessory,1,MRN - ACC - CABLE - FUSION,CAB000853-06,9419523302262,"NMEA 2000 Backbone/Drop Cable, 20ft(6M)",1, $39.99 , $25.99 ,,,,,,,,,,,
WWWWWWWW,Audio Accessories,ACC - CABLE - FUSION,,45441,69.99,,FUSION,Accessory,1,MRN - ACC - CABLE - FUSION,010-13356-00,753759334529,Fusion Performance RCA Cable Dual Female to 8-way Male Splitter,1, $69.99 , $45.49 ,,,,,,,,,,,
WWWWWWWW,Audio Accessories,ACC - CABLE - FUSION,,43466,259.99,,FUSION,Accessory,1,MRN - ACC - CABLE - FUSION,010-12899-20,753759261672,"Marine Speaker Cable, Fusion, 16AWG, 328 foot",6, $259.99 , $168.99 ,,,,,,,,,,,
WWWWWWWW,Audio Accessories,ACC - CABLE - FUSION,,43466,42.99,,FUSION,Accessory,1,MRN - ACC - CABLE - FUSION,010-12899-10,753759223823,"Marine Speaker Cable, Fusion, 16AWG, 50 foot",16, $42.99 , $27.94 ,,,,,,,,,,,
WWWWWWWW,Audio Accessories,ACC - CABLE - FUSION,,43466,31.99,,FUSION,Accessory,1,MRN - ACC - CABLE - FUSION,010-12899-00,753759223816,"Marine Speaker Cable, Fusion, 16AWG, 25 foot",16, $31.99 , $20.79 ,,,,,,,,,,,
WWWWWWWW,Audio Accessories,ACC - CABLE - FUSION,,43466,389.99,,FUSION,Accessory,1,MRN - ACC - CABLE - FUSION,010-12898-20,753759261665,"Marine Speaker Cable, Fusion, 12AWG, 328 foot",4, $389.99 , $253.49 ,,,,,,,,,,,
WWWWWWWW,Audio Accessories,ACC - CABLE - FUSION,,43466,74.99,,FUSION,Accessory,1,MRN - ACC - CABLE - FUSION,010-12898-10,753759223809,"Marine Speaker Cable, Fusion, 12AWG, 50 foot",16, $74.99 , $48.74 ,,,,,,,,,,,
WWWWWWWW,Audio Accessories,ACC - CABLE - FUSION,,43466,52.99,,FUSION,Accessory,1,MRN - ACC - CABLE - FUSION,010-12898-00,753759223793,"Marine Speaker Cable, Fusion, 12AWG, 25 foot",16, $52.99 , $34.44 ,,,,,,,,,,,
WWWWWWWW,Audio Accessories,ACC - CABLE - FUSION,,43466,79.99,,FUSION,Accessory,1,MRN - ACC - CABLE - FUSION,010-12744-02,753759213329,"RJ45 Ethernet Cable, 65ft (20.1m)",15, $79.99 , $51.99 ,,,,,,,,,,,
WWWWWWWW,Audio Accessories,ACC - CABLE - FUSION,,43466,59.99,,FUSION,Accessory,1,MRN - ACC - CABLE - FUSION,010-12744-01,753759213312,"RJ45 Ethernet Cable, 40ft (12.2m)",1, $59.99 , $38.99 ,,,,,,,,,,,
WWWWWWWW,Audio Accessories,ACC - CABLE - FUSION,,43466,49.99,49.99,FUSION,Accessory,1,MRN - ACC - CABLE - FUSION,010-12744-00,753759213343,"RJ45 Ethernet Cable, 20ft (6.09m)",40, $49.99 , $32.49 ,,,,,,,,,,,
WWWWWWWW,Audio Accessories,ACC - CABLE - FUSION,,,109.99,109.99,SWITCH,Accessory,1,MRN - ACC - CABLE - FUSION,010-12753-40,753759257651,"AC-SW005, 5 Port Ethernet Switch",1, $109.99 , $71.49 ,,,,,,,,,,,
WWWWWWWW,Audio Accessories,ACC - CABLE - JL,,43885,139.99,139.99,ADAPTER,Accessory,1,MRN - ACC - CABLE - JL,010-13865-00,699440999465,"MVi-DRCADAPT, Adapter, JLA, (99946)",1, $139.99 , $90.99 ,,,,,,,,,,,
WWWWWWWW,Audio Accessories,ACC - CABLE - JL,,43956,34.99,,ADAPTER,Accessory,1,MRN - ACC - CABLE - JL,010-13857-00,699440999250,"MMC-SXM/AUX, Adapter, JLA, (99925)",1, $34.99 , $22.74 ,,,,,,,,,,,
WWWWWWWW,Audio Accessories,ACC - CABLE - JL,,,9.99,9.99,BADGE,Accessory,1,MRN - ACC - CABLE - JL,010-13613-00,699440900256,3M Badge,1, $9.99 , $6.49 ,,,,,,,,,,,
WWWWWWWW,Audio Accessories,ACC - CABLE - JL,,42432,34.99,,CABL,Accessory,1,MRN - ACC - CABLE - JL,010-13854-00,699440999083,"MMC-2Y, Cable, JLA, (99908)",1, $34.99 , $22.74 ,,,,,,,,,,,
WWWWWWWW,Audio Accessories,ACC - CABLE - JL,,42012,29.99,,CABL,Accessory,1,MRN - ACC - CABLE - JL,010-13732-00,699440918237,"XC-BCSC16-25, Cable, JLA, (91823)",1, $29.99 , $19.49 ,,,,,,,,,,,
WWWWWWWW,Audio Accessories,ACC - CABLE - JL,,42012,579.99,579.99,CABL,Accessory,1,MRN - ACC - CABLE - JL,010-13731-00,699440918220,"XC-BCSC12-380, Cable, JLA, (91822)",1, $579.99 , $376.99 ,,,,,,,,,,,
WWWWWWWW,Audio Accessories,ACC - CABLE - JL,,42019,69.99,69.99,CABL,Accessory,1,MRN - ACC - CABLE - JL,010-13730-00,699440918213,"XC-BCSC12-25, Cable, JLA, (91821)",16, $69.99 , $45.49 ,,,,,,,,,,,
WWWWWWWW,Audio Accessories,ACC - CABLE - JL,,43776,54.99,54.99,CABL,Accessory,1,MRN - ACC - CABLE - JL,010-13563-00,699440906876,"XMD-USB1X-PNL, Cable, JLA, (90687)",1, $54.99 , $35.74 ,,,,,,,,,,,
WWWWWWWW,Audio Accessories,ACC - CABLE - JL,,42020,19.99,,CABL,Accessory,1,MRN - ACC - CABLE - JL,010-13554-00,699440904841,"XMD-WHTAIC2-1.5, Cable, JLA, (90484)",1, $19.99 , $12.99 ,,,,,,,,,,,
WWWWWWWW,Audio Accessories,ACC - CABLE - JL,,42011,19.99,19.99,CABL,Accessory,1,MRN - ACC - CABLE - JL,010-13553-00,699440904759,"XMD-WHTAICY-1M2F, Cable, JLA, (90475)",1, $19.99 , $12.99 ,,,,,,,,,,,
WWWWWWWW,Audio Accessories,ACC - CABLE - JL,,42011,19.99,19.99,CABL,Accessory,1,MRN - ACC - CABLE - JL,010-13552-00,699440904728,"XMD-WHTAICY-1F2M, Cable, JLA, (90472)",1, $19.99 , $12.99 ,,,,,,,,,,,
WWWWWWWW,Audio Accessories,ACC - CABLE - JL,,42769,34.99,,CABL,Accessory,1,MRN - ACC - CABLE - JL,010-13486-00,699440904711,"XD-USB-A/B-18, Cable, JLA, (90471)",1, $34.99 , $22.74 ,,,,,,,,,,,
WWWWWWWW,Audio Accessories,ACC - CABLE - JL,,42016,89.99,89.99,CABL,Accessory,1,MRN - ACC - CABLE - JL,010-13475-00,699440904421,"XMD-WHTAIC4-25, Cable, JLA, (90442)",1, $89.99 , $58.49 ,,,,,,,,,,,
WWWWWWWW,Audio Accessories,ACC - CABLE - JL,,42016,69.99,69.99,CABL,Accessory,1,MRN - ACC - CABLE - JL,010-13474-00,699440904414,"XMD-WHTAIC4-12, Cable, JLA, (90441)",1, $69.99 , $45.49 ,,,,,,,,,,,
WWWWWWWW,Audio Accessories,ACC - CABLE - JL,,42016,49.99,49.99,CABL,Accessory,1,MRN - ACC - CABLE - JL,010-13473-00,699440904407,"XMD-WHTAIC4-6, Cable, JLA, (90440)",1, $49.99 , $32.49 ,,,,,,,,,,,
WWWWWWWW,Audio Accessories,ACC - CABLE - JL,,42011,34.99,34.99,CABL,Accessory,1,MRN - ACC - CABLE - JL,010-13458-00,699440903653,"XD-MINIRCA-6, Cable, JLA, (90365)",1, $34.99 , $22.74 ,,,,,,,,,,,
WWWWWWWW,Audio Accessories,ACC - CABLE - JL,,42780,649.99,649.99,CABL,Accessory,1,MRN - ACC - CABLE - JL,010-13450-00,699440902540,"XM-WHTSC12-380, Cable, JLA, (90254)",1, $649.99 , $422.49 ,,,,,,,,,,,
WWWWWWWW,Audio Accessories,ACC - CABLE - JL,,42780,74.99,74.99,CABL,Accessory,1,MRN - ACC - CABLE - JL,010-13449-00,699440902533,"XM-WHTSC12-25, Cable, JLA, (90253)",1, $74.99 , $48.74 ,,,,,,,,,,,
WWWWWWWW,Audio Accessories,ACC - CABLE - JL,,42613,19.99,19.99,CABL,Accessory,1,MRN - ACC - CABLE - JL,010-13448-00,699440901352,"XD-AICS-1F4F, Cable, JLA, (90135)",1, $19.99 , $12.99 ,,,,,,,,,,,
WWWWWWWW,Audio Accessories,ACC - CABLE - JL,,42613,17.99,17.99,CABL,Accessory,1,MRN - ACC - CABLE - JL,010-13447-00,699440901345,"XD-AICS-1F2F, Cable, JLA, (90134)",1, $17.99 , $11.69 ,,,,,,,,,,,
WWWWWWWW,Audio Accessories,ACC - CABLE - JL,,42011,24.99,24.99,CABL,Accessory,1,MRN - ACC - CABLE - JL,010-13446-00,699440904360,"XMD-WHTAIC2-3, Cable, JLA, (90436)",1, $24.99 , $16.24 ,,,,,,,,,,,
WWWWWWWW,Audio Accessories,ACC - CABLE - JL,,42419,34.99,,CABL,Accessory,1,MRN - ACC - CABLE - JL,010-13430-00,699440999144,"MMC-6, Cable, JLA, (99914)",1, $34.99 , $22.74 ,,,,,,,,,,,
WWWWWWWW,Audio Accessories,ACC - CABLE - JL,,42419,54.99,,CABL,Accessory,1,MRN - ACC - CABLE - JL,010-13429-00,699440999052,"MMC-25, Cable, JLA, (99905)",1, $54.99 , $35.74 ,,,,,,,,,,,
WWWWWWWW,Audio Accessories,ACC - CABLE - JL,,42011,479.99,479.99,CABL,Accessory,1,MRN - ACC - CABLE - JL,010-13425-00,699440916929,"XM-WHTSC16-500, Cable, JLA, FG, (91692)",1, $479.99 , $311.99 ,,,,,,,,,,,
WWWWWWWW,Audio Accessories,ACC - CABLE - JL,,42011,49.99,49.99,CABL,Accessory,1,MRN - ACC - CABLE - JL,010-13424-00,699440916912,"XM-WHTSC16-25, Cable, JLA, (91691)",1, $49.99 , $32.49 ,,,,,,,,,,,
WWWWWWWW,Audio Accessories,ACC - CABLE - JL,,42438,649.99,649.99,CABL,Accessory,1,MRN - ACC - CABLE - JL,010-13423-00,699440909563,"XM-WHTMFC-250, Cable, JLA, (90956)",1, $649.99 , $422.49 ,,,,,,,,,,,
WWWWWWWW,Audio Accessories,ACC - CABLE - JL,,42436,99.99,99.99,CABL,Accessory,1,MRN - ACC - CABLE - JL,010-13422-00,699440909556,"XM-WHTMFC-25, Cable, JLA, (90955)",1, $99.99 , $64.99 ,,,,,,,,,,,
WWWWWWWW,Audio Accessories,ACC - CABLE - JL,,42011,49.99,49.99,CABL,Accessory,1,MRN - ACC - CABLE - JL,010-13415-00,699440904391,"XMD-WHTAIC2-25, Cable, JLA, (90439)",1, $49.99 , $32.49 ,,,,,,,,,,,
WWWWWWWW,Audio Accessories,ACC - CABLE - JL,,42011,39.99,39.99,CABL,Accessory,1,MRN - ACC - CABLE - JL,010-13414-00,699440904384,"XMD-WHTAIC2-12, Cable, JLA, (90438)",1, $39.99 , $25.99 ,,,,,,,,,,,
WWWWWWWW,Audio Accessories,ACC - CABLE - JL,,42011,34.99,34.99,CABL,Accessory,1,MRN - ACC - CABLE - JL,010-13413-00,699440904377,"XMD-WHTAIC2-6, Cable, JLA, (90437)",1, $34.99 , $22.74 ,,,,,,,,,,,
WWWWWWWW,Audio Accessories,ACC - CABLE - JL,,43223,64.99,,POWER,Accessory,1,MRN - ACC - CABLE - JL,010-13859-00,699440999281,"MMC-PN2K-25, Power Connection, JLA, (99928)",1, $64.99 , $42.24 ,,,,,,,,,,,
WWWWWWWW,Audio Accessories,ACC - CABLE - JL,,43223,54.99,,POWER,Accessory,1,MRN - ACC - CABLE - JL,010-13858-00,699440999274,"MMC-PN2K-6, Power Connection, JLA, (99927)",1, $54.99 , $35.74 ,,,,,,,,,,,
WWWWWWWW,Audio Accessories,ACC - CABLE - JL,,42104,99.99,99.99,POWER,Accessory,1,MRN - ACC - CABLE - JL,010-13685-00,699440909488,"XMD-MCB-80, Power Connection, JLA, (90948)",1, $99.99 , $64.99 ,,,,,,,,,,,
WWWWWWWW,Audio Accessories,ACC - CABLE - JL,,42107,99.99,99.99,POWER,Accessory,1,MRN - ACC - CABLE - JL,010-13684-00,699440909471,"XMD-MCB-60, Power Connection, JLA, (90947)",1, $99.99 , $64.99 ,,,,,,,,,,,
WWWWWWWW,Audio Accessories,ACC - CABLE - JL,,42146,99.99,99.99,POWER,Accessory,1,MRN - ACC - CABLE - JL,010-13683-00,699440909464,"XMD-MCB-50, Power Connection, JLA, (90946)",1, $99.99 , $64.99 ,,,,,,,,,,,
WWWWWWWW,Audio Accessories,ACC - CABLE - JL,,42107,99.99,99.99,POWER,Accessory,1,MRN - ACC - CABLE - JL,010-13682-00,699440909457,"XMD-MCB-40, Power Connection, JLA, (90945)",1, $99.99 , $64.99 ,,,,,,,,,,,
WWWWWWWW,Audio Accessories,ACC - CABLE - JL,,42103,99.99,99.99,POWER,Accessory,1,MRN - ACC - CABLE - JL,010-13681-00,699440909440,"XMD-MCB-30, Power Connection, JLA, (90944)",1, $99.99 , $64.99 ,,,,,,,,,,,
WWWWWWWW,Audio Accessories,ACC - CABLE - JL,,43776,149.99,149.99,POWER,Accessory,1,MRN - ACC - CABLE - JL,010-13649-00,699440904001,"XMD-PCS30A-1-L12, Power Connection, JLA, (90400)",1, $149.99 , $97.49 ,,,,,,,,,,,
WWWWWWWW,Audio Accessories,ACC - CABLE - JL,,44841,94.99,94.99,POWER,Accessory,1,MRN - ACC - CABLE - JL,010-13623-00,699440902014,"XMD-USBCA/CHG2X-PNL, Power Connection, JLA, (90201)",1, $94.99 , $61.74 ,,,,,,,,,,,
WWWWWWWW,Audio Accessories,ACC - CABLE - JL,,42003,5.99,5.99,POWER,Accessory,1,MRN - ACC - CABLE - JL,010-13479-00,699440904483,"XD-MAXI-60, Power Connection, JLA, (90448)",1, $5.99 , $3.89 ,,,,,,,,,,,
WWWWWWWW,Audio Accessories,ACC - CABLE - JL,,42011,5.99,5.99,POWER,Accessory,1,MRN - ACC - CABLE - JL,010-13478-00,699440904476,"XD-MAXI-50, Power Connection, JLA, (90447)",1, $5.99 , $3.89 ,,,,,,,,,,,
WWWWWWWW,Audio Accessories,ACC - CABLE - JL,,42016,5.99,5.99,POWER,Accessory,1,MRN - ACC - CABLE - JL,010-13477-00,699440904469,"XD-MAXI-40, Power Connection, JLA, (90446)",1, $5.99 , $3.89 ,,,,,,,,,,,
WWWWWWWW,Audio Accessories,ACC - CABLE - JL,,42017,5.99,5.99,POWER,Accessory,1,MRN - ACC - CABLE - JL,010-13476-00,699440904452,"XD-MAXI-30, Power Connection, JLA, (90445)",1, $5.99 , $3.89 ,,,,,,,,,,,
WWWWWWWW,Audio Accessories,ACC - CABLE - JL,,43756,599.99,599.99,POWER,Accessory,1,MRN - ACC - CABLE - JL,010-13462-00,699440904094,"XM-RPW2-50, Power Connection, JLA, (90409)",1, $599.99 , $389.99 ,,,,,,,,,,,
WWWWWWWW,Audio Accessories,ACC - CABLE - JL,,43678,599.99,599.99,POWER,Accessory,1,MRN - ACC - CABLE - JL,010-13461-00,699440904087,"XM-YPW2-50, Power Connection, JLA, (90408)",1, $599.99 , $389.99 ,,,,,,,,,,,
WWWWWWWW,Audio Accessories,ACC - CABLE - JL,,43676,999.99,,POWER,Accessory,1,MRN - ACC - CABLE - JL,010-13460-00,699440904070,"XM-RPW6-200, Power Connection, JLA, (90407)",1, $999.99 , $649.99 ,,,,,,,,,,,
WWWWWWWW,Audio Accessories,ACC - CABLE - JL,,43676,1099.99,1099.99,POWER,Accessory,1,MRN - ACC - CABLE - JL,010-13459-00,699440904063,"XM-YPW6-200, Power Connection, JLA, (90406)",1," $1,099.99 ", $714.99 ,,,,,,,,,,,
WWWWWWWW,Audio Accessories,ACC - CABLE - JL,,42062,349.99,349.99,POWER,Accessory,1,MRN - ACC - CABLE - JL,010-13418-00,699440904872,"XMD-PCS50A-1-L20, Power Connection, JLA, (90487)",1, $349.99 , $227.49 ,,,,,,,,,,,
WWWWWWWW,Audio Accessories,ACC - CABLE - JL,,42062,249.99,249.99,POWER,Accessory,1,MRN - ACC - CABLE - JL,010-13417-00,699440904858,"XMD-PCS50A-1-L10, Power Connection, JLA, (90485)",1, $249.99 , $162.49 ,,,,,,,,,,,
WWWWWWWW,Audio Accessories,ACC - CASE - FUSION,,43466,119.99,119.99,CASE,Accessory,1,MRN - ACC - CASE - FUSION,010-12519-00,753759167509,WS-DK150R-Red Stereo Active Safe,8, $119.99 , $77.99 ,,,,,,,,,,,
WWWWWWWW,Audio Accessories,ACC - COVER - FUSION,,43466,19.99,,COVR,Accessory,1,MRN - ACC - COVER - FUSION,010-12937-00,753759236786,SM-x65SPW,24, $19.99 , $12.99 ,,,,,,,,,,,
WWWWWWWW,Audio Accessories,ACC - COVER - FUSION,,43466,20.99,,COVR,Accessory,1,MRN - ACC - COVER - FUSION,010-12880-30,753759221669,XS-X10CB,16, $20.99 , $13.64 ,,,,,,,,,,,
WWWWWWWW,Audio Accessories,ACC - COVER - FUSION,,43466,20.99,,COVR,Accessory,1,MRN - ACC - COVER - FUSION,010-12880-20,753759221652,XS-X101CW,16, $20.99 , $13.64 ,,,,,,,,,,,
WWWWWWWW,Audio Accessories,ACC - COVER - FUSION,,43466,26.99,,COVR,Accessory,1,MRN - ACC - COVER - FUSION,010-12880-10,753759221645,XS-X10SPG,16, $26.99 , $17.54 ,,,,,,,,,,,
WWWWWWWW,Audio Accessories,ACC - COVER - FUSION,,43466,20.99,,COVR,Accessory,1,MRN - ACC - COVER - FUSION,010-12880-00,753759221638,XS-X10SPW,16, $20.99 , $13.64 ,,,,,,,,,,,
WWWWWWWW,Audio Accessories,ACC - COVER - FUSION,,43466,18.99,,COVR,Accessory,1,MRN - ACC - COVER - FUSION,010-12879-30,753759221621,XS-X77CB,12, $18.99 , $12.34 ,,,,,,,,,,,
WWWWWWWW,Audio Accessories,ACC - COVER - FUSION,,43466,18.99,,COVR,Accessory,1,MRN - ACC - COVER - FUSION,010-12879-20,753759221614,XS-X77CW,12, $18.99 , $12.34 ,,,,,,,,,,,
WWWWWWWW,Audio Accessories,ACC - COVER - FUSION,,43466,26.99,,COVR,Accessory,1,MRN - ACC - COVER - FUSION,010-12879-10,753759221607,XS-X77SPG,12, $26.99 , $17.54 ,,,,,,,,,,,
WWWWWWWW,Audio Accessories,ACC - COVER - FUSION,,43466,18.99,,COVR,Accessory,1,MRN - ACC - COVER - FUSION,010-12879-00,753759221591,XS-X77SPW,3, $18.99 , $12.34 ,,,,,,,,,,,
WWWWWWWW,Audio Accessories,ACC - COVER - FUSION,,43466,16.99,,COVR,Accessory,1,MRN - ACC - COVER - FUSION,010-12878-50,753759250867,XS-X65SPB,12, $16.99 , $11.04 ,,,,,,,,,,,
WWWWWWWW,Audio Accessories,ACC - COVER - FUSION,,43466,16.99,,COVR,Accessory,1,MRN - ACC - COVER - FUSION,010-12878-30,753759221584,XS-X65CB,12, $16.99 , $11.04 ,,,,,,,,,,,
WWWWWWWW,Audio Accessories,ACC - COVER - FUSION,,43466,16.99,,COVR,Accessory,1,MRN - ACC - COVER - FUSION,010-12878-20,753759221577,XS-X65CW,4, $16.99 , $11.04 ,,,,,,,,,,,
WWWWWWWW,Audio Accessories,ACC - COVER - FUSION,,43466,20.99,,COVR,Accessory,1,MRN - ACC - COVER - FUSION,010-12878-10,753759221560,XS-X65SPG,12, $20.99 , $13.64 ,,,,,,,,,,,
WWWWWWWW,Audio Accessories,ACC - COVER - FUSION,,43466,16.99,,COVR,Accessory,1,MRN - ACC - COVER - FUSION,010-12878-00,753759221553,XS-X65SPW,12, $16.99 , $11.04 ,,,,,,,,,,,
WWWWWWWW,Audio Accessories,ACC - COVER - FUSION,,43466,16.99,,COVR,Accessory,1,MRN - ACC - COVER - FUSION,010-12789-40,753759232122,EL-X651SPB,16, $16.99 , $11.04 ,,,,,,,,,,,
WWWWWWWW,Audio Accessories,ACC - COVER - FUSION,,43466,16.99,,COVR,Accessory,1,MRN - ACC - COVER - FUSION,010-12789-30,753759213398,EL-X651B,16, $16.99 , $11.04 ,,,,,,,,,,,
WWWWWWWW,Audio Accessories,ACC - COVER - FUSION,,43466,16.99,,COVR,Accessory,1,MRN - ACC - COVER - FUSION,010-12789-20,753759208752,EL-X651W,16, $16.99 , $11.04 ,,,,,,,,,,,
WWWWWWWW,Audio Accessories,ACC - COVER - FUSION,,43466,20.99,,COVR,Accessory,1,MRN - ACC - COVER - FUSION,010-12789-10,753759208745,EL-X651SPG,16, $20.99 , $13.64 ,,,,,,,,,,,
WWWWWWWW,Audio Accessories,ACC - COVER - FUSION,,43466,16.99,,COVR,Accessory,1,MRN - ACC - COVER - FUSION,010-12789-00,753759208738,EL-X651SPW,16, $16.99 , $11.04 ,,,,,,,,,,,
WWWWWWWW,Audio Accessories,ACC - COVER - FUSION,,43466,24.99,24.99,COVR,Accessory,1,MRN - ACC - COVER - FUSION,010-12745-01,753759221775,MS-RA670CV,84, $24.99 , $16.24 ,,,,,,,,,,,
WWWWWWWW,Audio Accessories,ACC - COVER - FUSION,,43466,24.99,24.99,COVR,Accessory,1,MRN - ACC - COVER - FUSION,010-12745-00,753759213305,MS-SRX400,76, $24.99 , $16.24 ,,,,,,,,,,,
WWWWWWWW,Audio Accessories,ACC - COVER - FUSION,,45827,16.99,,COVR,Accessory,1,MRN - ACC - COVER - FUSION,010-12743-01,753759330392,"Dust Cover, MS-RA800 Stereo",36, $16.99 , $11.04 ,,,,,,,,,,,
WWWWWWWW,Audio Accessories,ACC - COVER - FUSION,,43466,24.99,24.99,COVR,Accessory,1,MRN - ACC - COVER - FUSION,010-12743-00,753759213299,MS-RA770CV,30, $24.99 , $16.24 ,,,,,,,,,,,
WWWWWWWW,Audio Accessories,ACC - COVER - FUSION,,43466,39.99,,COVR,Accessory,1,MRN - ACC - COVER - FUSION,010-12717-30,753759208677,SG-x10B,16, $39.99 , $25.99 ,,,,,,,,,,,
WWWWWWWW,Audio Accessories,ACC - COVER - FUSION,,43466,49.99,,COVR,Accessory,1,MRN - ACC - COVER - FUSION,010-12717-20,753759204488,SG-x88B,8, $49.99 , $32.49 ,,,,,,,,,,,
WWWWWWWW,Audio Accessories,ACC - COVER - FUSION,,43466,44.99,,COVR,Accessory,1,MRN - ACC - COVER - FUSION,010-12717-10,753759204471,SG-x77B,8, $44.99 , $29.24 ,,,,,,,,,,,
WWWWWWWW,Audio Accessories,ACC - COVER - FUSION,,43466,39.99,,COVR,Accessory,1,MRN - ACC - COVER - FUSION,010-12717-00,753759204464,SG-x65B,12, $39.99 , $25.99 ,,,,,,,,,,,
WWWWWWWW,Audio Accessories,ACC - COVER - FUSION,,43466,4.99,,COVR,Accessory,1,MRN - ACC - COVER - FUSION,010-12519-43,753759180300,WS-PKCVR,1, $4.99 , $3.24 ,,,,,,,,,,,
WWWWWWWW,Audio Accessories,ACC - COVER - FUSION,,43466,24.99,24.99,COVR,Accessory,1,MRN - ACC - COVER - FUSION,010-12466-01,753759159610,MS-RA70CV,50, $24.99 , $16.24 ,,,,,,,,,,,
WWWWWWWW,Audio Accessories,ACC - COVER - JL,,42605,159.99,159.99,COVR,Accessory,1,MRN - ACC - COVER - JL,010-13835-00,699440958530,"M880ETX-CVR, Grille, JLA, (95853)",1, $159.99 , $103.99 ,,,,,,,,,,,
WWWWWWWW,Audio Accessories,ACC - COVER - JL,,42605,159.99,159.99,COVR,Accessory,1,MRN - ACC - COVER - JL,010-13834-00,699440958509,"M770ETX-CVR, Grille, JLA, (95850)",1, $159.99 , $103.99 ,,,,,,,,,,,
WWWWWWWW,Audio Accessories,ACC - COVER - JL,,42822,299.99,299.99,COVR,Accessory,1,MRN - ACC - COVER - JL,010-13700-00,699440912464,"M-LCB-C-W, Grille, JLA, (91246)",1, $299.99 , $194.99 ,,,,,,,,,,,
WWWWWWWW,Audio Accessories,ACC - COVER - JL,,43125,249.99,249.99,COVR,Accessory,1,MRN - ACC - COVER - JL,010-13699-00,699440912457,"M-LCA-C-W, Grille, JLA, (91245)",1, $249.99 , $162.49 ,,,,,,,,,,,
WWWWWWWW,Audio Accessories,ACC - COVER - JL,,42011,29.99,,COVR,Accessory,1,MRN - ACC - COVER - JL,010-13437-00,699440905978,"SGR-6W3v3, Grille, JLA, (90597)",4, $29.99 , $19.49 ,,,,,,,,,,,
WWWWWWWW,Audio Accessories,ACC - COVER - JL,,42011,49.99,49.99,COVR,Accessory,1,MRN - ACC - COVER - JL,010-13420-00,699440905220,"SGR-12TW3, Grille, JLA, (90522)",4, $49.99 , $32.49 ,,,,,,,,,,,
WWWWWWWW,Audio Accessories,ACC - COVER - JL,,42011,39.99,,COVR,Accessory,1,MRN - ACC - COVER - JL,010-13419-00,699440905213,"SGR-10TW3, Grille, JLA, (90521)",4, $39.99 , $25.99 ,,,,,,,,,,,
WWWWWWWW,Audio Accessories,ACC - KNOB - JL,,42011,9.99,,JL AUDIO,Accessory,1,MRN - ACC - KNOB - JL,010-13842-00,699440981910,"CS Alum Knob, Volume Pot, Replacement Knob, JLA, (98191)",1, $9.99 , $6.49 ,,,,,,,,,,,
WWWWWWWW,Audio Accessories,ACC - MOUNT - FUSION,,1,24.99,24.99,MNT,Accessory,1,MRN - ACC - MOUNT - FUSION,MS-RA200MP,MS-RA200MP,Head Unit Mounting Plate for 200/600 Series,1, $24.99 , $16.24 ,,,,,,,,,,,
WWWWWWWW,Audio Accessories,ACC - MOUNT - FUSION,,43466,99.99,,MNT,Accessory,1,MRN - ACC - MOUNT - FUSION,010-13101-20,753759280871,XS-MNTFL,1, $99.99 , $64.99 ,,,,,,,,,,,
WWWWWWWW,Audio Accessories,ACC - MOUNT - FUSION,,43466,99.99,,MNT,Accessory,1,MRN - ACC - MOUNT - FUSION,010-13101-10,753759280864,XS-MNTSP,1, $99.99 , $64.99 ,,,,,,,,,,,
WWWWWWWW,Audio Accessories,ACC - MOUNT - FUSION,,43466,99.99,,MNT,Accessory,1,MRN - ACC - MOUNT - FUSION,010-13101-00,753759280857,XS-MNTBP,1, $99.99 , $64.99 ,,,,,,,,,,,
WWWWWWWW,Audio Accessories,ACC - MOUNT - FUSION,,44405,19.99,19.99,MNT,Accessory,1,MRN - ACC - MOUNT - FUSION,010-13097-00,753759270742,Fusion Apollo Zone Amplifier Mounting Bracket,1, $19.99 , $12.99 ,,,,,,,,,,,
WWWWWWWW,Audio Accessories,ACC - MOUNT - FUSION,,44749,99.99,,MNT,Accessory,1,MRN - ACC - MOUNT - FUSION,010-13089-10,753759269890,MS-FM77KIT,1, $99.99 , $64.99 ,,,,,,,,,,,
WWWWWWWW,Audio Accessories,ACC - MOUNT - FUSION,,44749,89.99,,MNT,Accessory,1,MRN - ACC - MOUNT - FUSION,010-13089-00,753759269883,MS-FM65KIT,1, $89.99 , $58.49 ,,,,,,,,,,,
WWWWWWWW,Audio Accessories,ACC - MOUNT - FUSION,,44405,19.99,19.99,MNT,Accessory,1,MRN - ACC - MOUNT - FUSION,010-12964-11,753759282790,Fusion Apollo 6/8 Channel Amplifier Mounting Bracket,1, $19.99 , $12.99 ,,,,,,,,,,,
WWWWWWWW,Audio Accessories,ACC - MOUNT - FUSION,,44350,19.99,19.99,MNT,Accessory,1,MRN - ACC - MOUNT - FUSION,010-12964-10,753759268718,Fusion Apollo Monoblock/4 Channel Amplifier Mounting Bracket,1, $19.99 , $12.99 ,,,,,,,,,,,
WWWWWWWW,Audio Accessories,ACC - MOUNT - FUSION,,43466,19.99,,MNT,Accessory,1,MRN - ACC - MOUNT - FUSION,010-12937-21,753759236830,SM-x65SP3B,24, $19.99 , $12.99 ,,,,,,,,,,,
WWWWWWWW,Audio Accessories,ACC - MOUNT - FUSION,,43466,19.99,,MNT,Accessory,1,MRN - ACC - MOUNT - FUSION,010-12937-11,753759236816,SM-x65SP2B,24, $19.99 , $12.99 ,,,,,,,,,,,
WWWWWWWW,Audio Accessories,ACC - MOUNT - FUSION,,43466,19.99,,MNT,Accessory,1,MRN - ACC - MOUNT - FUSION,010-12937-10,753759236809,SM-x65SP2W,24, $19.99 , $12.99 ,,,,,,,,,,,
WWWWWWWW,Audio Accessories,ACC - MOUNT - FUSION,,43466,19.99,,MNT,Accessory,1,MRN - ACC - MOUNT - FUSION,010-12937-01,753759236793,SM-x65SPB,24, $19.99 , $12.99 ,,,,,,,,,,,
WWWWWWWW,Audio Accessories,ACC - MOUNT - FUSION,,43945,9.99,9.99,MNT,Accessory,1,MRN - ACC - MOUNT - FUSION,010-12922-02,753759225957,Fusion Apollo ERX400 Surface Mount Spacer,1, $9.99 , $6.49 ,,,,,,,,,,,
WWWWWWWW,Audio Accessories,ACC - MOUNT - FUSION,,43466,149.99,,MNT,Accessory,1,MRN - ACC - MOUNT - FUSION,010-12831-90,753759218843,SG-FTMNTSR Fusion,10, $149.99 , $97.49 ,,,,,,,,,,,
WWWWWWWW,Audio Accessories,ACC - MOUNT - FUSION,,43466,19.99,19.99,MNT,Accessory,1,MRN - ACC - MOUNT - FUSION,010-12830-00,753759216368,MS-SRX400FMK,1, $19.99 , $12.99 ,,,,,,,,,,,
WWWWWWWW,Audio Accessories,ACC - MOUNT - FUSION,,45827,49.99,,MNT,Accessory,1,MRN - ACC - MOUNT - FUSION,010-12829-04,753759330408,"Retrofit Kit, MS-RA800",28, $49.99 , $32.49 ,,,,,,,,,,,
WWWWWWWW,Audio Accessories,ACC - MOUNT - FUSION,,43466,26.99,,MNT,Accessory,1,MRN - ACC - MOUNT - FUSION,010-12829-03,753759225117,MS-RA670RFK,28, $26.99 , $17.54 ,,,,,,,,,,,
WWWWWWWW,Audio Accessories,ACC - MOUNT - FUSION,,43466,29.99,29.99,MNT,Accessory,1,MRN - ACC - MOUNT - FUSION,010-12829-00,753759217891,MS-RA770RFK,1, $29.99 , $19.49 ,,,,,,,,,,,
WWWWWWWW,Audio Accessories,ACC - MOUNT - FUSION,,43466,15.99,,MNT,Accessory,1,MRN - ACC - MOUNT - FUSION,010-12817-02,753759225100,MS-RA670FMK,1, $15.99 , $10.39 ,,,,,,,,,,,
WWWWWWWW,Audio Accessories,ACC - MOUNT - FUSION,,43466,19.99,19.99,MNT,Accessory,1,MRN - ACC - MOUNT - FUSION,010-12817-00,753759213336,MS-RA770FMK,280, $19.99 , $12.99 ,,,,,,,,,,,
WWWWWWWW,Audio Accessories,ACC - MOUNT - FUSION,,43466,34.99,34.99,MNT,Accessory,1,MRN - ACC - MOUNT - FUSION,010-12753-00,753759204006,PS-A43SPB,12, $34.99 , $22.74 ,,,,,,,,,,,
WWWWWWWW,Audio Accessories,ACC - MOUNT - FUSION,,43466,19.99,,MNT,Accessory,1,MRN - ACC - MOUNT - FUSION,010-12591-00,753759175153,RV-FS16SPB,12, $19.99 , $12.99 ,,,,,,,,,,,
WWWWWWWW,Audio Accessories,ACC - MOUNT - FUSION,,43466,19.99,,MNT,Accessory,1,MRN - ACC - MOUNT - FUSION,010-12590-00,753759175146,RV-FS16SPW,10, $19.99 , $12.99 ,,,,,,,,,,,
WWWWWWWW,Audio Accessories,ACC - MOUNT - FUSION,,43466,24.99,,MNT,Accessory,1,MRN - ACC - MOUNT - FUSION,010-12589-00,753759175139,RV-FS22SPB,12, $24.99 , $16.24 ,,,,,,,,,,,
WWWWWWWW,Audio Accessories,ACC - MOUNT - FUSION,,43466,24.99,,MNT,Accessory,1,MRN - ACC - MOUNT - FUSION,010-12588-00,753759175122,RV-FS22SPW,12, $24.99 , $16.24 ,,,,,,,,,,,
WWWWWWWW,Audio Accessories,ACC - MOUNT - FUSION,,43466,29.99,,MNT,Accessory,1,MRN - ACC - MOUNT - FUSION,010-12587-00,753759175115,RV-FS41SPB,8, $29.99 , $19.49 ,,,,,,,,,,,
WWWWWWWW,Audio Accessories,ACC - MOUNT - FUSION,,43466,29.99,,MNT,Accessory,1,MRN - ACC - MOUNT - FUSION,010-12586-00,753759175108,RV-FS41SPW,8, $29.99 , $19.49 ,,,,,,,,,,,
WWWWWWWW,Audio Accessories,ACC - MOUNT - FUSION,,43466,29.99,,MNT,Accessory,1,MRN - ACC - MOUNT - FUSION,010-12519-42,753759171964,WS-PKTD,16, $29.99 , $19.49 ,,,,,,,,,,,
WWWWWWWW,Audio Accessories,ACC - MOUNT - FUSION,,43466,14.99,,MNT,Accessory,1,MRN - ACC - MOUNT - FUSION,010-12519-30,753759167608,MS-USB16-Low profile Flash Drive-16GB,1, $14.99 , $9.74 ,,,,,,,,,,,
WWWWWWWW,Audio Accessories,ACC - MOUNT - FUSION,,43466,24.99,,MNT,Accessory,1,MRN - ACC - MOUNT - FUSION,010-12466-00,753759159603,MS-RA70DC,16, $24.99 , $16.24 ,,,,,,,,,,,
WWWWWWWW,Audio Accessories,ACC - MOUNT - JL,,,39.99,39.99,MNT,Accessory,1,MRN - ACC - MOUNT - JL,S00-02533-00,753759350307,SGR-12TW1-RP,1, $39.99 , $25.99 ,,,,,,,,,,,
WWWWWWWW,Audio Accessories,ACC - MOUNT - JL,,,39.99,39.99,MNT,Accessory,1,MRN - ACC - MOUNT - JL,S00-02532-00,753759350291,SGR-10TW1-RP,1, $39.99 , $25.99 ,,,,,,,,,,,
WWWWWWWW,Audio Accessories,ACC - MOUNT - JL,,,84.99,84.99,MNT,Accessory,1,MRN - ACC - MOUNT - JL,S00-02421-00,699440402446,SGR-8W7- Rods-RP,1, $84.99 , $55.24 ,,,,,,,,,,,
WWWWWWWW,Audio Accessories,ACC - MOUNT - JL,,,84.99,84.99,MNT,Accessory,1,MRN - ACC - MOUNT - JL,S00-02389-00,699440402477,SGR-13W7- Rods-RP,1, $84.99 , $55.24 ,,,,,,,,,,,
WWWWWWWW,Audio Accessories,ACC - MOUNT - JL,,,84.99,84.99,MNT,Accessory,1,MRN - ACC - MOUNT - JL,S00-02388-00,699440402460,SGR-12W7-ROD-RP,1, $84.99 , $55.24 ,,,,,,,,,,,
WWWWWWWW,Audio Accessories,ACC - MOUNT - JL,,,84.99,84.99,MNT,Accessory,1,MRN - ACC - MOUNT - JL,S00-02387-00,699440402453,SGR-10W7- Rods-RP,1, $84.99 , $55.24 ,,,,,,,,,,,
WWWWWWWW,Audio Accessories,ACC - MOUNT - JL,,42937,179.99,179.99,MNT,Accessory,1,MRN - ACC - MOUNT - JL,010-13877-00,699440937108,"PS-SWMCP-B-3.000, Mount, JLA, (93710)",1, $179.99 , $116.99 ,,,,,,,,,,,
WWWWWWWW,Audio Accessories,ACC - MOUNT - JL,,42851,179.99,179.99,MNT,Accessory,1,MRN - ACC - MOUNT - JL,010-13876-00,699440937092,"PS-SWMCP-B-2.875, Mount, JLA, (93709)",1, $179.99 , $116.99 ,,,,,,,,,,,
WWWWWWWW,Audio Accessories,ACC - MOUNT - JL,,42851,179.99,179.99,MNT,Accessory,1,MRN - ACC - MOUNT - JL,010-13875-00,699440937085,"PS-SWMCP-B-2.750, Mount, JLA, (93708)",1, $179.99 , $116.99 ,,,,,,,,,,,
WWWWWWWW,Audio Accessories,ACC - MOUNT - JL,,42851,179.99,179.99,MNT,Accessory,1,MRN - ACC - MOUNT - JL,010-13874-00,699440937078,"PS-SWMCP-B-2.625, Mount, JLA, (93707)",1, $179.99 , $116.99 ,,,,,,,,,,,
WWWWWWWW,Audio Accessories,ACC - MOUNT - JL,,43208,89.99,89.99,MNT,Accessory,1,MRN - ACC - MOUNT - JL,010-13860-00,699440999298,"MMP-2-BK, Mount, JLA, (99929)",1, $89.99 , $58.49 ,,,,,,,,,,,
WWWWWWWW,Audio Accessories,ACC - MOUNT - JL,,42677,89.99,89.99,MNT,Accessory,1,MRN - ACC - MOUNT - JL,010-13855-00,699440999199,"MMP-1-BK, Mount, JLA, (99919)",1, $89.99 , $58.49 ,,,,,,,,,,,
WWWWWWWW,Audio Accessories,ACC - MOUNT - JL,,45763,149.99,149.99,MNT,Accessory,1,MRN - ACC - MOUNT - JL,010-13851-00,699440998390,"SBA-CAN-MVX3-DK-MM50, Mount, JLA, (99839)",1, $149.99 , $97.49 ,,,,,,,,,,,
WWWWWWWW,Audio Accessories,ACC - MOUNT - JL,,45763,59.99,59.99,MNT,Accessory,1,MRN - ACC - MOUNT - JL,010-13849-00,699440998154,"SBA-POL-RZG2-DK-MM50, Mount, JLA, (99815)",1, $59.99 , $38.99 ,,,,,,,,,,,
WWWWWWWW,Audio Accessories,ACC - MOUNT - JL,,45763,39.99,,MNT,Accessory,1,MRN - ACC - MOUNT - JL,010-13843-00,699440981972,"v2 Stack Kit-3, Mount, JLA, (98197)",1, $39.99 , $25.99 ,,,,,,,,,,,
WWWWWWWW,Audio Accessories,ACC - MOUNT - JL,,42934,179.99,179.99,MNT,Accessory,1,MRN - ACC - MOUNT - JL,010-13827-00,699440937115,"PS-SWMCP-B-3.250, Mount, JLA, (93711)",1, $179.99 , $116.99 ,,,,,,,,,,,
WWWWWWWW,Audio Accessories,ACC - MOUNT - JL,,42851,179.99,179.99,MNT,Accessory,1,MRN - ACC - MOUNT - JL,010-13826-00,699440937061,"PS-SWMCP-B-2.500, Mount, JLA, (93706)",1, $179.99 , $116.99 ,,,,,,,,,,,
WWWWWWWW,Audio Accessories,ACC - MOUNT - JL,,42844,139.99,139.99,MNT,Accessory,1,MRN - ACC - MOUNT - JL,010-13825-00,699440937054,"PS-SWMCP-B-1.850, Mount, JLA, (93705)",1, $139.99 , $90.99 ,,,,,,,,,,,
WWWWWWWW,Audio Accessories,ACC - MOUNT - JL,,42851,139.99,139.99,MNT,Accessory,1,MRN - ACC - MOUNT - JL,010-13824-00,699440937047,"PS-SWMCP-B-1.700, Mount, JLA, (93704)",1, $139.99 , $90.99 ,,,,,,,,,,,
WWWWWWWW,Audio Accessories,ACC - MOUNT - JL,,42851,139.99,139.99,MNT,Accessory,1,MRN - ACC - MOUNT - JL,010-13823-00,699440937030,"PS-SWMCP-B-1.375, Mount, JLA, (93703)",1, $139.99 , $90.99 ,,,,,,,,,,,
WWWWWWWW,Audio Accessories,ACC - MOUNT - JL,,42851,139.99,139.99,MNT,Accessory,1,MRN - ACC - MOUNT - JL,010-13822-00,699440937023,"PS-SWMCP-B-1.125, Mount, JLA, (93702)",1, $139.99 , $90.99 ,,,,,,,,,,,
WWWWWWWW,Audio Accessories,ACC - MOUNT - JL,,42851,139.99,139.99,MNT,Accessory,1,MRN - ACC - MOUNT - JL,010-13821-00,699440937016,"PS-SWMCP-B-0.875, Mount, JLA, (93701)",1, $139.99 , $90.99 ,,,,,,,,,,,
WWWWWWWW,Audio Accessories,ACC - MOUNT - JL,,42851,139.99,139.99,MNT,Accessory,1,MRN - ACC - MOUNT - JL,010-13820-00,699440937009,"PS-SWMCP-B-0.750, Mount, JLA, (93700)",1, $139.99 , $90.99 ,,,,,,,,,,,
WWWWWWWW,Audio Accessories,ACC - MOUNT - JL,,42121,349.99,349.99,MNT,Accessory,1,MRN - ACC - MOUNT - JL,010-13721-00,699440912853,"M-SWMCPv3-2.500, Mount, JLA, (91285)",1, $349.99 , $227.49 ,,,,,,,,,,,
WWWWWWWW,Audio Accessories,ACC - MOUNT - JL,,42110,299.99,,MNT,Accessory,1,MRN - ACC - MOUNT - JL,010-13720-00,699440912846,"M-SWMCPv3-2.375, Mount, JLA, (91284)",1, $299.99 , $194.99 ,,,,,,,,,,,
WWWWWWWW,Audio Accessories,ACC - MOUNT - JL,,42114,299.99,,MNT,Accessory,1,MRN - ACC - MOUNT - JL,010-13719-00,699440912839,"M-SWMCPv3-2.250, Mount, JLA, (91283)",1, $299.99 , $194.99 ,,,,,,,,,,,
WWWWWWWW,Audio Accessories,ACC - MOUNT - JL,,42114,299.99,,MNT,Accessory,1,MRN - ACC - MOUNT - JL,010-13718-00,699440912822,"M-SWMCPv3-2.000, Mount, JLA, (91282)",1, $299.99 , $194.99 ,,,,,,,,,,,
WWWWWWWW,Audio Accessories,ACC - MOUNT - JL,,42118,299.99,,MNT,Accessory,1,MRN - ACC - MOUNT - JL,010-13717-00,699440912815,"M-SWMCPv3-1.900, Mount, JLA, (91281)",1, $299.99 , $194.99 ,,,,,,,,,,,
WWWWWWWW,Audio Accessories,ACC - MOUNT - JL,,42116,299.99,,MNT,Accessory,1,MRN - ACC - MOUNT - JL,010-13716-00,699440912808,"M-SWMCPv3-1.660, Mount, JLA, (91280)",1, $299.99 , $194.99 ,,,,,,,,,,,
WWWWWWWW,Audio Accessories,ACC - MOUNT - JL,,42116,299.99,,MNT,Accessory,1,MRN - ACC - MOUNT - JL,010-13715-00,699440912792,"M-SWMCPv3-1.315, Mount, JLA, (91279)",1, $299.99 , $194.99 ,,,,,,,,,,,
WWWWWWWW,Audio Accessories,ACC - MOUNT - JL,,42083,139.99,,MNT,Accessory,1,MRN - ACC - MOUNT - JL,010-13714-00,699440912785,"M-MCPv3-SM, Mount, JLA, (91278)",1, $139.99 , $90.99 ,,,,,,,,,,,
WWWWWWWW,Audio Accessories,ACC - MOUNT - JL,,42130,189.99,189.99,MNT,Accessory,1,MRN - ACC - MOUNT - JL,010-13713-00,699440912778,"M-MCPv3-NA, Mount, JLA, (91277)",1, $189.99 , $123.49 ,,,,,,,,,,,
WWWWWWWW,Audio Accessories,ACC - MOUNT - JL,,42530,239.99,239.99,MNT,Accessory,1,MRN - ACC - MOUNT - JL,010-13712-00,699440912761,"M-MCPV3-3.000, Mount, JLA, (91276)",1, $239.99 , $155.99 ,,,,,,,,,,,
WWWWWWWW,Audio Accessories,ACC - MOUNT - JL,,42122,189.99,189.99,MNT,Accessory,1,MRN - ACC - MOUNT - JL,010-13711-00,699440912754,"M-MCPv3-MC/LP, Mount, JLA, (91275)",1, $189.99 , $123.49 ,,,,,,,,,,,
WWWWWWWW,Audio Accessories,ACC - MOUNT - JL,,42102,189.99,189.99,MNT,Accessory,1,MRN - ACC - MOUNT - JL,010-13710-00,699440912747,"M-MCPv3-MC, Mount, JLA, (91274)",1, $189.99 , $123.49 ,,,,,,,,,,,
WWWWWWWW,Audio Accessories,ACC - MOUNT - JL,,42100,419.99,419.99,MNT,Accessory,1,MRN - ACC - MOUNT - JL,010-13709-00,699440912730,"M-MCPv3-DM, Mount, JLA, (91273)",1, $419.99 , $272.99 ,,,,,,,,,,,
WWWWWWWW,Audio Accessories,ACC - MOUNT - JL,,42530,239.99,239.99,MNT,Accessory,1,MRN - ACC - MOUNT - JL,010-13708-00,699440912723,"M-MCPv3-2.875, Mount, JLA, (91272)",1, $239.99 , $155.99 ,,,,,,,,,,,
WWWWWWWW,Audio Accessories,ACC - MOUNT - JL,,42094,189.99,189.99,MNT,Accessory,1,MRN - ACC - MOUNT - JL,010-13707-00,699440912716,"M-MCPv3-2.500, Mount, JLA, (91271)",1, $189.99 , $123.49 ,,,,,,,,,,,
WWWWWWWW,Audio Accessories,ACC - MOUNT - JL,,42123,189.99,189.99,MNT,Accessory,1,MRN - ACC - MOUNT - JL,010-13706-00,699440912709,"M-MCPv3-2.375, Mount, JLA, (91270)",1, $189.99 , $123.49 ,,,,,,,,,,,
WWWWWWWW,Audio Accessories,ACC - MOUNT - JL,,42094,189.99,189.99,MNT,Accessory,1,MRN - ACC - MOUNT - JL,010-13705-00,699440912693,"M-MCPv3-2.250, Mount, JLA, (91269)",1, $189.99 , $123.49 ,,,,,,,,,,,
WWWWWWWW,Audio Accessories,ACC - MOUNT - JL,,42094,189.99,189.99,MNT,Accessory,1,MRN - ACC - MOUNT - JL,010-13704-00,699440912686,"M-MCPv3-2.000, Mount, JLA, (91268)",1, $189.99 , $123.49 ,,,,,,,,,,,
WWWWWWWW,Audio Accessories,ACC - MOUNT - JL,,42089,189.99,189.99,MNT,Accessory,1,MRN - ACC - MOUNT - JL,010-13703-00,699440912679,"M-MCPv3-1.900, Mount, JLA, (91267)",1, $189.99 , $123.49 ,,,,,,,,,,,
WWWWWWWW,Audio Accessories,ACC - MOUNT - JL,,42122,189.99,189.99,MNT,Accessory,1,MRN - ACC - MOUNT - JL,010-13702-00,699440912662,"M-MCPv3-1.660, Mount, Pair, JLA, (91266)",1, $189.99 , $123.49 ,,,,,,,,,,,
WWWWWWWW,Audio Accessories,ACC - MOUNT - JL,,42094,189.99,189.99,MNT,Accessory,1,MRN - ACC - MOUNT - JL,010-13701-00,699440912655,"M-MCPv3-1.315, Mount, JLA, (91265)",1, $189.99 , $123.49 ,,,,,,,,,,,
WWWWWWWW,Audio Accessories,ACC - MOUNT - JL,,42804,179.99,179.99,MNT,Accessory,1,MRN - ACC - MOUNT - JL,010-13698-00,699440911924,"PS-SWMCP-B-2.250, Mount, JLA, (91192)",1, $179.99 , $116.99 ,,,,,,,,,,,
WWWWWWWW,Audio Accessories,ACC - MOUNT - JL,,42682,179.99,179.99,MNT,Accessory,1,MRN - ACC - MOUNT - JL,010-13697-00,699440911917,"PS-SWMCP-C-SM, Mount, JLA, (91191)",1, $179.99 , $116.99 ,,,,,,,,,,,
WWWWWWWW,Audio Accessories,ACC - MOUNT - JL,,42682,179.99,179.99,MNT,Accessory,1,MRN - ACC - MOUNT - JL,010-13696-00,699440911900,"PS-SWMCP-B-SM, Mount, JLA, (91190)",1, $179.99 , $116.99 ,,,,,,,,,,,
WWWWWWWW,Audio Accessories,ACC - MOUNT - JL,,42479,139.99,139.99,MNT,Accessory,1,MRN - ACC - MOUNT - JL,010-13695-00,699440911894,"PS-SWMCP-B-1.500, Mount, JLA, (91189)",1, $139.99 , $90.99 ,,,,,,,,,,,
WWWWWWWW,Audio Accessories,ACC - MOUNT - JL,,42479,139.99,139.99,MNT,Accessory,1,MRN - ACC - MOUNT - JL,010-13694-00,699440911887,"PS-SWMCP-B-1.250, Mount, JLA, (91188)",1, $139.99 , $90.99 ,,,,,,,,,,,
WWWWWWWW,Audio Accessories,ACC - MOUNT - JL,,42480,139.99,139.99,MNT,Accessory,1,MRN - ACC - MOUNT - JL,010-13693-00,699440911870,"PS-SWMCP-B-1.000, Mount, JLA, (91187)",1, $139.99 , $90.99 ,,,,,,,,,,,
WWWWWWWW,Audio Accessories,ACC - MOUNT - JL,,42479,179.99,179.99,MNT,Accessory,1,MRN - ACC - MOUNT - JL,010-13692-00,699440911856,"PS-SWMCP-B-2.375, Mount, JLA, (91185)",1, $179.99 , $116.99 ,,,,,,,,,,,
WWWWWWWW,Audio Accessories,ACC - MOUNT - JL,,42479,139.99,139.99,MNT,Accessory,1,MRN - ACC - MOUNT - JL,010-13691-00,699440911849,"PS-SWMCP-B-2.000, Mount, JLA, (91184)",1, $139.99 , $90.99 ,,,,,,,,,,,
WWWWWWWW,Audio Accessories,ACC - MOUNT - JL,,42479,139.99,139.99,MNT,Accessory,1,MRN - ACC - MOUNT - JL,010-13690-00,699440911832,"PS-SWMCP-B-1.875, Mount, JLA, (91183)",1, $139.99 , $90.99 ,,,,,,,,,,,
WWWWWWWW,Audio Accessories,ACC - MOUNT - JL,,42479,139.99,139.99,MNT,Accessory,1,MRN - ACC - MOUNT - JL,010-13689-00,699440911825,"PS-SWMCP-B-1.750, Mount, JLA, (91182)",1, $139.99 , $90.99 ,,,,,,,,,,,
WWWWWWWW,Audio Accessories,ACC - MOUNT - JL,,42479,139.99,139.99,MNT,Accessory,1,MRN - ACC - MOUNT - JL,010-13688-00,699440911818,"PS-SWMCP-B-1.625, Mount, JLA, (91181)",1, $139.99 , $90.99 ,,,,,,,,,,,
WWWWWWWW,Audio Accessories,ACC - MOUNT - JL,,45763,189.99,189.99,MNT,Accessory,1,MRN - ACC - MOUNT - JL,010-13624-00,699440902076,"SA-TPOD-100-BK, Mount, JLA, (90207)",1, $189.99 , $123.49 ,,,,,,,,,,,
WWWWWWWW,Audio Accessories,ACC - POWER - JL,,42011,69.99,69.99,POWER,Accessory,1,MRN - ACC - POWER - JL,010-13727-00,699440916561,"XB-MFBU-ANL, Power Connection, JLA, (91656)",32, $69.99 , $45.49 ,,,,,,,,,,,
WWWWWWWW,Audio Accessories,ACC - POWER - JL,,42011,49.99,49.99,POWER,Accessory,1,MRN - ACC - POWER - JL,010-13485-00,699440904698,"XD-MFBW-MAXI, Power Connection, JLA, (90469)",16, $49.99 , $32.49 ,,,,,,,,,,,
WWWWWWWW,Audio Accessories,ACC - REMOTE - FUSION,,43466,49.99,,RMTE,Accessory,1,MRN - ACC - REMOTE - FUSION,010-13060-00,753759261627,MS-CRGBWRC - Fusion CRGBW Remote,30, $49.99 , $32.49 ,,,,,,,,,,,
WWWWWWWW,Audio Accessories,ACC - REMOTE - FUSION,,43466,49.99,,RMTE,Accessory,1,MRN - ACC - REMOTE - FUSION,010-12850-00,753759218850,MS-RGBRC,32, $49.99 , $32.49 ,,,,,,,,,,,
WWWWWWWW,Audio Accessories,ACC - REMOTE - JL,,43825,129.99,,RMTE,Accessory,1,MRN - ACC - REMOTE - JL,010-13551-00,699440999472,"M-DRC-50, Remote, JLA, (99947)",1, $129.99 , $84.49 ,,,,,,,,,,,
WWWWWWWW,Audio Accessories,ACC - REMOTE - JL,,43549,299.99,299.99,RMTE,Accessory,1,MRN - ACC - REMOTE - JL,010-13428-00,699440998161,"MLC-RW, Remote, JLA, (99816)",1, $299.99 , $194.99 ,,,,,,,,,,,
WWWWWWWW,Audio Accessories,JL AMP,,40544,529.99,529.99,AMP MV,Accessory,1,MRN - JL AMP,010-03342-00,699440986526,JLid Communication and Network Bridge for MVI,4, $529.99 , $344.49 ,,,,,,,,,,,
WWWWWWWW,Audio Accessories,JL HEAD UNIT,,40544,159.99,159.99,MBT,Accessory,1,MRN - JL HEAD UNIT,010-03378-00,699440919050,"JL Audio Receiver, Weatherproof Controller/Receiver with BLUETOOTH Technology",1, $159.99 , $103.99 ,,,,,,,,,,,
WWWWWWWW,Audio Accessories,JL HEAD UNIT,,40544,59.99,59.99,MBT,Accessory,1,MRN - JL HEAD UNIT,010-03377-00,699440911801,"JL Audio Receiver, Weatherproof Receiver with BLUETOOTH Technology",40, $59.99 , $38.99 ,,,,,,,,,,,
WWWWWWWW,Audio Accessories,JL REMOTE,,40544,99.989,,MMR 25W,Accessory,1,MRN - JL REMOTE,010-03364-00,699440999557,JL Audio Wireless Remote Controller with Bluetooth Tech-nology for MediaMaster Source Unit,1, $99.99 , $64.99 ,,,,,,,,,,,
WWWWWWWW,Audio Accessories,ACC - KIT,,44125,19.99,,DESCENT,Accessory,1,OUT - ACC - KIT,010-12816-00,753759246723,"Cap and O-Ring Kit, Descent T1",60, $19.99 , $12.99 ,,,,,,,,,,,
WWWWWWWWW,Marine Audio OEM Accessories,ACC - CABLE - FUSION,,43466,17.99,,CABL,Accessory,1,MRN - ACC - CABLE - FUSION,HL-02,9419523200513,HL-02,36, $17.99 , $11.69 ,,,,,,,,,,,
WWWWWWWWW,Marine Audio OEM Accessories,ACC - CABLE - FUSION,,43210,19.99,19.99,MNT,Accessory,1,MRN - ACC - CABLE - FUSION,010-12482-10,753759162955,Power Speaker Loom ,1, $19.99 , $12.99 ,,,,,,,,,,,
WWWWWWWWW,Marine Audio OEM Accessories,ACC - MOUNT - FUSION,,43959,89.99,,MNT,Accessory,1,MRN - ACC - MOUNT - FUSION,010-12973-08,753759293611,Vieo Ford E-Series Fit Kit,6, $89.99 , $58.49 ,,,,,,,,,,,
WWWWWWWWW,Marine Audio OEM Accessories,ACC - MOUNT - FUSION,,44126,89.99,,MNT,Accessory,1,MRN - ACC - MOUNT - FUSION,010-12973-06,753759256890,Vieo Surface Mount Fit Kit,12, $89.99 , $58.49 ,,,,,,,,,,,
WWWWWWWWW,Marine Audio OEM Accessories,ACC - MOUNT - FUSION,,43959,89.99,,MNT,Accessory,1,MRN - ACC - MOUNT - FUSION,010-12973-03,753759256869,Vieo Freightliner Fit Kit,10, $89.99 , $58.49 ,,,,,,,,,,,
WWWWWWWWW,Marine Audio OEM Accessories,ACC - MOUNT - FUSION,,43959,89.99,,MNT,Accessory,1,MRN - ACC - MOUNT - FUSION,010-12973-00,753759256838,Vieo Wall Mount Kit,10, $89.99 , $58.49 ,,,,,,,,,,,
,,,,,,,,,,,,,,,,,,,,,,,,,,,
,,,,,,,,,,,,,,,,,,,,,,,,,,,
,,,,,,,,,,,,,,,,,,,,,,,,,,,
,,,,,,,,,,,,,,,,,,,,,,,,,,,
,,,,,,,,,,,,,,,,,,,,,,,,,,,
,,,,,,,,,,,,,,,,,,,,,,,,,,,
,,,,,,,,,,,,,,,,,,,,,,,,,,,
,,,,,,,,,,,,,,,,,,,,,,,,,,,
,,,,,,,,,,,,,,,,,,,,,,,,,,,
,,,,,,,,,,,,,,,,,,,,,,,,,,,
,,,,,,,,,,,,,,,,,,,,,,,,,,,
,,,,,,,,,,,,,,,,,,,,,,,,,,,
,,,,,,,,,,,,,,,,,,,,,,,,,,,
,,,,,,,,,,,,,,,,,,,,,,,,,,,
,,,,,,,,,,,,,,,,,,,,,,,,,,,
,,,,,,,,,,,,,,,,,,,,,,,,,,,
,,,,,,,,,,,,,,,,,,,,,,,,,,,
,,,,,,,,,,,,,,,,,,,,,,,,,,,
,,,,,,,,,,,,,,,,,,,,,,,,,,,
,,,,,,,,,,,,,,,,,,,,,,,,,,,
,,,,,,,,,,,,,,,,,,,,,,,,,,,
,,,,,,,,,,,,,,,,,,,,,,,,,,,
,,,,,,,,,,,,,,,,,,,,,,,,,,,
,,,,,,,,,,,,,,,,,,,,,,,,,,,
,,,,,,,,,,,,,,,,,,,,,,,,,,,
,,,,,,,,,,,,,,,,,,,,,,,,,,,
,,,,,,,,,,,,,,,,,,,,,,,,,,,
,,,,,,,,,,,,,,,,,,,,,,,,,,,
,,,,,,,,,,,,,,,,,,,,,,,,,,,
,,,,,,,,,,,,,,,,,,,,,,,,,,,
,,,,,,,,,,,,,,,,,,,,,,,,,,,
,,,,,,,,,,,,,,,,,,,,,,,,,,,
,,,,,,,,,,,,,,,,,,,,,,,,,,,
,,,,,,,,,,,,,,,,,,,,,,,,,,,
,,,,,,,,,,,,,,,,,,,,,,,,,,,
,,,,,,,,,,,,,,,,,,,,,,,,,,,
,,,,,,,,,,,,,,,,,,,,,,,,,,,
,,,,,,,,,,,,,,,,,,,,,,,,,,,
,,,,,,,,,,,,,,,,,,,,,,,,,,,
,,,,,,,,,,,,,,,,,,,,,,,,,,,
,,,,,,,,,,,,,,,,,,,,,,,,,,,
,,,,,,,,,,,,,,,,,,,,,,,,,,,
,,,,,,,,,,,,,,,,,,,,,,,,,,,
,,,,,,,,,,,,,,,,,,,,,,,,,,,
,,,,,,,,,,,,,,,,,,,,,,,,,,,
,,,,,,,,,,,,,,,,,,,,,,,,,,,
,,,,,,,,,,,,,,,,,,,,,,,,,,,
,,,,,,,,,,,,,,,,,,,,,,,,,,,
,,,,,,,,,,,,,,,,,,,,,,,,,,,
,,,,,,,,,,,,,,,,,,,,,,,,,,,
,,,,,,,,,,,,,,,,,,,,,,,,,,,
,,,,,,,,,,,,,,,,,,,,,,,,,,,
,,,,,,,,,,,,,,,,,,,,,,,,,,,
,,,,,,,,,,,,,,,,,,,,,,,,,,,
,,,,,,,,,,,,,,,,,,,,,,,,,,,
,,,,,,,,,,,,,,,,,,,,,,,,,,,
,,,,,,,,,,,,,,,,,,,,,,,,,,,
,,,,,,,,,,,,,,,,,,,,,,,,,,,
,,,,,,,,,,,,,,,,,,,,,,,,,,,
,,,,,,,,,,,,,,,,,,,,,,,,,,,
,,,,,,,,,,,,,,,,,,,,,,,,,,,
,,,,,,,,,,,,,,,,,,,,,,,,,,,
,,,,,,,,,,,,,,,,,,,,,,,,,,,
,,,,,,,,,,,,,,,,,,,,,,,,,,,
,,,,,,,,,,,,,,,,,,,,,,,,,,,
,,,,,,,,,,,,,,,,,,,,,,,,,,,
,,,,,,,,,,,,,,,,,,,,,,,,,,,
,,,,,,,,,,,,,,,,,,,,,,,,,,,
,,,,,,,,,,,,,,,,,,,,,,,,,,,
,,,,,,,,,,,,,,,,,,,,,,,,,,,
,,,,,,,,,,,,,,,,,,,,,,,,,,,
,,,,,,,,,,,,,,,,,,,,,,,,,,,
,,,,,,,,,,,,,,,,,,,,,,,,,,,
,,,,,,,,,,,,,,,,,,,,,,,,,,,
,,,,,,,,,,,,,,,,,,,,,,,,,,,
,,,,,,,,,,,,,,,,,,,,,,,,,,,
,,,,,,,,,,,,,,,,,,,,,,,,,,,
,,,,,,,,,,,,,,,,,,,,,,,,,,,
,,,,,,,,,,,,,,,,,,,,,,,,,,,
,,,,,,,,,,,,,,,,,,,,,,,,,,,
,,,,,,,,,,,,,,,,,,,,,,,,,,,
,,,,,,,,,,,,,,,,,,,,,,,,,,,
,,,,,,,,,,,,,,,,,,,,,,,,,,,
,,,,,,,,,,,,,,,,,,,,,,,,,,,
,,,,,,,,,,,,,,,,,,,,,,,,,,,
,,,,,,,,,,,,,,,,,,,,,,,,,,,
,,,,,,,,,,,,,,,,,,,,,,,,,,,
,,,,,,,,,,,,,,,,,,,,,,,,,,,
,,,,,,,,,,,,,,,,,,,,,,,,,,,
,,,,,,,,,,,,,,,,,,,,,,,,,,,
,,,,,,,,,,,,,,,,,,,,,,,,,,,
,,,,,,,,,,,,,,,,,,,,,,,,,,,
,,,,,,,,,,,,,,,,,,,,,,,,,,,
,,,,,,,,,,,,,,,,,,,,,,,,,,,
,,,,,,,,,,,,,,,,,,,,,,,,,,,
,,,,,,,,,,,,,,,,,,,,,,,,,,,
,,,,,,,,,,,,,,,,,,,,,,,,,,,
,,,,,,,,,,,,,,,,,,,,,,,,,,,
,,,,,,,,,,,,,,,,,,,,,,,,,,,
,,,,,,,,,,,,,,,,,,,,,,,,,,,
,,,,,,,,,,,,,,,,,,,,,,,,,,,
,,,,,,,,,,,,,,,,,,,,,,,,,,,
,,,,,,,,,,,,,,,,,,,,,,,,,,,
,,,,,,,,,,,,,,,,,,,,,,,,,,,
,,,,,,,,,,,,,,,,,,,,,,,,,,,
,,,,,,,,,,,,,,,,,,,,,,,,,,,
,,,,,,,,,,,,,,,,,,,,,,,,,,,
,,,,,,,,,,,,,,,,,,,,,,,,,,,
,,,,,,,,,,,,,,,,,,,,,,,,,,,
,,,,,,,,,,,,,,,,,,,,,,,,,,,
,,,,,,,,,,,,,,,,,,,,,,,,,,,
,,,,,,,,,,,,,,,,,,,,,,,,,,,
,,,,,,,,,,,,,,,,,,,,,,,,,,,
,,,,,,,,,,,,,,,,,,,,,,,,,,,
,,,,,,,,,,,,,,,,,,,,,,,,,,,
,,,,,,,,,,,,,,,,,,,,,,,,,,,
,,,,,,,,,,,,,,,,,,,,,,,,,,,
,,,,,,,,,,,,,,,,,,,,,,,,,,,
,,,,,,,,,,,,,,,,,,,,,,,,,,,
,,,,,,,,,,,,,,,,,,,,,,,,,,,
,,,,,,,,,,,,,,,,,,,,,,,,,,,
,,,,,,,,,,,,,,,,,,,,,,,,,,,
,,,,,,,,,,,,,,,,,,,,,,,,,,,
,,,,,,,,,,,,,,,,,,,,,,,,,,,
,,,,,,,,,,,,,,,,,,,,,,,,,,,
,,,,,,,,,,,,,,,,,,,,,,,,,,,
,,,,,,,,,,,,,,,,,,,,,,,,,,,
,,,,,,,,,,,,,,,,,,,,,,,,,,,
,,,,,,,,,,,,,,,,,,,,,,,,,,,
,,,,,,,,,,,,,,,,,,,,,,,,,,,
,,,,,,,,,,,,,,,,,,,,,,,,,,,
,,,,,,,,,,,,,,,,,,,,,,,,,,,
,,,,,,,,,,,,,,,,,,,,,,,,,,,
,,,,,,,,,,,,,,,,,,,,,,,,,,,
,,,,,,,,,,,,,,,,,,,,,,,,,,,
,,,,,,,,,,,,,,,,,,,,,,,,,,,
,,,,,,,,,,,,,,,,,,,,,,,,,,,
,,,,,,,,,,,,,,,,,,,,,,,,,,,
,,,,,,,,,,,,,,,,,,,,,,,,,,,
,,,,,,,,,,,,,,,,,,,,,,,,,,,
,,,,,,,,,,,,,,,,,,,,,,,,,,,
,,,,,,,,,,,,,,,,,,,,,,,,,,,
,,,,,,,,,,,,,,,,,,,,,,,,,,,
,,,,,,,,,,,,,,,,,,,,,,,,,,,
,,,,,,,,,,,,,,,,,,,,,,,,,,,
,,,,,,,,,,,,,,,,,,,,,,,,,,,
,,,,,,,,,,,,,,,,,,,,,,,,,,,
,,,,,,,,,,,,,,,,,,,,,,,,,,,
,,,,,,,,,,,,,,,,,,,,,,,,,,,
,,,,,,,,,,,,,,,,,,,,,,,,,,,
,,,,,,,,,,,,,,,,,,,,,,,,,,,
,,,,,,,,,,,,,,,,,,,,,,,,,,,
,,,,,,,,,,,,,,,,,,,,,,,,,,,
,,,,,,,,,,,,,,,,,,,,,,,,,,,
,,,,,,,,,,,,,,,,,,,,,,,,,,,
,,,,,,,,,,,,,,,,,,,,,,,,,,,
,,,,,,,,,,,,,,,,,,,,,,,,,,,
,,,,,,,,,,,,,,,,,,,,,,,,,,,
,,,,,,,,,,,,,,,,,,,,,,,,,,,
,,,,,,,,,,,,,,,,,,,,,,,,,,,
,,,,,,,,,,,,,,,,,,,,,,,,,,,
,,,,,,,,,,,,,,,,,,,,,,,,,,,
,,,,,,,,,,,,,,,,,,,,,,,,,,,
,,,,,,,,,,,,,,,,,,,,,,,,,,,
,,,,,,,,,,,,,,,,,,,,,,,,,,,
,,,,,,,,,,,,,,,,,,,,,,,,,,,
,,,,,,,,,,,,,,,,,,,,,,,,,,,
,,,,,,,,,,,,,,,,,,,,,,,,,,,
,,,,,,,,,,,,,,,,,,,,,,,,,,,
,,,,,,,,,,,,,,,,,,,,,,,,,,,
,,,,,,,,,,,,,,,,,,,,,,,,,,,
,,,,,,,,,,,,,,,,,,,,,,,,,,,
,,,,,,,,,,,,,,,,,,,,,,,,,,,
,,,,,,,,,,,,,,,,,,,,,,,,,,,
,,,,,,,,,,,,,,,,,,,,,,,,,,,
,,,,,,,,,,,,,,,,,,,,,,,,,,,
,,,,,,,,,,,,,,,,,,,,,,,,,,,
,,,,,,,,,,,,,,,,,,,,,,,,,,,
,,,,,,,,,,,,,,,,,,,,,,,,,,,
,,,,,,,,,,,,,,,,,,,,,,,,,,,
,,,,,,,,,,,,,,,,,,,,,,,,,,,
,,,,,,,,,,,,,,,,,,,,,,,,,,,
,,,,,,,,,,,,,,,,,,,,,,,,,,,
,,,,,,,,,,,,,,,,,,,,,,,,,,,
,,,,,,,,,,,,,,,,,,,,,,,,,,,
,,,,,,,,,,,,,,,,,,,,,,,,,,,
,,,,,,,,,,,,,,,,,,,,,,,,,,,
,,,,,,,,,,,,,,,,,,,,,,,,,,,
,,,,,,,,,,,,,,,,,,,,,,,,,,,
,,,,,,,,,,,,,,,,,,,,,,,,,,,
,,,,,,,,,,,,,,,,,,,,,,,,,,,
,,,,,,,,,,,,,,,,,,,,,,,,,,,
,,,,,,,,,,,,,,,,,,,,,,,,,,,
,,,,,,,,,,,,,,,,,,,,,,,,,,,
,,,,,,,,,,,,,,,,,,,,,,,,,,,
,,,,,,,,,,,,,,,,,,,,,,,,,,,
,,,,,,,,,,,,,,,,,,,,,,,,,,,
,,,,,,,,,,,,,,,,,,,,,,,,,,,
,,,,,,,,,,,,,,,,,,,,,,,,,,,
,,,,,,,,,,,,,,,,,,,,,,,,,,,
,,,,,,,,,,,,,,,,,,,,,,,,,,,
,,,,,,,,,,,,,,,,,,,,,,,,,,,
,,,,,,,,,,,,,,,,,,,,,,,,,,,
,,,,,,,,,,,,,,,,,,,,,,,,,,,
,,,,,,,,,,,,,,,,,,,,,,,,,,,
,,,,,,,,,,,,,,,,,,,,,,,,,,,
,,,,,,,,,,,,,,,,,,,,,,,,,,,
,,,,,,,,,,,,,,,,,,,,,,,,,,,
,,,,,,,,,,,,,,,,,,,,,,,,,,,
,,,,,,,,,,,,,,,,,,,,,,,,,,,
,,,,,,,,,,,,,,,,,,,,,,,,,,,
,,,,,,,,,,,,,,,,,,,,,,,,,,,
,,,,,,,,,,,,,,,,,,,,,,,,,,,
,,,,,,,,,,,,,,,,,,,,,,,,,,,
,,,,,,,,,,,,,,,,,,,,,,,,,,,
,,,,,,,,,,,,,,,,,,,,,,,,,,,
,,,,,,,,,,,,,,,,,,,,,,,,,,,
,,,,,,,,,,,,,,,,,,,,,,,,,,,
,,,,,,,,,,,,,,,,,,,,,,,,,,,
,,,,,,,,,,,,,,,,,,,,,,,,,,,
,,,,,,,,,,,,,,,,,,,,,,,,,,,
,,,,,,,,,,,,,,,,,,,,,,,,,,,
,,,,,,,,,,,,,,,,,,,,,,,,,,,
,,,,,,,,,,,,,,,,,,,,,,,,,,,
,,,,,,,,,,,,,,,,,,,,,,,,,,,
,,,,,,,,,,,,,,,,,,,,,,,,,,,
,,,,,,,,,,,,,,,,,,,,,,,,,,,
,,,,,,,,,,,,,,,,,,,,,,,,,,,
,,,,,,,,,,,,,,,,,,,,,,,,,,,
,,,,,,,,,,,,,,,,,,,,,,,,,,,
,,,,,,,,,,,,,,,,,,,,,,,,,,,
,,,,,,,,,,,,,,,,,,,,,,,,,,,
,,,,,,,,,,,,,,,,,,,,,,,,,,,
,,,,,,,,,,,,,,,,,,,,,,,,,,,
,,,,,,,,,,,,,,,,,,,,,,,,,,,
,,,,,,,,,,,,,,,,,,,,,,,,,,,
,,,,,,,,,,,,,,,,,,,,,,,,,,,
,,,,,,,,,,,,,,,,,,,,,,,,,,,
,,,,,,,,,,,,,,,,,,,,,,,,,,,
,,,,,,,,,,,,,,,,,,,,,,,,,,,
,,,,,,,,,,,,,,,,,,,,,,,,,,,
,,,,,,,,,,,,,,,,,,,,,,,,,,,
,,,,,,,,,,,,,,,,,,,,,,,,,,,
,,,,,,,,,,,,,,,,,,,,,,,,,,,
,,,,,,,,,,,,,,,,,,,,,,,,,,,
,,,,,,,,,,,,,,,,,,,,,,,,,,,
,,,,,,,,,,,,,,,,,,,,,,,,,,,
,,,,,,,,,,,,,,,,,,,,,,,,,,,
,,,,,,,,,,,,,,,,,,,,,,,,,,,
,,,,,,,,,,,,,,,,,,,,,,,,,,,
,,,,,,,,,,,,,,,,,,,,,,,,,,,
,,,,,,,,,,,,,,,,,,,,,,,,,,,
,,,,,,,,,,,,,,,,,,,,,,,,,,,
,,,,,,,,,,,,,,,,,,,,,,,,,,,
,,,,,,,,,,,,,,,,,,,,,,,,,,,
,,,,,,,,,,,,,,,,,,,,,,,,,,,
,,,,,,,,,,,,,,,,,,,,,,,,,,,
,,,,,,,,,,,,,,,,,,,,,,,,,,,
,,,,,,,,,,,,,,,,,,,,,,,,,,,
,,,,,,,,,,,,,,,,,,,,,,,,,,,
,,,,,,,,,,,,,,,,,,,,,,,,,,,
,,,,,,,,,,,,,,,,,,,,,,,,,,,
,,,,,,,,,,,,,,,,,,,,,,,,,,,
,,,,,,,,,,,,,,,,,,,,,,,,,,,
,,,,,,,,,,,,,,,,,,,,,,,,,,,
,,,,,,,,,,,,,,,,,,,,,,,,,,,
,,,,,,,,,,,,,,,,,,,,,,,,,,,
,,,,,,,,,,,,,,,,,,,,,,,,,,,
,,,,,,,,,,,,,,,,,,,,,,,,,,,
,,,,,,,,,,,,,,,,,,,,,,,,,,,
,,,,,,,,,,,,,,,,,,,,,,,,,,,
,,,,,,,,,,,,,,,,,,,,,,,,,,,
,,,,,,,,,,,,,,,,,,,,,,,,,,,
,,,,,,,,,,,,,,,,,,,,,,,,,,,
,,,,,,,,,,,,,,,,,,,,,,,,,,,
,,,,,,,,,,,,,,,,,,,,,,,,,,,
,,,,,,,,,,,,,,,,,,,,,,,,,,,
,,,,,,,,,,,,,,,,,,,,,,,,,,,
,,,,,,,,,,,,,,,,,,,,,,,,,,,
,,,,,,,,,,,,,,,,,,,,,,,,,,,
,,,,,,,,,,,,,,,,,,,,,,,,,,,
,,,,,,,,,,,,,,,,,,,,,,,,,,,
,,,,,,,,,,,,,,,,,,,,,,,,,,,
,,,,,,,,,,,,,,,,,,,,,,,,,,,
,,,,,,,,,,,,,,,,,,,,,,,,,,,
,,,,,,,,,,,,,,,,,,,,,,,,,,,
,,,,,,,,,,,,,,,,,,,,,,,,,,,
,,,,,,,,,,,,,,,,,,,,,,,,,,,
,,,,,,,,,,,,,,,,,,,,,,,,,,,
,,,,,,,,,,,,,,,,,,,,,,,,,,,
,,,,,,,,,,,,,,,,,,,,,,,,,,,
,,,,,,,,,,,,,,,,,,,,,,,,,,,
,,,,,,,,,,,,,,,,,,,,,,,,,,,
,,,,,,,,,,,,,,,,,,,,,,,,,,,
,,,,,,,,,,,,,,,,,,,,,,,,,,,
,,,,,,,,,,,,,,,,,,,,,,,,,,,
,,,,,,,,,,,,,,,,,,,,,,,,,,,
,,,,,,,,,,,,,,,,,,,,,,,,,,,
,,,,,,,,,,,,,,,,,,,,,,,,,,,
,,,,,,,,,,,,,,,,,,,,,,,,,,,
