Make;Model;Class;Category;Description;On Hand;Availble;On Order;Committed;Defective;Sold this Year;Barcode SKU;Cost;Retail
KENWOOD;XR9015;AMP;5CH;KENWOOD eXcelon Reference 5-CH AMP;0;0;0;0;0;3;019048222435;$350.00;$699.99
KENWOOD;XM69R;MOTORCYCLE;SPKR;6 x 9 Rear Coax Speaker 1998-up Harley;1;1;0;0;0;1;019048236999;$228.00;$380.00
KENWOOD;XM65R;MOTORCYCLE;SPKR;2014-Up Harley 6.5 Rear Coax Speaker;1;1;0;0;0;;019048237019;$150.00;$249.99
KENWOOD;XM65F;MOTORCYCLE;SPKR;2014-up Harley 6.5 Front Coax Speaker;2;2;0;0;0;;019048237002;$150.00;$249.99
KENWOOD;XM1602;MOTORCYCLE;AMP; 2-Ch Amplifier for 2014-up Harley;1;1;0;0;0;;019048237026;$253.00;$469.99
LINKSWELL;XLJPJL156RR6H;SCREEN;TESLA;15.6 TESLA 2018+ JEEP Wrangler/Gladiator;0;0;0;0;0;;;$1,350.00;$1,995.00
LINKSWELL;XLGMSV15-6RR6H;SCREEN;TESLA;15.6 2015-2020 Tahoe/Suburban/Yukon;0;0;0;0;0;;;$1,350.00;$1,995.95
LINKSWELL;XLGMPU156RR6H;SCREEN;TESLA;15.6 XL Tesla screen GM 2014-2019;0;0;0;0;0;1;;$1,350.00;$2,195.00
LINKSWELL;XLFDPU156RR6H;SCREEN;TESLA;15.6 XL Tesla screen Ford F-150 / F-250;1;1;0;0;0;1;;$1,350.00;$1,995.00
LINKSWELL;XLDGOP156RR6H;SCREEN;TESLA;TESLA 15.6 DODGE RAM 13-18/ 19-UP CLASS;0;0;0;0;0;;;$1,350.00;$1,995.00
XKGLOW;XKROCKADV;LIGHTS;GLOW;RGB (8) LED Rock Light Kits - Bluetooth;1;1;0;0;0;1;;$204.99;$349.99
XKGLOW;XK041007;LIGHTS;GLOW;XKGLOW UNDERBODY+ INTERIOR REM;3;3;0;0;0;;;$71.00;$179.99
XKGLOW;XK041006;LIGHTS;GLOW;XKGLOW UNDERBODY REM;2;2;0;0;0;1;;$56.00;$149.99
JL AUDIO;XDPCS41B;AMP KIT;OFC;4 AWG Power Wire, 80A Maxi Fuse;1;1;0;0;0;5;699440903554;$101.00;$189.99
JL AUDIO;XDM8008;MARINE;AMP;XDM800/8;1;1;0;0;0;;699440986861;$583.00;$1,049.99
JL AUDIO;XDM7005;MARINE;AMP;XDM700/5;0;0;0;0;0;;699440986854;$499.00;$899.99
JL AUDIO;XDM6001;MARINE;AMP;XDM600/1;2;2;0;0;0;;699440986830;$333.00;$599.99
JL AUDIO;XDM4004;MARINE;AMP;XDM400/4;1;1;0;0;0;1;699440986816;$361.00;$649.99
JL AUDIO;XDM10005;MARINE;AMP;XDM1000/5;1;1;0;0;0;1;699440986786;$555.00;$999.99
JL AUDIO;XDCLRAIC2SW;RCA;2CH;Standard Clear Audio Interconnect to Spk;3;3;0;0;0;4;699440904353;$10.00;$17.99
PAC;XC024;ANTENNA;EXTENSION;24 Antenna Extension;3;3;0;0;0;4;012339800244;$4.49;$17.99
SONY;XAVAX7000;SCREEN;2DIN;High-Power CarPlay / Android Media;0;0;0;0;0;1;027242912922;$470.00;$649.99
SONY;XAVAX4000;SCREEN;2DIN;Sony 7 Wireless Apple/ Android/ maestro;1;1;0;0;0;-1;;$350.00;$495.00
SONY;XAVAX3200;SCREEN;2DIN;6.95 Apple Carplay/ Android Audio Media;0;0;0;0;0;4;027242922327;$275.00;$349.99
KENWOOD;X8025;AMP;5CH;KENWOOD EXCELON 5-CH AMP;0;0;0;0;0;2;019048226211;$192.50;$499.99
KENWOOD;X5031;AMP;MONO;eXcelon 500W RMS Monoblock Amp;3;3;0;0;0;3;;$166.00;$299.99
KENWOOD;X3024;AMP;4CH;KENWOOD 4-CH AMP;1;1;0;0;0;2;019048226242;$166.00;$299.99
STINGER;X2D4;ACCESSORY;;STINGER DYNAMAT 18X32;3;3;0;0;0;6;;$17.00;$34.99
AUDIOVOX;WM1;VIDEO;VIDEO;AUDIOVOX SMARTSTREAM MODULE;0;0;0;0;0;;;$40.00;$69.99
MISC;WIRES;WIRE;;WIRES / CONN / FH;18;18;0;0;0;;;$100.00;$150.00
JVC;WHJVC16P;HARNESS;STANDARD;HARNESS JVC 16PIN;1;1;0;0;0;4;;$2.00;$19.99
ALPINE;W12S4;SUB;REG;BassLine Series 12 4-Ohm Car Subwoofer;0;0;0;0;0;4;793276040541;$65.00;$129.99
PAC;VXT69;ACCESSORY;ADAPTER;6X9 SPEAKER BAFFLES;2;2;0;0;0;4;;$13.79;$24.99
PAC;VXT65;ACCESSORY;ADAPTER;6.5 OR 5 1/4 SPEAKER BAFFLES;3;3;0;0;0;2;;$12.58;$24.99
AUDIOVOX;VXMTG13;VIDEO;AIO;Overhead Monitor with DVD & HDMI Input;2;2;0;0;0;1;;$388.00;$595.00
AUDIOVOX;VXMTG10;VIDEO;AIO;AUDIOVOX 10.1 ALL IN ONE DVD;2;2;0;0;0;1;044476138782;$220.00;$449.99
PAC;VWK1017;DASH KIT;STANDARD;DASH KIT VLKS JETTA;2;2;0;0;0;12;012339010179;$13.76;$29.99
PAC;VWK1015;DASH KIT;STANDARD;DASH KIT VW 99-06;1;1;0;0;0;2;012339010155;$10.17;$29.99
PAC;VWK1008;DASH KIT;STANDARD;DASH KIT BEETLE 98-UP;1;1;0;0;0;2;012339010087;$8.37;$29.99
PAC;VWH1050;HARNESS;STANDARD;HARNESS VOLVO 82-92;6;6;0;0;0;;;$2.00;$21.99
PAC;VVOK1052;DASH KIT;STANDARD;DASH KIT VOLVO 85-93;0;0;0;0;0;;;$7.00;$29.99
PAC;VVOK1051;DASH KIT;STANDARD;DASH KIT VOLVO 77-88;0;0;0;0;0;;;$7.00;$29.99
PAC;VVOK1050;DASH KIT;STANDARD;DASH KIT VOLVO 77-92;1;1;0;0;0;;;$7.00;$29.99
VIPER;VSM550;AL/RS;GPS;VPR SmartStart Pro 4G LTE GPS Module;3;3;0;0;0;9;093207104015;$121.00;$279.99
PAC;VS41;SAFETY;;PAC 4 CAMERA SWITCHER;0;0;0;0;0;;609098819015;$124.63;$179.99
PIONEER;VRECDZ700DC;SAFETY;DASH CAM;PIONEER DUAL CAMERA W/MONITOR;0;0;0;0;0;4;;$230.72;$319.99
SOUNDSTREAM;VRCPAA7DR;SCREEN;2DIN;7 DVD Player w/ Carplay & Android Auto;0;0;0;0;0;7;709483062597;$230.00;$349.99
SOUNDSTREAM;VRCPAA7DMR;SCREEN;2DIN;7 Media w/ Carplay & Android Auto & XM;0;0;0;0;0;;;$202.00;$329.99
SOUNDSTREAM;VRCPAA70M;SCREEN;2DIN;7 Media w/ Carplay & Android Auto;0;0;0;0;0;15;709483061620;$215.00;$299.99
T-SPEC;VPNB4;ACCESSORY;DIST BLOCK;MANL 4-Position All-In-One Distribution;1;1;0;0;0;2;086429390649;$37.11;$69.99
T-SPEC;VPNB2;ACCESSORY;DIST BLOCK;MANL 2-Position All-In-One Distribution;1;1;0;0;0;25;086429390649;$22.00;$49.99
PAC;VOLT39;SAFETY;CAM;Adjust The Voltage Output 3.3V/5V/6V/9V;2;2;0;0;0;;;$18.33;$34.99
AUDIOVOX;VODA10;VIDEO;VIDEO;10.1 SMART TV ANDROID OS WITH WIFI;1;1;0;0;0;;044476138775;$580.00;$949.00
T-SPEC;VMANL;ACCESSORY;FUSE HOLDER;MANL 4/8 AWG Fuse Holder;18;18;0;0;0;6;086429391158;$6.61;$21.99
SOUNDSTREAM;VM21B;RADIO;MEDIA; Single DIN Bluetooth usb;0;0;0;0;0;16;709483052222;$38.00;$69.99
SOUNDSTREAM;VIR7830B;SCREEN;2DIN;SOUNDSTREAM DVD / BT/ 7TOUCH;0;0;0;0;0;6;709483038806;$150.00;$239.99
VIPER;VCM550;AL/RS;GPS;VPR Connect 4G LTE GPS Plug&Play Module;0;0;2;0;0;5;093207104305;$121.00;$199.99
FARENHEIT;VB1;VIDEO;VIDEO;FARENHEIT MULTI VIDEO AMP;1;1;0;0;0;;;$18.00;$49.99
T-SPEC;V8R174;RCA;4CH;RCA v8 Series 4-Channel Audio Cable - 17;0;0;0;0;0;6;086429391578;$11.00;$29.99
T-SPEC;V8R17;RCA;2CH;RCA v8 Series 2-Channel Audio Cable - 17;0;0;0;0;0;12;086429391561;$5.67;$18.99
METRA;V8AK8;AMP KIT;OFC;v8 8 AWG Amp Kit - 600 W with RCA Cable;2;2;0;0;0;2;086429280995;$27.49;$89.99
T-SPEC;V8AK4;AMP KIT;OFC;v8 4 AWG Amp Kit - 1500 W with RCA Cable;0;0;0;0;0;4;086429280971;$81.93;$134.99
T-SPEC;V6R3572IN;ACCESSORY;;v6 Series 2-Ch RCA to 3.5MM Jack - 72 in;1;1;0;0;0;2;086429391417;$4.00;$14.99
ALPINE;UTE73BT;RADIO;MEDIA;ALPINE DIGITAL MEDIA Player;0;0;0;0;0;26;793276040855;$83.00;$119.99
PAC;USBTY2;ACCESSORY;USB;USB CABLE ADAPTER TOYOTA;4;4;0;0;0;;609098813693;$11.32;$19.99
PAC;USBTY1;ACCESSORY;USB;USB CABLE ADAPTER TOYOTA;0;0;1;0;0;7;609098813686;$11.32;$19.99
PAC;USBSB1;ACCESSORY;USB;USB CABLE ADAPTER SUBARU;1;1;0;0;0;1;609098813662;$8.39;$19.99
PAC;USBNI2;ACCESSORY;USB;USB CABLE ADAPTER NISSAN;1;1;0;0;0;;609098813716;$14.93;$19.99
PAC;USBNI1;ACCESSORY;USB;USB CABLE ADAPTER NISSAN;1;1;0;0;0;;609098813709;$14.93;$19.99
PAC;USBMB1;ACCESSORY;USB;PAC USB ADAPTER;0;0;0;0;0;;609098825634;$8.39;$21.99
PAC;USBHY1;ACCESSORY;USB;PAC USB PORT HYUNDAI / KIA;2;2;0;0;0;;609098813723;$16.04;$24.99
PAC;USBGM1;ACCESSORY;USB;USB PORT OEM ADAPTER;2;2;0;0;0;21;609098816786;$11.32;$24.99
PAC;USBDMA1;ACCESSORY;USB;PAC USB DASH MOUNT;0;0;0;0;0;101;609098823562;$10.35;$24.99
PAC;USBCDMA3;ACCESSORY;USB;3 Foot USB-C Extension With Dash Mount;1;1;0;0;0;1;609098902182;$18.97;$39.00
PAC;USB725;ACCESSORY;ADAPTER;.25 ' EXTENDER FOR 6.5 SPKRS;3;3;0;0;0;1;012339072504;$10.17;$19.99
PAC;USB700;ACCESSORY;ADAPTER;1 EXTENDER FOR 6.5 SPKRS;2;2;0;0;0;8;123339070005;$10.17;$24.99
PAC;USB60;ACCESSORY;ADAPTER;SPEAKER ADAPTER  6X9 TO 6.5;1;1;0;0;0;;012339000606;$6.57;$17.99
PAC;USB50;DASH KIT;STANDARD;SPEAKER ADAPTER;1;1;0;0;0;1;012339000507;$8.86;$29.99
PAC;UPK800;DASH KIT;STANDARD;DASH KIT UNIVERSAL POCKET;3;3;0;0;0;1;012339080004;$10.17;$29.99
PAC;UPK750;DASH KIT;STANDARD;DASH KIT POCKET KIT;2;2;0;0;0;4;012339750006;$14.97;$29.99
PAC;UPDATE;DASH KIT;STANDARD;DASH KIT 05-06 FG UPDATE;2;2;0;0;0;;;$7.00;$29.99
STINGER;UN1810;SCREEN;2DIN;10 Universal Multimedia Car Stereo;1;1;0;0;0;4;609098831406;$599.00;$795.00
SCOSCHE;UAKP;ACCESSORY;;SCOSCHE 8GW AMP KWIK PLUG;1;1;0;0;0;2;;$28.00;$59.99
PAC;TY1ARS;HARNESS;ADV;HARNESS TOYOTA/ SCION /LEXUS;1;1;0;0;0;11;609098832366;$176.72;$299.00
STINGER;TXJWB12;ENCLOSURE;LOADED;Jeep Gate Mounted Loaded Enclosure;1;1;0;0;0;1;609098836142;$524.48;$699.00
STINGER;TXFBB12;ENCLOSURE;LOADED;Bronco Gate Mounted Loaded Enclosure;1;1;0;0;0;1;;$524.48;$699.00
LABOR;TWT;LABOR;TWEETER;TWEETER;0;0;0;0;0;;;$0.00;$110.00
PAC;TWH951;HARNESS;STANDARD;HARNESS TOYOTA;2;2;0;0;0;;012339809513;$5.87;$23.99
PAC;TVC104;DASH KIT;STANDARD;DASH KIT RADIO HOUSING;1;1;0;0;0;4;012339001047;$10.17;$29.99
PAC;TTR998;DASH KIT;STANDARD;DASH KIT TOYOTA / SCION / SUBA;2;2;0;0;0;5;012339009982;$13.91;$29.99
PAC;TTR992;DASH KIT;STANDARD;DASH KIT 00-UP TOYOTA;1;1;0;0;0;7;012339009920;$6.91;$29.99
PIONEER;TSZ65F;SPKR;COAX;PIONEER 6.5 2-WAY COAXIAL;0;0;0;0;0;1;884938374637;$169.00;$259.99
PIONEER;TSZ65CH;SPKR;CMP;PIONEER 6.52-WAY COMPONENT;0;0;0;0;0;1;884938374613;$247.00;$389.99
PIONEER;TSZ10LS4;SUB;REG;PIONEER 10SINGLE 4 OHMS SUB;0;0;0;0;0;;884938374576;$204.80;$319.99
LINKSWELL;TSTYTC130RR6H;SCREEN;TESLA;Tesla 13 2016-2023 Toyota Tacoma GEN6;1;1;0;0;0;;;$1,125.00;$1,649.99
LINKSWELL;TSTYPU121RR5B;SCREEN;TESLA;TESLA 12.1 TOYOTA TUNDRA 2014 - UP;1;1;0;0;0;;;$1,050.00;$1,495.00
LINKSWELL;TSJPJL121RR5S;SCREEN;TESLA;TESLA 12.1 18+ JEEP Wrangler/Gladiator;0;0;0;0;0;1;;$1,100.00;$1,495.00
LINKSWELL;TSJPGC121RR6H;SCREEN;TESLA;12.1 2014-2021 Jeep Grand Cherokee GEN6;1;1;0;0;0;;;$1,075.00;$1,595.00
LINKSWELL;TSGMPUBSADPT;SCREEN;TESLA;TESLA SCREEN GM BOSE ADAPTER;1;1;0;0;0;8;;$260.00;$399.99
LINKSWELL;TSGMPU121RR5S;SCREEN;TESLA;TESLA 12.1 2014-19 CHEVY/GMC GEN5S;1;1;0;0;0;;;$1,100.00;$1,495.00
LINKSWELL;TSFDSDBOADPT;SCREEN;TESLA;Ford F-250 / 350 B&o Adapter 2020-UP;1;1;0;0;0;0;;$56.00;$149.99
LINKSWELL;TSFDRG121RR6H;SCREEN;TESLA;TESLA 12.1 FORD RANGER 2019-22  GEN6;0;0;0;0;0;;;$1,125.00;$1,640.00
LINKSWELL;TSFDRG121RR5B;SCREEN;TESLA;TESLA 12.1 FORD RANGER 2019-22 GN5;1;1;0;0;0;;;$650.00;$1,495.00
LINKSWELL;TSFDPUSDHARN;SCREEN;TESLA;HARNESS 2020-2022 F-250/F-350 Super Duty;1;1;0;0;0;;;$18.00;$49.99
LINKSWELL;TSFDPUBOADPT;SCREEN;TESLA;Ford F-150 B&o Adapter;1;1;0;0;0;-1;;$56.00;$149.99
LINKSWELL;TSFDPU121KB5B;SCREEN;TESLA;TESLA 12.1 FORD F-150/ 250/ 350 GEN5;0;0;0;0;0;5;;$1,050.00;$1,495.00
LINKSWELL;TSFDPU121AK5S;SCREEN;TESLA;TESLA 12.1 FORD F-150/250/350 GN5;1;1;0;0;0;-1;;$985.00;$1,495.00
LINKSWELL;TSFDMU121RR5B;SCREEN;TESLA;TESLA 12 FORD MUSTANG 2015-2021;0;0;0;0;0;1;;$1,050.00;$1,495.00
LINKSWELL;TSDGPU121RR5B;SCREEN;TESLA;TESLA 12.1 2019 UP DODGE RAM GEN5;1;1;0;0;0;;;$1,050.00;$1,495.00
LINKSWELL;TSDGPU104RR5B;SCREEN;TESLA;TESLA 12.1 2014-18 RAM/ CLASSIC 19+ GN5;1;0;0;1;0;;;$1,050.00;$1,495.00
PIONEER;TSD65F;SPKR;COAX;PIONEER 6.5 2-WAY COAXIAL;0;0;0;0;0;1;884938374446;$103.30;$169.99
PIONEER;TSD65C;SPKR;CMP;PIONEER 6.5 2-WAY COMPONENT;0;0;0;0;0;1;884938374422;$134.00;$219.99
PIONEER;TSD12D4;SUB;REG;PIONEER 12 DUAL 4 OHM SUB;0;0;0;0;0;6;884938374408;$139.30;$229.99
PAC;TSB920;ACCESSORY;ADAPTER;6.5 SPEAKER ADAPTER TOY/LEXUS;1;1;3;0;0;21;012339009203;$7.77;$24.99
PAC;TSB910;ACCESSORY;ADAPTER;6x9 to 6.5 TOY/LEXUS Adapter;2;2;0;0;0;5;012339009104;$13.76;$24.99
PIONEER;TSA693FH;;;;0;0;0;0;0;;884938509473;$77.00;$139.99
PIONEER;TSA692F;SPKR;COAX;PIONEER 4-WAY 6 X 9;1;1;0;0;0;12;884938409834;$46.35;$89.99
PIONEER;TSA692C;SPKR;CMP;PIONEER COMPONENT 6X9;1;1;0;0;0;8;884938409827;$77.25;$149.99
PIONEER;TSA6901C;;;;0;0;0;0;0;;884938509459;$95.00;$189.99
PIONEER;TSA6881F;SPKR;COAX;6in. X 8in. 350-Watt 4-Way Full-Range Co;0;0;0;0;0;1;884938509442;$60.50;$119.99
PIONEER;TSA653FH;;;;0;0;0;0;0;;884938509411;$66.00;$119.99
PIONEER;TSA652F;SPKR;COAX;PIONEER 3-WAY 6.5;0;0;0;0;0;25;884938409780;$46.35;$89.99
LABOR;TRK;LABOR;;TRUNK OPENER;0;0;0;0;0;;;$0.00;$45.00
PAC;TR03;LIGHTS;GLOW;60 Truck Tailgate Light Bar Triple Row;1;1;0;0;0;;;$35.00;$79.99
INSTALLBAY;TR02;LIGHTS;LED;Tailgate Bar Double Row Led;0;0;0;0;0;0;;$25.00;$69.99
PAC;TOYK996;DASH KIT;STANDARD;DASH KIT TOYOTA SCION;1;1;0;0;0;;012339009968;$10.77;$29.99
PAC;TOYK995;DASH KIT;STANDARD;DASH KIT TOYOTA RAV4 2013-18;2;2;0;0;0;3;012339009951;$27.57;$39.99
PAC;TOYK994;DASH KIT;STANDARD;Toyota Rav-4 06-08 Double/Single Din Kit;1;1;0;0;0;3;012339009944;$13.76;$34.99
PAC;TOYK990;DASH KIT;STANDARD;2014-19 Toyota Highlander 1 & 2-Din Kit;1;1;0;0;0;3;012339009906;$27.57;$39.99
PAC;TOYK989;DASH KIT;STANDARD;DASH KIT TOYOTA HIGHLANDER;1;1;0;0;0;3;012339009890;$27.57;$49.99
PAC;TOYK988;DASH KIT;STANDARD;DASH KIT TOYOTA MATRIX DD;1;1;0;0;0;;012339009883;$9.58;$29.99
PAC;TOYK987;DASH KIT;STANDARD;DASH KIT TOYOTA MATRIX SD;1;1;0;0;0;;012339009876;$13.17;$29.99
PAC;TOYK985;DASH KIT;STANDARD;2011-14 Toyota Sienna 1 or 2 Din Kit;1;1;0;0;0;;012339009852;$27.57;$39.99
PAC;TOYK984;DASH KIT;STANDARD;DASH KIT 04-08TOY/SIENNA;1;1;0;0;0;3;012339009845;$18.78;$29.99
PAC;TOYK983S;DASH KIT;STANDARD;DASH KIT TOYOTA CAMRY 07-11;1;1;0;0;0;6;012339009838;$20.96;$34.99
PAC;TOYK982;DASH KIT;STANDARD;DASH KIT04-08TOY/SIENNA[VAN];1;1;0;0;0;;012339009821;$11.53;$29.99
PAC;TOYK981;DASH KIT;STANDARD;DASH KIT TOYOTA CAMRY 12-UP;1;1;0;0;0;;012339009814;$23.97;$29.99
PAC;TOYK980;DASH KIT;STANDARD;DASH KIT 2007-11 Toyota Camry;1;1;0;0;0;;012339009807;$17.37;$29.99
PAC;TOYK979;DASH KIT;STANDARD;DASH KIT CAMRY;1;1;0;0;0;6;012339009791;$10.76;$29.99
PAC;TOYK978;DASH KIT;ADV;DASH KIT  CAMRY SINGLR OR DBL;2;2;0;0;0;;012339009784;$48.58;$59.99
PAC;TOYK976;DASH KIT;STANDARD;DASH KIT TOYO VENZA 09-11;1;1;0;0;0;;012339009760;$17.37;$29.99
PAC;TOYK975;DASH KIT;STANDARD;DASH KIT TOYOTA 00-08;1;1;0;0;0;3;012339009753;$13.76;$29.99
PAC;TOYK973MG;DASH KIT;ADV;DASH KIT GLOSSY 12-UP T-TACOMA;1;1;0;0;0;1;012339097309;$52.16;$69.99
PAC;TOYK973;DASH KIT;STANDARD;DASH KIT 12-UP TOY OTA TACOMA;1;1;0;0;0;;012339009739;$37.77;$49.99
PAC;TOYK972S;DASH KIT;ADV;DASH KIT SILVER 05-UP TACOMA;1;1;0;0;0;4;012339097200;$31.16;$69.99
PAC;TOYK972;DASH KIT;STANDARD;DASH KIT 05-UP TOYOTA TACOMA;1;1;0;0;0;2;012339009722;$17.37;$49.99
PAC;TOYK9714;DASH KIT;STANDARD;DASH KIT TOYOTA TACOMA 2016-UP;1;1;0;0;0;1;012339097149;$23.97;$29.99
PAC;TOYK969;DASH KIT;STANDARD;DASH KIT TOYOTA;1;1;0;0;0;2;012339009692;$13.76;$29.99
PAC;TOYK968;DASH KIT;STANDARD;DASH KIT  TOYOTA TUNDRA 14-UP;1;1;0;0;0;2;012339009685;$27.57;$49.99
PAC;TOYK967MG;DASH KIT;ADV;DASH KIT GREY TUNDRA/SEQUOIA;1;1;0;0;0;;012339096722;$30.56;$59.99
PAC;TOYK967GB;DASH KIT;ADV;DASH KIT TUNDRA BLACK GLOSS;1;1;0;0;0;6;012339096715;$30.56;$59.99
PAC;TOYK967;DASH KIT;STANDARD;DASH KIT 07 TOYOTA TUNDRA;1;1;0;0;0;3;012339009678;$26.37;$44.99
PAC;TOYK966;DASH KIT;STANDARD;DASH KIT TOYOTA TUNDRA 2003;1;1;0;0;0;2;012339009661;$10.56;$29.99
PAC;TOYK964;DASH KIT;STANDARD;DASH KIT TOYOTA SOLARA;1;1;0;0;0;2;012339009647;$13.76;$29.99
PAC;TOYK962;DASH KIT;STANDARD;DASH KIT 03-08TOY 4 RUNNER LTD;1;1;0;0;0;;012339009623;$13.59;$29.99
PAC;TOYK961;DASH KIT;STANDARD;DASH KIT03-08 TOYOTA 4 RUNNER;1;1;0;0;0;2;012339009616;$8.97;$29.99
PAC;TOYK960;DASH KIT;STANDARD;DASH KIT COROLLA 03-08;1;1;0;0;0;5;012339009609;$11.41;$29.99
PAC;TOYK958;DASH KIT;STANDARD;DASH KIT03-08 TOY/COROLLA[DBL];1;1;0;0;0;3;012339009586;$8.37;$29.99
PAC;TOYK955;DASH KIT;STANDARD;DASH KIT COROLLA 96;1;1;0;0;0;1;012339009555;$13.77;$29.99
PAC;TOYK954;DASH KIT;STANDARD;DASH KIT TOYOTA AVALON;1;1;0;0;0;;012339009548;$18.52;$29.99
PAC;TOYK953;DASH KIT;STANDARD;DASH KIT 10-UP PRIUS;1;1;0;0;0;1;012339009531;$20.96;$34.99
PAC;TOYK952GB;DASH KIT;STANDARD;DASH KIT COROLLA 2017-UP;1;1;0;0;0;;012339520005;$23.97;$29.99
PAC;TOYK951MG;DASH KIT;STANDARD;DASH KIT COROLLA 14-UP;1;1;0;0;0;3;012339951007;$34.76;$59.99
PAC;TOYK949G;DASH KIT;STANDARD;DASH KIT TOY/COROLLA GRAY;0;0;0;0;0;4;012339094902;$20.96;$29.99
PAC;TOYK949;DASH KIT;STANDARD;DASH KIT 08 TOY/COROLLA[DBL];1;1;0;0;0;4;012339009494;$17.37;$29.99
PAC;TOYK944;DASH KIT;STANDARD;DASH KIT TOYTA 12 UP;1;1;0;0;0;;012339009449;$16.20;$29.99
ROCKFORD;TMS6SG;MOTORCYCLE;SPKR;ROCKFORD 98-13 HARLEY SG 6;1;1;0;0;0;2;780687345273;$261.00;$439.99
ROCKFORD;TMS6RG;MOTORCYCLE;SPKR;ROCKFORD 98-13 HARLEY RG 6;0;0;0;0;0;1;780687345266;$261.00;$439.99
ROCKFORD;TMS69BL9813;MOTORCYCLE;SPKR;ROCKFORD 6X9 BAG LID HD 98-13;0;0;0;0;0;1;780687353001;$432.00;$709.99
ROCKFORD;TMS69BL14;MOTORCYCLE;SPKR;ROCKFORD 6X9 BAG LID HD 14-UP;3;3;0;0;0;10;780687352998;$432.00;$709.99
ROCKFORD;TMS69;MOTORCYCLE;SPKR;ROCKFORD HARLEY 6X9;1;1;0;0;0;3;780687353506;$261.00;$439.99
ROCKFORD;TMS65;MOTORCYCLE;SPKR;6.5 Coaxial 14-Up Harley RG/SG;3;3;0;0;0;15;780687351465;$261.00;$439.99
ROCKFORD;TMS57;MOTORCYCLE;SPKR;ROCKFORD HARLEY RG/SG CVO 5X7;2;2;0;0;0;1;780687353018;$261.00;$439.99
FARENHEIT;TI895B;SCREEN;1DIN;In-Dash 1-DIN Motorized DVD Player;0;0;0;0;0;8;;$150.00;$239.99
DIRECTED;THVWN2;AL/RS;T-HARNESS;VW T-HARNESS FOR DS4;0;0;0;0;0;;;$58.00;$149.99
DIRECTED;THTON9;AL/RS;T-HARNESS;T-Harness Toyota/Scion/Lexus;2;2;0;0;0;1;093207104633;$60.00;$120.00
DIRECTED;THTON8;AL/RS;T-HARNESS;T-Harness Toyota/Scion/Lexus;2;2;0;0;0;1;093207104626;$60.00;$120.00
DIRECTED;THTON7;AL/RS;T-HARNESS;T-Harness Toyota/Scion/Lexus;3;3;0;0;0;3;093207104657;$60.00;$120.00
DIRECTED;THTON6;AL/RS;T-HARNESS;T-Harness Toyota/Scion/Lexus;0;0;0;0;0;6;093207104343;$60.00;$120.00
DIRECTED;THTON10;AL/RS;T-HARNESS;T-Harness Toyota/Scion/Lexus;2;2;0;0;0;;093207104640;$60.00;$120.00
DIRECTED;THSUN2;AL/RS;T-HARNESS;T-Harness Subaru;1;1;0;0;0;;093207105210;$60.00;$120.00
DIRECTED;THSUN1;AL/RS;T-HARNESS;T-Harness Subaru;0;0;0;0;0;1;093207104671;$60.00;$120.00
DIRECTED;THNIN8;AL/RS;T-HARNESS;T-Harness Nissan/Infiniti;1;1;0;0;0;;;$55.00;$120.00
DIRECTED;THNIN7;AL/RS;T-HARNESS;T-Harness Nissan/Infiniti;0;0;0;0;0;;;$55.00;$120.00
DIRECTED;THNIN6;AL/RS;T-HARNESS;T-Harness Nissan/Infiniti;1;1;0;0;0;1;093207103919;$60.00;$120.00
DIRECTED;THNIN5;AL/RS;T-HARNESS;T-Harness Nissan/Infiniti;1;1;0;0;0;;093207103902;$60.00;$120.00
DIRECTED;THNIN4;AL/RS;T-HARNESS;T-Harness Nissan/Infiniti 2007-Up;1;1;0;0;0;1;093207103599;$50.00;$99.99
DIRECTED;THNIN3;AL/RS;T-HARNESS;T-Harness Nissan/Infiniti;0;0;1;0;0;1;093207103346;$50.00;$99.99
DIRECTED;THMAN1;AL/RS;T-HARNESS;T-Harness Mazda;1;1;0;0;0;1;093207102479;$50.00;$99.99
DIRECTED;THHYN5;AL/RS;T-HARNESS;2011-2018 Key Type Hyundai/Kia T-Harness;2;2;0;0;0;;;$45.00;$69.99
DIRECTED;THHYN3;AL/RS;T-HARNESS;2011-2018 Key Type Hyundai/Kia T-Harness;2;2;2;0;0;4;093207103339;$30.00;$69.99
DIRECTED;THHON9;AL/RS;T-HARNESS;T-Harness Honda/Acura;1;1;1;0;0;;093207104602;$60.00;$119.99
DIRECTED;THHON7;AL/RS;T-HARNESS;T-Harness Honda/Acura;2;2;0;0;0;;093207104664;$60.00;$119.99
DIRECTED;THHON6;AL/RS;T-HARNESS;THARN 2006-13 Acura/Honda DS4+;1;1;0;0;0;;93207102523;$29.61;$59.99
DIRECTED;THHON4;AL/RS;T-HARNESS;THARN 2008-15 Tsx/Accord/Pilot/Odyssey;1;1;0;0;0;1;93207102509;$29.61;$59.99
DIRECTED;THHON3;AL/RS;T-HARNESS;T-Harness 2013-16 Accord/Civic/Crv/Fit;3;3;0;0;0;2;093207102493;$50.00;$99.99
DIRECTED;THHON11;AL/RS;T-HARNESS;VIPER HONDA RS T-HARN;1;1;0;0;0;;;$55.00;$119.99
DIRECTED;THHON10;AL/RS;T-HARNESS;T-Harness Honda/Acura;2;2;0;0;0;1;093207104619;$50.00;$119.99
DIRECTED;THGMN5;AL/RS;T-HARNESS;DIRECTED T-HARNESS FOR GM;2;2;1;0;0;5;093207104459;$50.00;$99.99
DIRECTED;THGMN3;AL/RS;T-HARNESS;DIRECTED T-HARNESS FOR GM;1;1;0;0;0;;093207103698;$30.00;$59.99
DIRECTED;THGMN2;AL/RS;T-HARNESS;Directed T-Harness for GM Vehicles 06-17;2;2;0;0;0;3;093207102585;$40.00;$79.99
DIRECTED;THFON2;AL/RS;T-HARNESS;DIRECTED T-HARNESS FORD 13-16;5;5;0;0;0;1;093207102561;$40.00;$79.99
DIRECTED;THFON1;AL/RS;T-HARNESS;DIRECTED THARN FORD 08-17 DS4+;2;2;0;0;0;3;093207103582;$30.00;$59.99
DIRECTED;THCHN3;AL/RS;T-HARNESS;DIRECTED T-HARNESS Chrysler;1;1;0;0;0;5;093207103186;$30.00;$59.99
DIRECTED;THCHN2;AL/RS;T-HARNESS;DIRECTED T-HARNESS CHRYSLER;2;2;0;0;0;;093207103193;$30.00;$59.99
DIRECTED;THCHN1;AL/RS;T-HARNESS;DIRECTED T-HARNESS CHRYSLER;2;2;0;0;0;;093207103209;$30.00;$59.99
IBEAM;TEWMCE;SAFETY;CAM;Universal Wireless 7 Monitor and Camera;0;0;0;0;0;1;086429407354;$202.46;$279.99
IBEAM;TETUTGC;SAFETY;CAM;Toyota Tundra Tailgate Handle Camera;1;1;0;0;0;;086429319565;$169.77;$234.99
IBEAM;TETHC;SAFETY;CAM;Through Hole Camera;1;1;0;0;0;1;086429255542;$46.16;$74.99
IBEAM;TETATUH;SAFETY;CAM;Toyota Tacoma/Tundra Tailgate Handle Cam;1;1;0;0;0;;086429367085;$120.00;$239.99
IBEAM;TETATGC;SAFETY;CAM;Toyota Tacoma Tailgate Handle Camera;1;1;0;0;0;1;086429319589;$169.77;$244.99
LABOR;TESTLABORHOUR;;;test;0;0;0;0;0;;;;$20.00
LABOR;TEST;LABOR;;TEST AMP OR HEAD UNIT;0;0;0;0;0;;;$0.00;$20.00
IBEAM;TESSC;SAFETY;CAM;Universal Small Square Vehicle Camera;1;1;0;0;0;2;086429255559;$50.09;$129.99
IBEAM;TESSA;SAFETY;CAM;Small Square Camera Front/Rear;1;1;0;0;0;;086429274932;$51.29;$124.99
LABOR;TESLA;LABOR;;XL SCREEN TESLA STYLE 10-UP;0;-1;0;1;0;;;;$379.00
IBEAM;TESBC;SAFETY;CAM;Waterproof Bullet Camera w/ Nightvision;1;1;0;0;0;2;086429255528;$50.09;$129.99
IBEAM;TERVMM;SAFETY;SCREEN;Ibeam Mirror W/4.3Screen;0;0;0;0;0;;;$93.00;$199.99
IBEAM;TERMTH;SAFETY;CAM;RAM 1500 / 2500 / 3500 TAILGATE CAMERA;0;0;0;0;0;1;086429417698;$119.65;$199.99
IBEAM;TERMH;SAFETY;CAM;Dodge RAM Tailgate Handle Camera 2002-20;1;1;0;0;0;2;086429367054;$152.72;$239.99
IBEAM;TEPSRC6;SAFETY;SENSOR;Parking Sensor 6 Meter Extension;3;3;0;0;0;;086429283668;$4.18;$19.99
MISC;TEPSRC3;ACCESSORY;;PARKING SENSOR 9FT EXTENSION;2;2;0;0;0;;;$6.00;$14.99
IBEAM;TEMIIRB;SAFETY;CAM;Black IR Fixed Angle Micro Camera;2;2;0;0;0;8;086429361052;$75.79;$144.99
METRA;TELVM9;SAFETY;SCREEN;9 Live View Streaming Rearview Mirror;1;1;0;0;0;1;086429419272;$250.00;$499.99
IBEAM;TEJPKT;SAFETY;CAM;Ibeam B- Camera Jeep Wrangler;2;1;0;0;1;7;;$98.34;$154.99
IBEAM;TEGTGC;SAFETY;CAM;Chevy/GMC Tailgate Handle Camera;2;2;0;0;0;6;086429319541;$169.90;$244.99
IBEAM;TEGMTC;SAFETY;CAM;Chevy GMC Factory Replace Tailgate Handl;2;2;0;0;0;;086429339525;$180.74;$244.99
IBEAM;TEGMSH;SAFETY;CAM;Chevrolet Silverado/GMC Sierra Tailgate;0;0;0;0;0;;086429366996;$135.94;$214.99
IBEAM;TEFTGC;SAFETY;CAM;Ford Factory Replacement Tailgate Handle;2;2;0;0;0;7;086429319527;$154.94;$234.99
IBEAM;TEFDRH;SAFETY;CAM;Ford Ranger Tailgate Handle Camera;0;0;0;0;0;;086429367023;$105.00;$229.99
IBEAM;TEFDH;SAFETY;CAM;Ford Factory Replacement Tailgate Handle;1;1;0;0;0;;086429339488;$188.38;$239.99
IBEAM;TEFDFTG;SAFETY;CAM;Tailgate Camera Ford F150/F250 1997-2007;1;1;0;0;0;-1;086429376926;$160.29;$229.99
IBEAM;TEDVR1080;SAFETY;DASH CAM;1080P Dash Camera w/ Motion Detection;2;2;0;0;0;4;086429403790;$67.48;$124.99
IBEAM;TEDGH;SAFETY;CAM;Ram Factory Replacement Tailgate Handle;2;1;0;1;0;6;086429339501;$170.86;$239.99
IBEAM;TECAMFLTR;HARNESS;CAM;Pulse Width Modulation Stabilizer;1;1;0;0;0;1;086429403950;$5.00;$17.99
IBEAM;TEBSC;SAFETY;CAM;Ibeam Rearview Backup Camera;0;0;0;0;0;10;;$33.66;$89.99
IBEAM;TEB4PSK;SAFETY;SENSOR;Parking Sensors - Rear Parking Assist Ki;0;0;0;0;0;;086429270132;$49.23;$89.99
IBEAM;TE8PSK;SAFETY;CAM;Front and Rear Parking Assist Kit;1;1;0;0;0;1;086429255504;$108.51;$149.99
IBEAM;TE50VS;SAFETY;SCREEN;5 inch Color Video Screen - 2 Inputs;1;1;0;0;0;4;086429303175;$70.12;$99.99
IBEAM;TE4PSK;SAFETY;SENSOR;Parking Sensors - Rear Parking Assist Ki;1;1;0;0;0;1;086429255498;$75.13;$124.99
IBEAM;TE360;SAFETY;CAM;Ibeam 360 Degree Camera View;0;0;0;0;0;;;$233.20;$419.99
IBEAM;TE190;SAFETY;CAM;190-Degree Wide Viewing Angle Adjustable;0;0;0;0;0;2; 086429403806;$105.28;$164.99
CODE ALARM;TCBMLC;AL/RS;ALARM;Transmitter Kit;1;1;0;0;0;;;$13.50;$34.99
SCOSCHE;TA2106B;DASH KIT;ADV;DASH KIT 4-RUNNER;0;0;0;0;0;1;;$40.00;$69.99
TVIEW;T921PLTN;VIDEO;HRM;TVIEW 9TFT HEADREST/TAN;0;0;0;0;0;;;$160.00;$299.99
TVIEW;T921PLGR;VIDEO;HRM;TVIEW 9TFT HEADREST/GREY;0;0;0;0;0;;;$160.00;$299.99
TVIEW;T921PLBK;VIDEO;HRM;TVIEW 9 HEADREST MONITOR BLK;1;1;0;0;0;1;;$160.00;$299.99
TVIEW;T711HRIR;SCREEN;HRM;TVIEW 7 LCD MONITOR W-STAND;0;0;0;0;0;;;$110.00;$199.99
ROCKFORD;T6004;AMP;4CH;ROCKFORD 4-CH POWER AMP;0;0;0;0;0;2;780687324483;$396.00;$659.99
ROCKFORD;T500X1BR;AMP;MONO;ROCKFORD POWER MONO 500W AMP;1;1;0;0;0;;;$235.00;$379.99
MASSIVE;T50;SPKR;TWT;MASSIVE SUPER TWEETER;0;0;0;0;0;;;$28.00;$59.99
ROCKFORD;T4004;AMP;4CH;POWER Series 4-ch Amp (100w RMS x 4);1;1;0;0;0;5;780687324469;$264.00;$439.99
MASSIVE;T40;SPKR;TWT;MASSIVE SUPER TWEETER;0;0;0;0;0;;;$17.00;$39.99
ROCKFORD;T3652S;SPKR;CMP;ROCKFORD T3 POWER COMPONENTS;1;1;0;0;0;;780687330002;$627.00;$1,299.99
ROCKFORD;T2S213;SUB;REG;ROCKFORD 13 SUB 4000W MAX;2;2;0;0;0;;780687343545;$682.00;$1,099.99
ROCKFORD;T2652S;SPKR;CMP;POWER Series T2 - 6.5 Component Set;1;1;0;0;0;9;780687329235;$180.00;$449.99
ROCKFORD;T25001BDCP;AMP;MONO;POWER Series Amp 2500W RMS;2;2;0;0;0;1;780687330293;$858.00;$1,449.99
ROCKFORD;T1TS;SPKR;TWT;1 Tweeter Kit;0;0;0;0;0;5;780687329211;$92.00;$229.99
ROCKFORD;T1SG12;SUB;GRILLE;ROCKFORD GRILL 12 FOR T1S;1;1;0;0;0;6;780687344740;$26.00;$44.99
ROCKFORD;T1SG10;SUB;GRILLE;ROCKFORD GRILL 10 FOR T1S;2;2;0;0;0;5;780687344733;$26.00;$44.99
ROCKFORD;T1S212;SUB;REG;ROCKFORD FOSGATE 12 SUB 1200W;2;2;0;0;0;9;780687343699;$336.00;$599.99
ROCKFORD;T1S210;SUB;THIN;ROCKFORD FOSGATE 10 SUB 1000W;4;4;0;0;0;3;780687343682;$270.00;$479.99
ROCKFORD;T1D415;SUB;REG;ROCKFORD FOSGATE 15 DVC;2;2;0;0;0;3;780687328962;$456.00;$849.99
ROCKFORD;T1D412;SUB;REG;ROCKFORD FOSGATE 12 DVC 2000W;2;2;0;0;0;9;780687328948;$292.00;$539.99
ROCKFORD;T1693;SPKR;COAX;ROCKFORD FOSGATE 6X9;1;1;0;0;0;;780687329181;$120.00;$299.99
ROCKFORD;T1692;SPKR;COAX;ROCKFORD FOSGATE 6X9;0;0;0;0;0;15;780687329174;$116.00;$289.99
ROCKFORD;T1682;SPKR;COAX;ROCKFORD POWER 6X8 2-WAY;0;0;0;0;0;14;780687329167;$96.00;$239.99
ROCKFORD;T1675;SPKR;COAX;ROCKFORD FOSGATE 6.75;1;1;0;0;0;;780687340490;$88.00;$219.99
ROCKFORD;T1650;SPKR;COAX;ROCKFORD POWER 6.5;2;2;0;0;0;29;780687345310;$88.00;$219.99
TVIEW;T156IR;VIDEO;AIO;TVIEW 15.6 TFT FLIP DOWN;1;1;0;0;0;;;$170.00;$379.99
ROCKFORD;T152;SPKR;COAX;ROCKFORD 5.25 2-WAY POWER;0;0;0;0;0;4;780687329112;$88.00;$219.99
ROCKFORD;T15001BDCP;AMP;MONO;POWER Series 1-CH 1500w RMS @ 1 & 2-Ohms;1;1;0;0;0;6;780687330286;$462.00;$769.99
ROCKFORD;T1462;SPKR;COAX;ROCKFORD 2-WAY 4X6;0;0;0;0;0;9;780687329143;$88.00;$219.99
ROCKFORD;T10001BDCP;AMP;MONO;POWER Series 1000W RMS  x 1 @ 1 & 2 OHM;2;2;0;0;0;5;780687330279;$396.00;$659.99
ROCKFORD;T0D412;SUB;REG;Rockford Fosgate  Power T-0 DVC 4;0;0;0;0;0;7;;$230.00;$399.99
SONY;SY1613;HARNESS;STANDARD;SONY HARNESS HEADUNIT;0;0;0;0;0;;;$2.00;$19.99
SIRIUS;SXV300V1;ACCESSORY;;AUDIOVOX XM & SIRIUS TUNER;9;9;0;0;0;54;044476127458;$45.00;$79.99
SIRIUS;SXPL1V1;SCREEN;;SIRIUSXM SAT RADIO;1;1;0;0;0;;;$50.00;$89.99
ALPINE;SXE6926S;SPKR;COAX;E-Series 6 x 9 Coaxial;0;0;0;0;0;;793276242969;$55.00;$79.99
ALPINE;SXE1726S;SPKR;COAX;E-Series 6.5 Coaxial;0;0;0;0;0;;793276242983;$40.00;$69.99
CRUX;SWR100;HARNESS;SWC;Univ. Steering Wheel Control Interface;2;2;0;0;0;;;$50.00;$89.99
AXXESS;SWITCH;ACCESSORY;;Axxess Rocker Switch;27;27;0;0;0;4;;$2.00;$7.99
PAC;SWICP2;HARNESS;SWC;Universal Analog/CAN-Bus SWC Module;2;2;0;0;0;7;609098818582;$60.00;$129.00
LABOR;SWC;LABOR;SWC;STEERING WHEEL CONTROL;200;199;0;1;0;;;$0.00;$75.00
ALPINE;SW12D4;SUB;REG;ALPINE 12 SUBWOOFER;0;0;0;0;0;1;793276242143;$103.00;$199.95
ALPINE;SW12D2;SUB;REG;ALPINE 12 SUBWOOFER;1;1;0;0;0;7;793276242150;$103.00;$199.95
ALPINE;SW10D4;SUB;REG;Type-S 10 Subwoofer Dual 4-Ohm;0;0;0;0;0;2;793276242167;$92.00;$179.95
ALPINE;SW10D2;SUB;REG;ALPINE 10 TYPE-S;0;0;0;0;0;2;793276242174;$92.00;$179.95
LABOR;SW;LABOR;AMP;AMP SWITCH;0;0;0;0;0;;;$0.00;$65.00
STREET VISION;SVGHOST25;ACCESSORY;;STREET VISION DOOR LOGO LIGHT;0;0;0;0;0;1;;$20.00;$59.99
PAC;SUZK947;DASH KIT;STANDARD;DASH KIT SUZUKI GRAD VITAR;2;2;0;0;0;5;012339009470;$14.33;$39.99
PAC;SUZK946;DASH KIT;STANDARD;DASH KIT 2003 SUZUKI;1;1;0;0;0;;012339009463;$13.17;$29.99
PAC;SUZK942;DASH KIT;STANDARD;DASH KIT 04-08 SUZUKI/AVEO;1;1;0;0;0;;012339009425;$10.17;$29.99
PAC;SUZK941;DASH KIT;STANDARD;DASH KIT SUZ/DAEW/CHEVY;1;1;0;0;0;1;012339009418;$10.17;$29.99
PAC;SUZK8;DASH KIT;STANDARD;DASH KIT SUZUKI SX4;0;0;0;0;0;;;$11.00;$39.99
JBL;SUBBP12AM;ENCLOSURE;POWERED;BassPro 12 Car Audio Powered 12 Sub;2;2;0;0;0;25;050036368308;$185.00;$329.99
RAPTOR;SSPRCA9;RCA;2CH;RCA 9 FEET;4;4;0;0;0;1;609098820707;$6.00;$14.99
STINGER;SSK8;AMP KIT;CCA;STINGER 8G WIRE KIT;4;4;0;0;0;88;609098821230;$16.65;$49.99
STINGER;SSK4ANL;AMP KIT;CCA;STINGER 4 GA AMP KIT;0;0;6;0;0;193;609098821223;$30.75;$79.99
STINGER;SSK0;AMP KIT;CCA;STINGER 1/0GA CCA AMP KIT;2;2;0;0;0;12;609098821216;$51.26;$119.99
STINGER;SSIB3;RCA;2CH;STINGER 3' RCA;19;19;0;0;0;;609098821186;$2.32;$8.99
STINGER;SSGA48;ACCESSORY;;Stinger Select 4 GA to 8 GA Adapter;0;0;0;0;0;3;609098820608;$5.13;$13.99
STINGER;SSGA104;ACCESSORY;;STINGER REDUCER 0GW TO 4GW;6;6;0;0;0;47;609098820592;$7.17;$15.99
STINGER;SSCAP5M;ELEC;CAPACITOR;STINGER CAPACITOR 5-FARAD;2;2;0;0;0;5;609098821650;$140.63;$179.99
STINGER;SSCAP2M;ELEC;CAPACITOR;STINGER CAPACITOR 2-FARAD;2;2;0;0;0;26;609098821100;$54.43;$89.99
ALPINE;SS69C;SPKR;CMP;ALPINE 6X9 COMPONENT;0;0;0;0;0;5;793276040947;$88.00;$159.99
ALPINE;SS69;SPKR;COAX;ALPINE 6X9 2-WAY;2;2;0;0;0;16;793276040961;$72.00;$129.99
ALPINE;SS65;SPKR;COAX;ALPINE 6.5 2-WAY;0;0;0;0;0;45;793276040985;$61.00;$119.99
ALPINE;SS57;SPKR;COAX;ALPINE 5X7 2-WAY;0;0;0;0;0;10;793276040978;$72.00;$129.99
ALPINE;SS50;SPKR;COAX;5.25 COAXIAL 2-WAY SPEAKER - 55W RMS;0;0;0;0;0;7;793276040992;$56.00;$119.99
ALPINE;SS10TW;SPKR;TWT;ALPINE S-SERIES TWEETER;0;0;0;0;0;6;793276242853;$51.00;$99.95
MEMPHIS;SRX1200D1;AMP;MONO;Street Reference 1200w RMS @ 1 Ohm;0;0;0;0;0;4;702588210290;$216.00;$399.99
STINGER;SRTAC16H;DASH KIT;ADV;TOYOTA TACOMA INSTALLATION KIT FOR HEIGH;0;0;0;0;0;;609098836500;$120.00;$199.99
STINGER;SRKJW18HX;DASH KIT;ADV;WRANGLER JL/GLADIATOR JT HORIZON10 Kit;1;1;0;0;0;;609098906944;$280.00;$399.99
STINGER;SRKJW18EH;DASH KIT;ADV;Jeep JL/JT 2018-21 Heigh10 Kit;0;0;0;0;0;1;609098832649;$243.00;$399.99
STINGER;SRKJK11H;DASH KIT;ADV;HEIGH10 Kit for 2011-18 Wrangler JK;1;1;0;0;0;1;609098902045;$219.00;$399.99
STINGER;SRKCHR15H;DASH KIT;ADV;Dodge/Chrysler Heigh10 Install Kit;0;0;0;0;0;1;609098837088;$243.00;$399.99
PAC;SRGM14HX;DASH KIT;ADV;2014-15 SILVERADO/SIERRA KIT HORIZON 10;0;0;0;0;0;;609098906975;$120.00;$379.99
PAC;SRGM14H;DASH KIT;ADV;2014-2018 Silverado/Sierra 1500 and HD;1;1;0;0;0;;609098834148;$120.00;$379.99
PAC;SR1;DASH KIT;STANDARD;BEST KIT SPACER;11;11;0;0;0;3;012339000101;$0.75;$29.99
TRITON;SQ275;SPKR;COAX;2.75 OEM Fit Mid/Tweeter;0;0;0;0;0;3;;$25.00;$49.99
STINGER;SPX700X4;AMP;4CH;STINGER 700W AMP 4-CH;0;0;0;0;0;2;609098826938;$250.58;$389.99
STINGER;SPX1000X5;AMP;5CH;STINGER 1000W AMP 5-CH;0;0;0;0;0;;609098832519;$303.03;$499.99
STINGER;SPT55309;ACCESSORY;HARDWARE;Long Side Post Battery Adapter;2;2;0;0;0;3;609098790727;$6.52;$21.99
STINGER;SPT55308;ACCESSORY;HARDWARE;Short Side Post Battery Adapter;4;3;0;1;0;38;609098790710;$5.87;$15.99
STINGER;SPT5211;ACCESSORY;HARDWARE;4GA COUPLER;3;3;0;0;0;18;609098791649;$6.94;$12.99
STINGER;SPT5210;ACCESSORY;HARDWARE;0GA COUPLER;3;3;0;0;0;6;609098792431;$9.10;$15.99
STINGER;SPT521;ACCESSORY;HARDWARE;REDUCER 0GW TO 4GW;5;5;0;0;0;17;609098789110;$10.31;$15.99
STINGER;SPT520;ACCESSORY;HARDWARE;STINGER 0GA SCREWRING TERMINAL;2;2;0;0;0;1;609098789103;$10.40;$15.99
ALPINE;SPSM601W;MARINE;SPKR;ALPINE MARINE GRADE 6.5;0;0;0;0;0;;793276210715;$66.00;$129.95
STINGER;SPI300;ACCESSORY;;STINGER POWER INVERTER;1;1;0;0;0;;609098091596;$68.02;$89.99
STINGER;SPD5210;ACCESSORY;FUSE HOLDER;STINGER ANL 0GA DIST BLOCK;2;2;0;0;0;10;609098791816;$45.84;$69.99
QPOWER;SPACER;ACCESSORY;BOX;SPACER FOR DEEP SPEAKERS;20;20;0;0;0;35;;$6.00;$17.99
CRUX;SOHTL20;HARNESS;ADV;Toyota/Lexus JBL Syst. Retention Harness;0;0;0;0;0;1;;$76.00;$189.99
PAC;SMK108;DASH KIT;STANDARD;DASH KIT 02 SMART CAR;1;1;0;0;0;;;$5.60;$29.99
METRA;SMG10;SUB;GRILLE;Snap-On Mesh Grill - 10 Inch;4;4;0;0;0;;;$2.94;$19.99
LABOR;SMARTR;LABOR;;Smart Start Interlock Removal;0;0;0;0;0;;;;$150.00
LABOR;SMARTC;LABOR;;Smart Start Interlock Calibration;2;-2;0;4;0;;;;$35.00
LABOR;SMART3;LABOR;;Smart start Ignition Interlock install;0;0;0;0;0;;;;$395.00
LABOR;SMART2;LABOR;;Smart start Ignition Interlock install;0;0;0;0;0;;;;$275.00
LABOR;SMART1;LABOR;;Smart start Ignition Interlock install;199;197;0;2;0;;;;$225.00
SHURIKEN;SKBT80BX;ELEC;CASE;Shuriken Battery Box for SK-BT80;1;1;0;0;0;7;086429230761;$20.00;$49.99
SHURIKEN;SKBT80;ELEC;BATTERY;1800W 80AMP Hours Large Size AGM 12V Bat;1;1;0;0;0;6;086429173433;$290.05;$499.99
SHURIKEN;SKBT60BX;ELEC;CASE;Shuriken Battery Box for SK-BT60;1;1;0;0;0;5;086429230754;$16.00;$49.99
SHURIKEN;SKBT60;ELEC;BATTERY;1500W 60AMP Hours Compact Size AGM 12V B;1;1;0;0;0;6;086429173426;$225.47;$375.00
SHURIKEN;SKBT45BX;ELEC;CASE;Shuriken Battery Box for SK-BT45;1;1;0;0;0;10;086429230747;$13.52;$49.99
SHURIKEN;SKBT45;ELEC;BATTERY;1250W 45AMP Hours Compact Size AGM 12V B;1;1;0;0;0;10;086429229673;$180.15;$289.99
SHURIKEN;SKBT35BX;ELEC;CASE;Shuriken Battery Box for SK-BT35;2;2;0;0;0;8;086429230730;$15.00;$49.99
SHURIKEN;SKBT35;ELEC;BATTERY;800W 35AMP Hours Compact Size AGM 12V Ba;2;2;0;0;0;9;086429173419;$130.30;$229.99
SHURIKEN;SKBT20BX;ELEC;CASE;Shuriken Battery Box for SK-BT18 and SK-;2;2;0;0;0;2;086429230723;$11.13;$39.99
SHURIKEN;SKBT18;ELEC;BATTERY;500W 18AMP Hours Compact Size AGM 12V Ba;2;2;0;0;0;4;086429274963;$71.38;$139.99
SHURIKEN;SKBT120BX;ELEC;CASE;Shuriken Battery Box for SK-BT120;0;0;0;0;0;3;086429230785;$22.00;$59.99
SHURIKEN;SKBT120;ELEC;BATTERY;2400W 120AMP Hours Large Size AGM 12V Ba;0;0;0;0;0;4;086429175567;$385.22;$649.99
MISC;SIL40K;AL/RS;ALARM;SOLENOID 40 POUND;2;2;0;0;0;;;$35.00;$79.99
STINGER;SHEET;ACCESSORY;DYNAMAT;4 Square Foot Sheet of Sound Damping;4;39;0;0;0;;;$11.34;$39.99
STINGER;SHD820;ACCESSORY;;STINGER MANL 0/4 IN - 4/8 OUT;0;0;0;0;0;;609098793209;$19.16;$39.99
LABOR;SH;LABOR;;SHIPPING;0;0;0;0;0;;;$0.00;$45.00
JL AUDIO;SGRU12;SUB;GRILLE;Steel Grille Mesh Insert, Black, fits 12;2;2;0;0;0;;699440905954;$26.00;$49.99
JL AUDIO;SGRU10;SUB;GRILLE;Steel Grille Mesh Insert, Black, fits 10;4;4;0;0;0;;699440905947;$21.00;$39.99
STINGER;SGP90300;ACCESSORY;;STINGER 300 AMP CIR/ BREAKER;2;2;0;0;0;5;609098814041;$56.59;$69.99
STINGER;SGP90200;ACCESSORY;FUSE;STINGER 200 AMP CIR/ BREAKER;2;2;0;0;0;12;609098801157;$56.59;$69.99
STINGER;SGP32;ACCESSORY;;STINGER BATTERY ISOLATER;2;2;0;0;0;4;609098796019;$93.70;$119.99
PAC;SG690DX;ACCESSORY;ADAPTER;1.5 Spacer for 6x9 Speakers;1;1;0;0;0;;012339690005;$11.16;$24.99
PAC;SG650DX;ACCESSORY;ADAPTER;0.5 Spacer for 6.5 Speakers;3;3;0;0;0;13;012339006509;$5.98;$19.99
SAFETY;SFSUSBCDDLX;ACCESSORY;CD;SAFETY USB CD PLAYER 1.0/ 2.0;1;1;0;0;0;4;;$215.00;$319.99
STINGER;SESDIN;DASH KIT;ADV;1-Din Dash Kit for Heigh10 or Elev8;0;0;0;0;0;;609098831369;$25.83;$59.99
PIONEER;SDAWC01;ACCESSORY;CHARGER;PIONEER WIRELESS CHARGING PAD;1;1;0;0;0;;;$25.00;$49.99
PIONEER;SDABS900;SAFETY;SENSOR;Bumper Radar Sensors With Built-In Contr;1;1;0;0;0;;012562913223;$560.00;$895.00
PIONEER;SDABS100;SAFETY;SENSOR;License Plate Bar Built-In Radar Sensor;0;0;0;0;0;1;012562913001;$320.00;$495.00
AUTOCEL;SCM2;ACCESSORY;;Cellphone magnetic suction cup mount;3;3;0;0;0;;794775051229;$8.00;$24.99
PAC;SBK937;DASH KIT;STANDARD;DASH KIT SUBARU LEGACY 95;1;1;0;0;0;;;$7.00;$29.99
PAC;SBK931GB;DASH KIT;ADV;1 & 2 Din 17-21 Impreza & 18-21 CrosTrek;1;1;0;0;0;;012339093103;$39.56;$69.99
PAC;SBK929GB;DASH KIT;STANDARD;DASH KIT SUBARU 15-UP;1;1;0;0;0;1;012339009296;$27.57;$34.99
PAC;SBK927;DASH KIT;STANDARD;DASH KIT SUBARU IMPREZA;1;1;0;0;0;5;012339009272;$17.37;$34.99
PAC;SBK926;DASH KIT;STANDARD;DASH KIT SUBURU WRX 08-UP;2;2;0;0;0;;012339009265;$13.76;$29.99
PAC;SBK925GB;DASH KIT;ADV;SUBARU LEGACY 2015-2019 KIT;1;1;0;0;0;3;012339092519;$31.16;$59.99
PAC;SBK924P;DASH KIT;STANDARD;DASH KIT SUBARU 10-11;1;1;0;0;0;;012339092403;$13.76;$29.99
PAC;SBK923G;DASH KIT;STANDARD;DASH KIT SUBARU  2005-09;1;1;0;0;0;;012339092304;$27.57;$39.99
JL AUDIO;SBGMSLVCC412TW3;ENCLOSURE;LOADED;2019-up Silverado / Sierra Crew Cab;1;1;0;0;0;1;699440946681;$1,364.00;$2,199.99
JL AUDIO;SBF150SCDBL12TW3BK;ENCLOSURE;LOADED;Fits 09-Up F-150 SuperCrew and 17-Up Sup;0;0;0;0;0;;699440946612;$1,178.00;$1,899.99
JL AUDIO;SBD5GRAMCCR10TW3;ENCLOSURE;LOADED;19-Up Ram C.Cab w/reclining & fixed 2-10;1;1;0;0;0;;699440946773;$1,178.00;$1,899.99
PAC;SAT02;ACCESSORY;ADAPTER;Satellite Antenna Adaptor for Toyota;1;1;0;0;0;;;$11.97;$19.00
PAC;SAT01;ANTENNA;ADAPTER;Satellite Antenna Adapter;3;3;0;0;0;18;609098825832;$13.83;$24.99
LABOR;SAT;LABOR;;SATELLITE RADIO;0;-1;0;1;0;;;$0.00;$75.00
SCOSCHE;SAHD675B;ACCESSORY;ADAPTER;SCOSCHE HARLEY 6.5 ADAPTER;0;0;0;0;0;1;;$16.00;$29.99
SCOSCHE;SAHD656;ACCESSORY;ADAPTER;6.5 speaker adapters (pair) for Harley;0;0;0;0;0;;;$7.00;$24.99
ALPINE;SA60M;AMP;MONO;Monoblock 600W RMS @ 2-Ohm;0;0;0;0;0;14;793276242563;$125.00;$219.99
ALPINE;SA32F;AMP;4CH;ALPINE AMP 2/3/4 CH;0;0;0;0;0;;793276242570;$125.00;$219.99
HID;S9007BI6KHL;LIGHTS;HID;HID HI/LOW  9007/NO WARRANTY;2;2;0;0;0;;;$60.00;$149.99
ALPINE;S2W8D4;SUB;REG;8 DUAL 4-Ohm 300W RMS;0;0;0;0;0;;793276085269;$101.00;$189.95
ALPINE;S2W8D2;SUB;REG;8 DUAL 2-Ohm 300W RMS;0;0;0;0;0;;793276085276;$101.00;$189.95
ALPINE;S2W12D4;SUB;REG;12 DUAL  4-Ohm SUB 600W RMS;0;0;0;0;0;;793276085221;$146.00;$279.95
ALPINE;S2W12D2;SUB;REG;12 DUAL 2-Ohm SUB 600W RMS;0;0;0;0;0;;793276085238;$146.00;$279.95
ALPINE;S2W10D4;SUB;REG;10 600W RMS DUAL 4-Ohm;0;0;0;0;0;;793276085245;$131.00;$249.95
ALPINE;S2W10D2;SUB;REG;10 600W RMS DUAL 2-Ohm;0;0;0;0;0;;793276085252;$131.00;$249.95
ALPINE;S2A60M;AMP;MONO;600W MONO AMP CLASS D;0;0;0;0;0;;793276085160;$144.00;$249.95
ALPINE;S2A55V;AMP;5CH;HI RES 5 CHANNEL CLASS D AMP;0;0;0;0;0;;793276085184;$226.00;$399.95
ALPINE;S2A36F;AMP;4CH;HI-RES 4-CHANNEL CLASS D AMP;0;0;0;0;0;;793276085177;$144.00;$249.95
ALPINE;S2A120M;AMP;MONO;1200W MONO AMPLIFIER CLASS D;0;0;0;0;0;2;793276085153;$254.00;$449.95
POWERBASS;S275CF;SPKR;COAX;POWERBASS 2.75 SPEAKERS;1;1;0;0;0;;;$38.00;$69.99
ROCKFORD;RZR14STG4;ATV;KIT;POLARIS RZR 2014-UP® MOTORSPORTS KIT;1;1;0;0;0;;780687355142;$1,720.00;$2,649.99
ROCKFORD;RZR14RCSTG4;ATV;KIT;POLARIS RZR w/Ride command 2014-UP kit;1;1;0;0;0;;780687355173;$1,500.00;$2,299.99
ALPINE;RW12D2;SUB;REG;Type-R 12 DVC/ 2-OHM;0;0;0;0;0;1;;$200.00;$379.99
LABOR;RVC;LABOR;CAMERA;REAR VIEW CAM/ MIRR;0;-2;0;2;0;;;$0.00;$195.00
ALPINE;RUXKNOB2;ACCESSORY;KNOB;Remote subwoofer level control;0;0;0;0;0;4;793276040725;$20.00;$39.99
ALPINE;RUE4202;ACCESSORY;;ALPINE REMOTE CD /DVD;2;2;0;0;0;;;$18.00;$29.99
ORION;RT4;ACCESSORY;HARDWARE;ORION 4GA RING TERMINAL;1;1;0;0;0;;;$1.23;$5.99
ORION;RT244;ACCESSORY;HARDWARE;ORION DUAL 4GA RING TERMINAL;2;2;0;0;0;;;$3.00;$17.99
RAPTOR;RSW1250;WIRE;CCA;RAPTOR SPEAKER WIRE Roll 12GA / 50F;4;4;0;0;0;61;086429300761;$15.00;$34.99
RAPTOR;RSW1050;WIRE;CCA;RAPTOR SPEAKER WIRE Roll 10GA / 50F;1;1;2;0;0;18;086429300747;$19.00;$44.99
LABOR;RSP;LABOR;SPEAKER;REAR SPEAKER;0;0;0;0;0;;;$0.00;$95.00
RACESPORT;RSLED120W;LIGHTS;LED;RACESPORT 22 LED LIGHT BAR;0;0;0;0;0;1;;$127.59;$199.00
LABOR;RSL;LABOR;SPEAKER;REAR SUB INSTALLATION;0;0;0;0;0;;;$0.00;$150.00
ALPINE;RS69C2;SPKR;CMP;ALPINE 6X9 COMPONENT TYPE-R;1;1;0;0;0;2;793276242723;$209.00;$379.99
ALPINE;RS692;SPKR;COAX;ALPINE TYPE-R 6X9 2-WAY;0;0;0;0;0;5;793276242747;$119.00;$249.99
ALPINE;RS68;SPKR;COAX;ALPINE TYPE-R 6X8 2-WAY;0;0;0;0;0;5;793276040442;$119.00;$249.99
ALPINE;RS65C2;SPKR;CMP;ALPINE TYPE-R 6.5 COMPONENT;1;1;0;0;0;5;793276242730;$187.00;$399.99
ALPINE;RS652;SPKR;COAX;ALPINE TYPE-R 6.5 2-WAY;0;0;0;0;0;3;793276242754;$119.00;$249.99
SOUNDSTREAM;RS41200;AMP;4CH;1200W 4-Ch Amp;1;0;0;0;1;1;;$80.00;$199.99
SOUNDSTREAM;RS21200;AMP;2CH;1200W 2-Ch Amp;1;1;0;0;0;6;;$80.00;$199.99
RACESPORT;RS18W6LEDFM;LIGHTS;LED;RACESPORT 18W LED CUBE LIGHT;2;2;0;0;0;;;$41.75;$69.00
SOUNDSTREAM;RS18000D;AMP;MONO;8000W Monoblock Class D w/Bass Remote;0;0;0;0;0;2;709483061194;$195.00;$349.99
SOUNDSTREAM;RS15000D;AMP;MONO;5000W Monoblock Class D w/Bass Remote;0;0;0;0;0;5;709483061187;$147.40;$279.99
MISC;RRSW1LB;ACCESSORY;;SWITCH ROUND ROCKER BLUE LED;2;2;0;0;0;;;$3.00;$7.99
MISC;RRSW1L;ACCESSORY;;SWITCH ROUND ROCKER RED LED;2;2;0;0;0;;;$3.00;$7.99
RETRO SOUND;RPOD6A;ACCESSORY;ADAPTER;Surface-mount Pods for 6-1/2 speaker;0;0;0;0;0;2;;$35.00;$59.99
PAC;RPK5GM4101;DASH KIT;ADV;DASH KIT CAMARO/HARNESS/ SWC;0;0;0;0;0;5;609098818704;$387.85;$649.00
PAC;RPK4HD1101;DASH KIT;ADV;DASH KIT & HARNESS 03-07 ACCORD;0;0;0;0;0;;609098818964;$343.43;$599.00
PAC;RPK4GM2301;DASH KIT;ADV;PAC Conversion Kit for 04-08 Malibu / G6;0;0;0;0;0;1;609098824910;$213.44;$379.99
PAC;RPK4FD2201;DASH KIT;ADV;DASH KIT F150 /HARNESS/SWC;0;0;0;0;0;1;609098824019;$333.21;$499.00
PAC;RPK4CH4103;DASH KIT;ADV;DASH KIT 14-20 GRAND CHEROKEE;0;0;0;0;0;;609098830850;$540.76;$699.99
PAC;RPK4CH4102;DASH KIT;ADV;RadioPRO kit Durango 2014-20;0;0;0;0;0;;609098830843;$540.76;$699.99
PAC;RPK4CH4101;DASH KIT;ADV;RadioPRO kit RAM 2013-19 w/ 8 Display;0;0;0;0;0;;609098830836;$540.76;$699.99
PAC;RPAVA1;HARNESS;CAM;PAC ELIMINATES CAM-VIDEO NOISE;1;1;0;0;0;;609098831307;$22.87;$29.99
PAC;RPASPDIF;HARNESS;ADV;PAC ANALOG TO SPDIF CONVERTER;1;1;0;0;0;;609098817226;$66.42;$89.99
PAC;RP5GM52HAR;HARNESS;STANDARD;PAC HARNESS WITH RP5GM51;1;1;0;0;0;;609098820899;$15.00;$39.99
PAC;RP5GM51;HARNESS;ADV;PAC HARNES FOR GM/NAV OUT/SWC;1;1;0;0;0;2;609098813891;$183.76;$279.99
PAC;RP5GM41;HARNESS;ADV;HARNESS DATA INTERFACE/SWC/ON*;0;0;0;0;0;3;606523109314;$183.76;$279.99
PAC;RP4VW11;HARNESS;ADV;PAC HARNESS / SWC FOR ALL VW;1;1;0;0;0;5;606523109178;$153.14;$219.99
PAC;RP4NI13;HARNESS;ADV;Radio Interface / SWC NISSAN 2018+;1;1;0;0;0;1;609098902137;$147.25;$219.99
PAC;RP4NI11;HARNESS;ADV;PAC HARNESS NISSAN / SWC;1;1;0;0;0;2;609098813747;$153.14;$199.99
PAC;RP4MZ11;HARNESS;ADV;PAC HARNESS MAZDA 05-2015;2;2;0;0;0;4;606523109239;$153.14;$199.99
PAC;RP4HD11;HARNESS;ADV;RadioPRO4 Interface for Honda w/ MSCAN;0;0;0;0;0;;606523109383;$153.14;$199.99
PAC;RP4GM41;HARNESS;ADV;PAC HARNESS INTERFACE/SWC;1;1;0;0;0;2;606523109307;$153.14;$239.99
PAC;RP4GM32;HARNESS;ADV;PAC HARNESS GM DATA / SWC;0;0;0;0;0;1;606523109338;$153.14;$239.99
PAC;RP4GM31;HARNESS;ADV;PAC HARNESS GM DATA /SWC;2;2;0;0;0;32;606523109147;$150.24;$219.99
PAC;RP4FD11;HARNESS;ADV;PAC DATABUS HARNESS/FORD/SWC;1;1;0;0;0;14;606523109154;$150.24;$199.99
PAC;RP4CH21;HARNESS;ADV;PAC HARNESS CAN-BUS DODGE 2013;2;2;0;0;0;4;609098814706;$153.14;$249.99
PAC;RP4CH11;HARNESS;ADV;HARNESS DODGE / CHRYSLER/SWC;0;0;0;0;0;6;606523109161;$150.24;$199.99
PAC;RP42TY13;HARNESS;ADV;TOYOTA/ SCION /LEXUS radio Interface;0;0;0;0;0;;609098901093;$147.25;$219.99
PAC;RP42TY11;HARNESS;ADV;TOYOTA/ SCION /LEXUS Radio Pro Interface;0;0;0;0;0;3;609098817400;$153.14;$199.99
PAC;RP42HY11;HARNESS;ADV;PAC HARNESS HYUNDAI /SWC;1;1;0;0;0;;609098816588;$153.14;$199.99
PAC;RP42BM21;HARNESS;ADV;PAC HARNESS BMW 3-SERIES 06-UP;1;1;0;0;0;2;609098816618;$153.14;$249.99
PAC;RP3GM12;HARNESS;ADV;PAC DATABUS HARNESS;1;1;0;0;0;2;606523109390;$86.20;$129.99
PAC;RP32TY11;HARNESS;ADV;PAC HARNESS TOYOTA JBL;0;0;0;0;0;2;609098824705;$72.92;$129.00
PAC;ROEMVET1;HARNESS;ADV;PAC HARNESS 97-04 CORVETTE;1;1;0;0;0;1;606523105552;$50.66;$99.99
ROCKFORD;RNGR18STG1;ATV;KIT;POLARIS RANGER KIT 2018 -UP RADIO/SPEAKS;2;2;0;0;0;;780687355944;$429.00;$659.99
LABOR;RMS;LABOR;ALARM;REMOTE START;0;0;0;0;0;;;$0.00;$250.00
ROCKFORD;RM1652B;MARINE;SPKR;ROCKFORD MARINE 6.5 BLACK;3;3;0;0;0;;780687344955;$100.00;$199.99
ROCKFORD;RM1652;MARINE;SPKR;ROCKFORD MARINE 6.5;0;0;0;0;0;;;$100.00;$199.99
STINGER;RKFR69;ACCESSORY;;ROADKILL FAST RINGS 6 X 9;1;1;0;0;0;2;609098825078;$18.89;$39.99
STINGER;RKFR6;ACCESSORY;;ROADKILL FAST RINGS 6.5;1;1;0;0;0;5;609098825092;$13.79;$39.99
T-SPEC;RGMS;ACCESSORY;HARDWARE;TSPEC SIDE POST BATT;3;3;0;0;0;2;;$5.00;$12.99
ROCKFORD;RGBYC;ACCESSORY;ADAPTER;Y-adapter Color Optix Cable for PMX-RGB;1;1;0;0;0;;780687358204;$10.00;$19.99
ROCKFORD;RGB6C;MARINE;ACCESSORY;6 ft Color Optix Extension Cable;2;2;0;0;0;2;780687358174;$10.00;$21.99
ROCKFORD;RGB16C;MARINE;ACCESSORY;16 ft Color Optix Extension Cable;0;0;0;0;0;4;780687358181;$13.00;$27.99
ROCKFORD;RFX3PMXDK;DASH KIT;ADV;ROCKF MAVERICK X3 CAN-AM KITS;1;1;0;0;0;;;$90.00;$139.99
ROCKFORD;RFTS4;ACCESSORY;HARDWARE;ROCKFORD 4G RING TERMINAL;14;14;0;0;0;74;780687325626;$5.10;$11.99
ROCKFORD;RFTS1;ACCESSORY;HARDWARE;ROCKFORD 0GW RING TERMINAL;15;15;0;0;0;67;780687325619;$5.00;$11.99
ROCKFORD;RFTB4;ACCESSORY;HARDWARE;ROCKFORD 4G SPADE TERMINAL;11;11;0;0;0;35;780687325596;$4.10;$11.99
ROCKFORD;RFRZPMX2DK;ATV;KIT;ROCKFORD POLARIS RZR DASH KIT;1;1;0;0;0;;;$85.00;$119.99
ROCKFORD;RFRZFSE;ATV;SPKR;ROCKF  RZR FSP ENCLOSURE;0;0;0;0;0;1;;$157.00;$219.99
ROCKFORD;RFRNGRPMXDK;ATV;KIT;ROCKFORD POLARIS RANGER D-KIT;1;1;0;0;0;;780687351915;$110.00;$149.99
ROCKFORD;RFRNGRFSE;ATV;SPKR;ROCKF RANGER FSP ENCLOSURE;1;1;0;0;0;;780687351922;$226.00;$289.99
ROCKFORD;RFPOLRC34;ATV;ACCESSORY;RZR 2014-UP RIDE COMMAND HARNESS;1;1;0;0;0;0;780687354220;$112.00;$159.99
ROCKFORD;RFKHD9813;MOTORCYCLE;KIT;ROCKFORD AMP KIT 98-13 HARLEY;1;1;0;0;0;2;;$164.00;$269.99
ROCKFORD;RFKHD14M5;AMP KIT;OFC;2014-UP Harley Motorcycle  Amp Kit;0;0;0;0;0;2;;$225.00;$369.99
ROCKFORD;RFK1D;AMP KIT;OFC;ROCKFORD 0AWG DUAL AMP KIT;1;1;0;0;0;6;780687330484;$293.00;$559.99
ROCKFORD;RFK1;AMP KIT;OFC;ROCKFORD 0AWG POWER KIT;0;0;0;0;0;7;780687325473;$221.00;$439.99
ROCKFORD;RFIY1M;RCA;Y;Twister Pair Y-Adapter 1-M TO 2-F;14;14;0;0;0;76;780687325466;$4.70;$11.99
ROCKFORD;RFIY1F;RCA;Y;Twister Pair Y-Adapter 2-M TO 1-F;14;14;0;0;0;73;780687325459;$4.70;$11.99
ROCKFORD;RFI6;RCA;2CH;ROCKFORD FOSGATE RCA 6F;16;16;0;0;0;40;780687325343;$7.60;$21.99
ROCKFORD;RFI3;RCA;2CH;ROCKFORD FOSGATE RCA 3F;5;5;0;0;0;115;780687325336;$6.00;$17.99
ROCKFORD;RFI2SW;RCA;;ROCKFORD S-WIRE TO M-RCA;5;5;0;0;0;7;780687330477;$7.60;$17.99
ROCKFORD;RFI16;RCA;2CH;ROCKFORD TWISTED PAIR 16' RCA;3;3;0;0;0;38;780687325312;$10.50;$29.99
ROCKFORD;RFI10;RCA;2CH;ROCKFORD RCA 10';4;4;0;0;0;36;780687325305;$9.20;$24.99
ROCKFORD;RFGNRLPMXDK;DASH KIT;ADV;ROCKF POLARIS GENERAL STEREO;1;1;0;0;0;;780687352004;$110.00;$149.99
ROCKFORD;RFGNRLFSE;ATV;SPKR;ROCKFGENRAL FSP ENCLOSURES;1;1;0;0;0;;780687352011;$226.00;$289.99
ROCKFORD;RFBTRCA;ACCESSORY;;ROCKFORD BLUETOOTH RECIVER/RCA;3;3;0;0;0;13;780687345716;$48.00;$74.99
LABOR;REWIRE;LABOR;SPEAKER;REWIRE / BYPASS 4-SPEAKERS;0;0;0;0;0;;;$0.00;$150.00
MISC;RELAY;AL/RS;ALARM;RELAY 30/40 AMP / 5-WIRE;46;46;0;0;0;;;$1.00;$8.99
ESCORT;REDLINE360C;SAFETY;RADAR;Wi Fi, Triple-Antenna Radar Detector;2;2;0;0;0;7;737795004011;$563.00;$799.95
LABOR;RDSP;LABOR;SPKR;REAR DECK SPEAKER INSTALLATION;0;0;0;0;0;;;$85.00;$150.00
PIONEER;RDRGB150A;RADIO;MEDIA;Set Of Extension Cables (RGB  FM  And Po;0;0;0;0;0;;884938431682;$100.50;$129.99
JL AUDIO;RD9005;AMP;5CH;900W Class D 5-Channel Full-Range Amplif;1;1;0;0;0;2;699440986427;$377.00;$699.99
JL AUDIO;RD5001;AMP;MONO;500W Class D Monoblock Subwoofer Amplifi;3;3;0;0;0;1;699440986182;$217.00;$379.99
JL AUDIO;RD4004;AMP;4CH;400W Class D 4-Channel Full-Range Amplif;1;1;0;0;0;1;699440986212;$206.00;$359.99
JL AUDIO;RD15001;AMP;MONO;1500W Mono Sub Amplifier;3;3;0;0;0;4;699440986434;$400.00;$699.99
JL AUDIO;RD10001;AMP;MONO;1000W Class D Monoblock Subwoofer Amplif;2;2;0;0;0;2;699440986175;$320.00;$559.99
LABOR;RCC;LABOR;;ROSTRA CRUISE CONTROL INSTALL;0;0;0;0;0;;;$0.00;$589.99
JL AUDIO;RBC1;ACCESSORY;KNOB;Remote Bass Control F/500/1, 1000/1, 500;4;4;0;0;0;6;699440980159;$33.00;$54.99
RAPTOR;RAGU;ACCESSORY;FUSE HOLDER;RAPTOR AGU FUSE HOLDER;0;0;0;0;0;4;;$2.16;$17.99
COBRA;RAD480I;SAFETY;RADAR;Laser Radar Detector – IVT Filter & DSP;2;2;0;0;0;1;028377107863;$125.00;$199.99
ALPINE;RA90S;AMP;6CH;R-Series 6-Ch Amplifier;0;0;0;0;0;3;793276242952;$302.00;$599.99
MISC;R8GW;WIRE;OFC;OFC 8 Gauge Wire;2;507;0;16;0;;;$0.80;$3.00
MISC;R4GW;WIRE;OFC;OFC 4 Gauge Wire;8;1100;0;27;0;;780687325701;$2.00;$4.00
ALPINE;R2W8D4;SUB;REG;Type-R 8 Subwoofer Dual 4-Ohm;0;0;0;0;0;;793276084699;$124.00;$249.95
ALPINE;R2W8D2;SUB;REG;Type-R 8 Subwoofer Dual 2-Ohm;0;0;0;0;0;8;793276084705;$124.00;$249.95
ALPINE;R2W12D4;SUB;REG;Type-R 12 Subwoofer Dual 4-Ohm;0;0;0;0;0;8;793276084651;$182.00;$379.95
ALPINE;R2W12D2;SUB;REG;Type-R 12 Subwoofer Dual 2-Ohm;0;0;0;0;0;1;793276084668;$182.00;$379.95
ALPINE;R2W10D4;SUB;REG;Type-R 10 Subwoofer Dual 4-Ohm;0;0;0;0;0;2;793276084675;$160.00;$329.95
ALPINE;R2W10D2;SUB;REG;Type-R 10 Subwoofer Dual 2-Ohm;0;0;0;0;0;;793276084668;$182.00;$379.95
ROCKFORD;R2SD412;SUB;THIN;Prime Shallow 12;5;3;0;2;0;11;780687339821;$96.00;$179.99
ROCKFORD;R2SD410;SUB;THIN;Prime Shallow 10;0;0;0;0;0;5;780687339814;$87.00;$159.99
ROCKFORD;R2SD212;SUB;THIN;Prime Shallow 12;4;4;0;0;0;10;780687339807;$96.00;$179.99
ROCKFORD;R2SD210;SUB;THIN;Prime Shallow 10;5;5;0;0;0;4;780687339791;$87.00;$159.99
ALPINE;R2S69C;SPKR;CMP;R-Series High-Res 2-way 6x9 Component;0;0;0;0;0;;;$209.00;$449.99
ALPINE;R2S69;SPKR;COAX;R-Series High-Res 2-way 6 x 9 Coaxial;0;0;0;0;0;2;;$119.00;$249.99
ALPINE;R2S65C;SPKR;CMP;R-Series High-Res 2-way 6.5 Component;0;0;0;0;0;0;;$190.00;$349.99
ALPINE;R2S653;SPKR;CMP;3-WAY COMPONENT SPEAKER SET;0;0;0;0;0;;793276084842;$276.00;$599.95
ALPINE;R2S652;SPKR;CMP;2-WAY COMPONENT SPEAKER SET;0;0;0;0;0;;793276084859;$186.00;$399.95
ALPINE;R2S65;SPKR;COAX;R-Series High-Res 2-way 6.5 Coaxial;0;0;0;0;0;3;;$119.00;$249.99
ALPINE;R2DB8VTRK;ENCLOSURE;LOADED;Halo R2 Preloaded Subwoofer Enclosure;0;0;0;0;0;0;;$441.00;$799.99
ALPINE;R2A75M;AMP;MONO;750W CLASS D AMP;0;0;0;0;0;;793276084965;$251.00;$499.95
ALPINE;R2A60F;AMP;4CH;4-CHANNEL AMP CLASS D;0;0;0;0;0;;793276084972;$226.00;$449.95
ALPINE;R2A150M;AMP;MONO;1500W CLASS D AMP;0;0;0;0;0;;793276242952;$302.00;$599.95
ROCKFORD;R2750X5;AMP;5CH;ROCKFORD 750W 5-CH AMP;1;1;0;0;0;5;780687355845;$320.00;$539.99
ROCKFORD;R2750X1;AMP;MONO;ROCKFORD 750W 1-CH AMP 1-OHM;2;2;0;0;0;25;780687355876;$231.00;$379.99
ROCKFORD;R2500X4;AMP;4CH;Prime 500W 4-CH AMP;4;4;0;0;0;4;780687355838;$212.00;$359.99
ROCKFORD;R2500X1;AMP;MONO;Prime 500W RMS 1-CH AMP;3;3;0;0;0;48;780687355869;$182.00;$309.99
ROCKFORD;R2250X1;AMP;MONO;ROCKFORD 250W 1-CH AMP 2-OHM;3;3;0;0;0;1;780687355852;$151.00;$249.99
ROCKFORD;R2200X2;AMP;2CH;ROCKFORD 2-CH AMP;1;1;0;0;0;1;780687355814;$149.00;$239.99
ROCKFORD;R21200X1;AMP;MONO;ROCKFORD 1200W 1-CH AMP 1-OHM;2;2;0;0;0;44;780687355883;$273.00;$449.99
ROCKFORD;R1TS;SPKR;TWT;ROCKFORD PRIME TWEETER 80W;9;8;0;1;0;20;780687329969;$31.00;$59.99
MISC;R16GS;WIRE;OFC;OFC 16 Gauge Speaker Wire;1;985;0;0;0;;746241751966;$0.30;$1.50
ROCKFORD;R169X2;SPKR;COAX;Prime 6 x 9 2-Way Coaxial;3;3;0;0;0;18;780687342524;$50.00;$99.99
ROCKFORD;R168X2;SPKR;COAX;ROCKFORD PRIME 6X8 2-WAY;1;1;0;0;0;21;780687342517;$44.00;$89.99
ROCKFORD;R165X3;SPKR;COAX;Prime 6.5 2-WAY Coaxial;7;5;0;2;0;52;780687342494;$39.00;$79.99
ROCKFORD;R1525X2;SPKR;COAX;ROCKFORD PRIME 5.25 2-WAY;0;0;0;0;0;5;780687342487;$39.00;$79.99
ROCKFORD;R14X2;SPKR;COAX;ROCKFORD PRIME 4 2-WAY;0;0;0;0;0;7;780687342470;$33.00;$64.99
MISC;R12GS;WIRE;OFC;OFC 12 Gauge Speaker Wire;4;1094;1;0;0;;993298138121;$0.64;$2.00
MISC;R0GW;WIRE;OFC;OFC 0 Gauge Wire;5;358;0;0;0;;780687327743;$4.50;$10.00
KICKER;QI46;RCA;4CH;KICKER Q-CLASS 4-CH RCA;4;4;0;0;0;4;;$45.00;$89.99
KICKER;QI26;RCA;2CH;KICKER Q-CLASS 2-CH RCA;1;1;0;0;0;3;;$28.00;$59.99
SCYTEK;PZIIDA;AL/RS;ALARM;SCYTEK SHOCK SENSOR;2;2;0;0;0;;;$6.00;$29.99
KENWOOD;PXW1221D;ENCLOSURE;LOADED;Dual 12 Woofers in Vented Enclosure;3;3;0;0;0;24;019048231758;$192.50;$349.99
PLANET AUDIO;PWFM;ACCESSORY;;PLANET AUDIO FM MODULATOR;6;6;0;0;0;;;$10.00;$39.99
POWER ACOUSTIK;PTID8920B;SCREEN;1DIN;POWER ACOUSTICK TOUCH DVD 7;0;0;0;0;0;;;$125.00;$179.99
FOCAL;PS165FXE;SPKR;CMP;Flax Evo 6.5 2-Way Component Kit, Rms:;5;5;0;0;0;4;3544055750727;$375.00;$749.99
AUDIOVOX;PROSVR4G;AL/RS;GPS;GPS TRACKING 4G;2;2;0;0;0;3;;$145.00;$249.99
ROCKFORD;PPS48;SPKR;COAX;ROCKFORD 8 PUNCH PRO;2;2;0;0;0;4;780687340469;$63.00;$99.99
ROCKFORD;PPS46;SPKR;COAX;ROCKFORD 6.5 MIDBASS SUB;0;0;0;0;0;8;780687340452;$58.00;$89.99
ROCKFORD;PP4X;X-OVER;REG;PUNCH PRO CROSSOVER 4 OHM;1;1;0;0;0;;780687342456;$64.00;$99.99
PAC;POR911B;DASH KIT;STANDARD;2005-2012 PORSCHE 911 /CAYMAN / BOXSTER;0;0;0;0;0;;012339091116;$17.37;$49.99
ROCKFORD;PMXRGB;MARINE;ACCESSORY;ROCKFORD COLOROPTIX CONTROLLER;2;2;0;0;0;2;780687355647;$59.00;$99.99
ROCKFORD;PMXHD9813;RADIO;MEDIA;Digita Media Receiver for Harley 98-2013;2;2;0;0;0;6;780687356286;$418.00;$659.99
ROCKFORD;PMXHD14;MOTORCYCLE;RADIO;Harley Davidson Radio Screen 2014-up;2;2;0;0;0;1;;$644.00;$999.99
ROCKFORD;PMXANT;ACCESSORY;;ROCKFORD MARINE ANTENNA AMP;1;1;0;0;0;;780687352110;$50.00;$89.99
ROCKFORD;PMX5CAN;MARINE;RADIO;ROCKFORD 2.7 MARINE MEDIA 2Z;1;1;0;0;0;1;780687351441;$452.00;$489.99
ROCKFORD;PMX3;MARINE;RADIO;ROCKFORD MARINE DIG-MEDIA & XM;2;2;0;0;0;;780687350635;$380.00;$589.99
ROCKFORD;PMX25C;MARINE;ACCESSORY;ROCKFORD REMOTE EXT CABLE 25';1;1;0;0;0;;780687344672;$45.00;$74.99
ROCKFORD;PMX2;MARINE;RADIO;ROCKFORD MARINE DIGITAL MEDIA;0;0;0;0;0;1;780687344665;$340.00;$549.99
ROCKFORD;PMX1R;MARINE;ACCESSORY;ROCKFORD MARINE WIRED REMOTE;2;2;0;0;0;;780687344658;$200.00;$299.99
ROCKFORD;PMX16C;ACCESSORY;;Punch Marine 16 Foot Extension Cable;1;1;0;0;0;;780687344641;$36.00;$59.99
ROCKFORD;PMX10C;MARINE;ACCESSORY;ROCKFORD REMOTE EXT CABLE;1;1;0;0;0;;;$18.00;$29.99
POWER ACOUSTIK;PMD112CMX;VIDEO;AIO;POWER ACOUSTICK 11.2 DVD;0;0;0;0;0;;;$120.00;$279.99
ROCKFORD;PM400X4;MARINE;AMP;ROCKFORD MARINE 4-CH AMP;1;1;0;0;0;;780687345099;$306.00;$519.99
ROCKFORD;PM282HW;MARINE;SPKR;ROCKFORD MARINE TOWER 8 SPKRS;1;1;0;0;0;;;$532.00;$1,149.99
PYLE;PLCM22IR;SAFETY;CAM;PYLE CAMERA FLUSH MOUNT;1;1;0;0;0;;;$26.00;$69.99
PYLE;PLCM18BC;SAFETY;CAM;PYLE REARVIEW CAMERA;1;1;0;0;0;6;;$19.00;$69.99
ROCKFORD;PLC2;ACCESSORY;KNOB;ROCKFORD BASS KNOB;1;1;0;0;0;8;780687342364;$26.00;$49.99
PIONEER;PIDVD47;HARNESS;STANDARD;HARNESS PIONEER DVD;1;1;0;0;0;1;;$25.00;$29.99
PIONEER;PIDVD22;HARNESS;STANDARD;HARNESS PIONEER DVD/ MEDIA;3;3;0;0;0;2;;$15.32;$29.99
PIONEER;PIDVD16;HARNESS;STANDARD;HARNESS PIONEER DVD;3;3;0;0;0;4;;$25.00;$29.99
PIONEER;PI2006UP;HARNESS;STANDARD;PIONEER 06-UP HARNESS;1;1;0;0;0;2;;$10.00;$24.99
PIONEER;PI20034;HARNESS;STANDARD;PIONEER HARNESS;0;0;0;0;0;2;;$2.00;$19.99
PIONEER;PI16002;HARNESS;STANDARD;HARNESS PIONEER;2;2;0;0;0;1;;$10.00;$19.99
PIONEER;PI16001;HARNESS;STANDARD;HARNESS PIONEER;3;3;0;0;0;;;$7.00;$19.99
PIONEER;PI11;HARNESS;STANDARD;HARNESS PIONEER;0;0;0;0;0;3;;$7.00;$19.99
KENWOOD;PHD3FR;MOTORCYCLE;KIT;2014-Up Harley Road/Street Glide Fr/Rear;1;1;0;0;0;;019048238153;$917.00;$1,580.00
KENWOOD;PHD2R;MOTORCYCLE;KIT;2014-Up Harley Road/Street Glide Rear;1;1;0;0;0;;019048238146;$590.00;$990.00
KENWOOD;PHD1F;MOTORCYCLE;KIT;2014-Up Harley Road/Street Glide Front;1;1;0;0;0;;019048238139;$330.00;$590.00
ROCKFORD;PEQ;ACCESSORY;KNOB;ROCKFORD BASS REMOTE;2;2;0;0;0;9;780687327156;$26.00;$49.99
PRESTIGE;PE5BZ;AL/RS;REMOTE;5 Button 1-Way Transmitter;4;4;0;0;0;26;;$48.00;$89.99
PRESTIGE;PE2LCDZ;AL/RS;REMOTE;Two-Way LCD Transmitter;4;4;0;0;0;24;044476135330;$95.00;$179.99
INTEL;PD9280V;ACCESSORY;BATTERY;INTEL POWER SUPPLY 80AMP;1;1;0;0;0;;;$265.00;$399.99
INTEL;PD9270V;ACCESSORY;BATTERY;INTEL POWER SUPPLY 70AMP;1;1;0;0;0;;;$220.00;$349.99
PLANET AUDIO;PCPA975W;SCREEN;2DIN;Double-DIN, Wireless CarPlay & Android;0;0;0;0;0;3;;$375.86;$599.99
IBEAM;PCAMFDL;SAFETY;CAM;Ford Logo Backup Cam;0;0;0;0;0;;;$190.00;$299.99
ECHOMASTER;PCAMBS1N;SAFETY;CAM;Universal Blind Spot Camera Kit;2;2;0;0;0;;686981088185;$76.53;$99.00
ECHOMASTER;PCAM810AHD;SAFETY;CAM;BLIND SPOT SIDE VIEW AHD CAMERA;2;2;0;0;0;;609098831499;$44.00;$134.99
PLANET AUDIO;PCAM40B;SAFETY;CAM;Rear-view License Plate Mount Camera;0;0;0;0;0;;;$13.00;$49.99
FOCAL;PC165;SPKR;COAX;Performance Series 6.5Speaker;3;3;0;0;0;3;044476127076;$245.00;$489.99
ROCKFORD;PBR400X4D;AMP;4CH;ROCKFORD 4CH AMP;0;0;0;0;0;18;780687351427;$212.00;$309.99
PIONEER;PB2016;ACCESSORY;;PIONEER BLUETOOTH MIC;2;2;0;0;0;10;;$9.00;$29.99
PLANET AUDIO;PA2016;ACCESSORY;;Planet/Boss Elite/ Power Acoustik Mic;0;0;0;0;0;;;$8.00;$19.99
PANASONIC;PA16000;HARNESS;STANDARD;HARNESS PANASONIC;1;1;0;0;0;;;$10.00;$19.99
PLANET AUDIO;P9900CPA;SCREEN;2DIN;6.75 DDIN CarPlay / Android Auto Media;0;0;0;0;0;5;;$210.00;$299.99
PLANET AUDIO;P70CPAC;SCREEN;2DIN;Apple CarPlay & Android Auto w/ Camera;0;0;0;0;0;3;;$210.00;$349.99
PLANET AUDIO;P70CPA;SCREEN;2DIN;Double-DIN, Apple CarPlay & Android Auto;0;0;0;0;0;9;;$197.51;$299.99
ROCKFORD;P50012P;ENCLOSURE;POWERED;Punch Loaded 12 Ported Enclosure 500W;3;3;0;0;0;29;780687354008;$332.00;$539.99
ROCKFORD;P3SG12;SUB;GRILLE;ROCKFORD P3S 12 GRILLE;4;4;0;0;0;14;780687339968;$21.00;$34.99
ROCKFORD;P3SG10;SUB;GRILLE;ROCKFORD P3S 10 GRILLE;1;1;0;0;0;11;780687339951;$21.00;$34.99
ROCKFORD;P3SD412;SUB;THIN;ROCKFORD FOSGATE SHALLOW SUB;1;1;0;0;0;13;780687332822;$142.00;$239.99
ROCKFORD;P3SD410;SUB;THIN;ROCKFORD 10 SHALLOW SUB;1;1;0;0;0;7;780687332808;$134.00;$229.99
ROCKFORD;P3SD212;SUB;THIN;ROCKFORD LOW PROFILE 12;3;3;0;0;0;12;780687332815;$142.00;$239.99
ROCKFORD;P3SD210;SUB;THIN;ROCKFORD LOW PROFILE 10;3;3;0;0;0;6;780687332792;$134.00;$229.99
ROCKFORD;P3D415;SUB;REG;ROCKFORD FOSGATE 15/D4;2;2;0;0;0;-2;780687332785;$209.00;$339.99
ROCKFORD;P3D412;SUB;REG;ROCKFORD FOSGATE 12/D4;5;5;0;0;0;17;780687332761;$162.00;$259.99
ROCKFORD;P3D410;SUB;REG;ROCKFORD FOSGATE P3 10;4;4;0;0;0;5;780687332747;$147.00;$239.99
ROCKFORD;P32X12;ENCLOSURE;LOADED;ROCKFORD LOADED 2-P3 BOX;3;3;0;0;0;22;780687333003;$531.00;$789.99
FOCAL;P30F;SUB;REG;Focal 12 Subwoofer 800W;2;2;0;0;0;2;;$250.00;$499.99
ROCKFORD;P3008P;ENCLOSURE;POWERED;8 Loaded Punch Subwoofer;3;3;0;0;0;7;780687353971;$191.00;$309.99
ROCKFORD;P30012;SUB;REG;ROCKFORD POWERED 12 SUB;1;1;0;0;0;25;780687340841;$239.00;$389.99
ROCKFORD;P30010T;ENCLOSURE;POWERED;10 Wedge Powered Sub 300W RMS;1;1;0;0;0;18;780687353988;$218.00;$339.99
ROCKFORD;P2P3G12;SUB;GRILLE;ROCKFORD P2/P3 GRILLE;5;5;0;0;0;18;780687339920;$21.00;$34.99
ROCKFORD;P2D412;SUB;REG;ROCKFORD FOSGATE 12/D4;4;3;0;0;1;11;780687332709;$113.00;$199.99
FOCAL;P25FS;SUB;THIN;Focal 10 Shallow Subwoofer;2;2;0;0;0;0;;$200.00;$399.99
FOCAL;P25FE;SUB;REG;Flax Evo 10 Subwoofer, Rms: 300W - Max:;1;1;0;0;0;;3544059780723;$200.00;$399.99
ROCKFORD;P22X12;ENCLOSURE;LOADED;ROCKFORD 2-12 P2 LOADED BOX;3;3;0;0;0;10;780687332969;$399.00;$599.99
ROCKFORD;P1S412;SUB;REG;Punch P1 SVC 4-Ohm 12 500W Max Sub;0;0;0;0;0;7;780687332617;$75.00;$129.99
ROCKFORD;P1S410;SUB;REG;Punch P1 SVC 2-Ohm 10 500W Max Sub;2;2;0;0;0;0;780687332594;$69.00;$119.99
ROCKFORD;P12X12;ENCLOSURE;LOADED;ROCKFORD P1 DUAL 12 PORTED;4;4;0;0;0;38;780687332921;$309.00;$489.99
ROCKFORD;P1000X5;AMP;5CH;ROCKFORD FOSGATE 5-CH AMP;0;0;0;0;0;9;780687342180;$482.00;$689.99
PAC;OS2GM32X;HARNESS;ADV;PAC DATABUS HARNESS;1;1;0;0;0;5;609098825801;$130.80;$229.99
PAC;OS2CCTSX;HARNESS;ADV;PAC DATABUS HARNESS for CTS & SRX;0;0;0;0;0;3;609098825818;$130.80;$229.99
PAC;NWH703;HARNESS;STANDARD;HARNESS NISSAN;1;1;0;0;0;1;;$7.00;$23.99
PAC;NWH701;HARNESS;STANDARD;HARNESS NISSAN;4;4;0;0;0;;;$7.00;$23.99
MISC;NVA2020;SAFETY;CAM;CAMERA ACTIVE-PARK LINES/LED;0;0;0;0;0;;;$35.00;$159.99
PAC;NTR708;DASH KIT;STANDARD;DASH KIT 2-DIN NISSAN;1;1;0;0;0;2;012339807083;$10.17;$29.99
PAC;NSB710;ACCESSORY;ADAPTER;SPEAKER ADAPTER NISSAN/ INFINITI;4;4;3;0;0;30;012339071002;$10.17;$24.99
SCOSCHE;NN1664B;DASH KIT;STANDARD;DASH KIT NISSAN MAXIMA 09-14;1;1;0;0;0;;;$19.00;$39.99
SCOSCHE;NN1649B;DASH KIT;STANDARD;DASH KIT NISSAN MURANO 09-13;0;0;0;0;0;1;;$14.00;$39.99
SCOSCHE;NN1498B;DASH KIT;STANDARD;DASH KIT MAXIMA 04-06;0;0;0;0;0;;;$20.00;$49.99
PAC;NF10;ACCESSORY;;PAC POWER NOISE FILTER;1;1;0;0;0;3;;$7.00;$29.99
LABOR;NEN;LABOR;;NEON UNDERBODY KIT;0;0;0;0;0;;;$0.00;$450.00
PAC;NDK786;DASH KIT;STANDARD;2-DIN NISSAN Select Versa/Rogue;1;1;0;0;0;1;012339007865;$13.76;$29.99
PAC;NDK780;DASH KIT;STANDARD;DASH KITSINGLE OR 2DIN NISSAN;1;1;0;0;0;9;012339007803;$13.76;$29.99
PAC;NDK778;DASH KIT;STANDARD;DASH KIT MAXIMA 00-UP;1;1;0;0;0;;012339007780;$10.77;$29.99
PAC;NDK774;DASH KIT;STANDARD;DASH KIT MAXIMA / HYUNDAI 95;3;3;0;0;0;;;$7.00;$29.99
PAC;NDK773;DASH KIT;STANDARD;DASH KIT NISSAN 94-97;1;1;0;0;0;;012339007735;$12.02;$29.99
PAC;NDK770;DASH KIT;STANDARD;DASH KIT 86-93 NISSAN;1;1;0;0;0;;012339007704;$6.57;$29.99
PAC;NDK767;DASH KIT;STANDARD;DASH KIT 01-04 NISS/PATHFINDER;1;1;0;0;0;;012339007674;$10.76;$29.99
PAC;NDK754GB;DASH KIT;STANDARD;DASH KIT NISSAN TITAN 2016-19;1;1;0;0;0;;012339007544;$28.54;$49.99
PAC;NDK7523;DASH KIT;STANDARD;DASH KIT NISSAN TITAN;1;1;0;0;0;;012339075239;$41.38;$49.99
PAC;NDK748GB;DASH KIT;STANDARD;2013-2019 NISSAN SENTRA GLOSS BLACK Kit;1;1;0;0;0;2;012339074805;$31.16;$49.99
PAC;NDK748G;DASH KIT;STANDARD;DASH KIT NISSAN SENTRA 13-UP;1;1;0;0;0;3;012339007483;$27.57;$44.99
PAC;NDK746;DASH KIT;ADV;NISSAN 370Z KIT 09-UP;1;1;0;0;0;1;012339007469;$39.56;$59.99
PAC;NDK744;DASH KIT;STANDARD;DASH KIT 06-UP NISSAN 350Z;1;1;0;0;0;;012339007445;$13.76;$29.99
PAC;NDK742;DASH KIT;STANDARD;DASH KIT DD NISSAN 350Z;1;1;0;0;0;3;012339007421;$8.23;$29.99
PAC;NDK740;DASH KIT;STANDARD;DASH KIT NISSAN 350Z S-DIN;1;1;0;0;0;1;012339007407;$10.76;$29.99
PAC;NDK738CG;DASH KIT;STANDARD;DASH KIT NISSAN ALTIMA 13-UP;1;1;0;0;0;2;012339073808;$27.57;$49.99
PAC;NDK738;DASH KIT;STANDARD;DASH KIT NISSAN 13-17;2;2;0;0;0;1;012339007384;$23.97;$39.99
PAC;NDK737;DASH KIT;STANDARD;DASH KIT NISSAN JUKE;1;1;0;0;0;1;012339007377;$13.76;$29.99
PAC;NDK736;DASH KIT;STANDARD;DASH KIT NISSAN VERSA;1;1;0;0;0;2;012339007360;$10.17;$29.99
PAC;NDK735MG;DASH KIT;STANDARD;DASH KIT NISSAN ROGUE 14-UP;1;1;0;0;0;1;012339073501;$34.76;$49.99
PAC;NDK734;DASH KIT;STANDARD;DASH KIT NISSAN ROGUE 08-UP;1;1;0;0;0;2;012339007346;$13.76;$29.99
PAC;NDK7312;DASH KIT;ADV;DASH KIT1/ 2-DIN NISSAN TITAN;1;1;0;0;0;;012339073129;$34.76;$59.99
PAC;NDK730;DASH KIT;STANDARD;2004-2012 Nissan/Suzuki Dash Kit;2;2;0;0;0;4;012339007308;$10.17;$29.99
PAC;NDK729;DASH KIT;STANDARD;DASH KIT NISSAN DDN-SDN;2;2;0;0;0;5;012339007292;$13.76;$29.99
PAC;NDK728;DASH KIT;ADV;DASH KIT NISSAN ALTIMA 07+;1;1;0;0;0;1;012339007285;$27.57;$59.99
PAC;NDK727;DASH KIT;ADV;DASH KIT 07 NISSAN ALITMA;1;1;0;0;0;9;012339007278;$27.57;$59.99
PAC;NDK726;DASH KIT;STANDARD;DASH KIT 05- UP NISSAN ALTIMA;2;2;0;0;0;1;012339007261;$12.57;$29.99
PAC;NDK724;DASH KIT;STANDARD;07-UP NISSAN SENTRA 1-Din Kit;2;2;0;0;0;;012339007247;$10.17;$29.99
PAC;NDK717;DASH KIT;STANDARD;DASH KIT 95-01 NISSAN;1;1;0;0;0;1;012339007179;$11.98;$29.99
PAC;NDK716;DASH KIT;STANDARD;DASH KIT ALTIMA 2002;1;1;0;0;0;2;012339007162;$12.11;$29.99
PAC;NDK715;DASH KIT;STANDARD;DASH KIT NISSAN 93-98;1;1;0;0;0;;;$7.00;$29.99
PAC;NDK714;DASH KIT;STANDARD;DASH KIT 00-06 NISSAN SENTRA;1;1;0;0;0;;012339007148;$10.17;$29.99
PAC;NDK711;DASH KIT;STANDARD;DASH KIT NISSAN/90-96/300ZX;1;1;0;0;0;;;$10.00;$29.99
PAC;NDK710;DASH KIT;STANDARD;DASH KIT 89-92 240SX/STANZA;1;1;0;0;0;;012339007100;$15.04;$29.99
PAC;NDK709;DASH KIT;STANDARD;DASH KIT 79 - 94 NISSA;2;2;0;0;0;;012339007094;$5.25;$29.99
PAC;NDK705;DASH KIT;STANDARD;DASH KIT NISSAN ALTIMA 2-DIN;1;1;0;0;0;;012339007056;$13.76;$29.99
LABOR;NCR;LABOR;;Active Noise Cancellation Removal;0;0;0;0;0;;;;$95.00
LABOR;NAV;LABOR;SCREEN; D-DIN NAVIGATION;0;0;0;0;0;;;$0.00;$185.00
ROCKFORD;MXCAMRZR14;ATV;CAM;POLARIS RZR BACKUP CAMERA HARNESS;1;1;0;0;0;;780687359706;$49.00;$79.99
ROCKFORD;MXCAM;ATV;CAM;POLARIS RZR BACKUP CAMERA;1;1;0;0;0;;780687355463;$49.00;$79.99
MASSIVE;MX2;SPKR;COAX;MASSIVE AUDIO 2 COAXIAL;0;0;0;0;0;1;;$20.00;$69.99
PRESTIGE;MV3;AL/RS;ALARM;Microwave Sensor;0;0;0;0;0;1;;$20.00;$49.99
AUDIOVOX;MTGHRM1;VIDEO;HRM;AUDIOVOX 7 HEADREST MONITOR;0;0;0;0;0;3;044476132063;$115.00;$239.99
AUDIOVOX;MTGHRD1;VIDEO;HRM;AUDIOVOX 7 HEADREST / DVD;2;2;0;0;0;3;044476132056;$160.00;$299.99
AUDIOVOX;MTGHP2CA;VIDEO;HRM;AUDIOVOX 2-CHANNEL HEADPHONE;2;2;0;0;0;;;$23.00;$49.99
AUDIOVOX;MTGHP1CA;VIDEO;HRM;AUDIOVOX 1-CHANNEL HEADPHONE;4;4;0;0;0;10;;$17.00;$39.99
AUDIOVOX;MTG13UHDM2;VIDEO;AIO;AUDIOVOX 13.3 ALL IN ONE DVD/HDMI;0;0;0;0;0;;;$388.00;$595.00
AUDIOVOX;MTG10UHDM2;VIDEO;AIO;AUDIOVOX 10 ALL IN ONE DVD/HDMI;0;0;0;0;0;;044476140235;$240.00;$449.99
JBL;MT6HLB;MARINE;SPKR;6-1/2 Tower X marine tower speakers RGB;0;0;0;0;0;1;3723694132679;$425.00;$849.99
MESA;MRT8;ACCESSORY;HARDWARE;M1 8GA Ring Terminals (4-Pack);0;0;0;0;0;24;;$1.18;$6.99
MESA;MRT4;ACCESSORY;HARDWARE;M1 4GA Ring Terminals (4-Pack);12;12;0;0;0;1;;$2.04;$8.99
MESA;MRT0;ACCESSORY;HARDWARE;M1 0GA Ring Terminals (Pair);5;5;0;0;0;59;;$2.23;$9.99
MISC;MRC5;ACCESSORY;;MARINE CD COVER;0;0;0;0;0;;;$12.00;$29.99
IDATALINK;MRC300;SAFETY;CAM;Momento C3 Rear Camera Set;1;1;0;0;0;;;$35.00;$89.99
BOSS;MR60W;MARINE;SPKR;BOSS 6.5 MARINE 200W;0;0;0;0;0;1;;$20.00;$59.99
JENSEN;MPR2110;RADIO;MEDIA;Din Mechless Receiver with Bluetooth;0;0;12;0;0;4;;$29.00;$69.99
RETRO SOUND;MOTOR4HD;RADIO;MEDIA;CLASSIC INDash Receiver FM/ BT/ XM/ HD;1;1;0;0;0;;;$360.00;$519.99
RETRO SOUND;MOTOR2B;RADIO;MEDIA;M2B CLASSIC In-Dash Receiver AM-FM /BT;0;0;0;0;0;1;;$320.00;$449.99
RETRO SOUND;MOTOR1B;RADIO;MEDIA;CLASSIC In-Dash Receiver AM-FM /BT;1;1;0;0;0;;;$210.00;$379.99
AUTOCEL;MMSU2;ACCESSORY;;Cellphone magnetic suction cup mount;3;3;0;0;0;;794775051205;$8.00;$24.99
JL AUDIO;MM50;MARINE;RADIO;Mediamaster 50 Source Unit;0;0;0;0;0;;;$270.00;$360.00
JL AUDIO;MM105;MARINE;RADIO;Mediamaster 105;0;0;0;0;0;;699440999304;$448.00;$699.99
PAC;MM1;DASH KIT;STANDARD;DASH KIT MAZDA / MITS 86-00;0;0;0;0;0;;;$4.65;$29.99
PAC;MITO03;HARNESS;ADV;PAC MITSUBISHI WITH AMP;0;0;0;0;0;;;$80.00;$129.99
PAC;MITO02;HARNESS;ADV;PAC MITSUBISHI WITH AMP;0;0;0;0;0;;;$90.00;$149.99
PAC;MITO01;HARNESS;ADV;PAC MITSUBISHI WITH AMP;0;0;0;0;0;;;$86.00;$149.99
PAC;MITK894;DASH KIT;ADV;DASH KIT LANCER 08-UP;1;1;0;0;0;;012339008947;$41.38;$69.99
PAC;MITK890;DASH KIT;STANDARD;DASH KIT 95-UP MITS;1;1;0;0;0;;012339008909;$11.50;$29.99
SCOSCHE;MI3017B;DASH KIT;STANDARD;DASH KIT DD MITS ECLIPSE 06&UP;0;0;0;0;0;;;$21.98;$49.99
SCOSCHE;MI3015B;DASH KIT;STANDARD;DASH KIT OUTLANDER SDIN & DDIN;1;1;0;0;0;;;$25.00;$49.99
SCOSCHE;MI3014B;DASH KIT;STANDARD;DASH KIT MITSUBISHI ENDEAVOR;1;1;0;0;0;;;$9.00;$29.99
STINGER;MDMTK;ACCESSORY;DYNAMAT;20 Square Foot Trunk Sound Damping Kit;1;1;0;0;0;;609098817929;$65.00;$179.99
STINGER;MDMDK;ACCESSORY;DYNAMAT;MESA DAMPING MAT DOOR KIT 12SQ;2;2;0;0;0;4;609098817851;$45.00;$109.99
STINGER;MDM36;ACCESSORY;DYNAMAT;DAMPING MAT BULK KIT 36SQ FT KIT;1;1;0;0;0;1;609098817950;$100.00;$249.99
STINGER;MDFR69;ACCESSORY;SPKR;Fast Ring 6 x 9 (Pair);1;1;0;0;0;2;609098828727;$12.00;$29.99
STINGER;MDFR6;ACCESSORY;SPKR;Fast Ring 6.5 (Pair);1;1;0;0;0;2;609098828703;$16.00;$29.99
PAC;MCK2002;DASH KIT;STANDARD;DASH KIT 02-07 MINI COOPER;1;1;0;0;0;1;012339020024;$8.86;$29.99
JL AUDIO;MBTRX;MARINE;ACCESSORY;Marine Bluetooth Audio Receiver;1;1;0;0;0;2;699440911269;$32.00;$69.99
JL AUDIO;MBTCRXV2;MARINE;ACCESSORY;Marine Bluetooth controller/Audio receiv;2;2;0;0;0;1;699440913690;$97.00;$169.99
PAC;MBK150;DASH KIT;STANDARD;DASH KIT MERC-DODGE DD/SD;1;1;0;0;0;1;012339001504;$13.76;$39.99
PAC;MBK102C;DASH KIT;STANDARD;DASH KIT 05-UP MERCEDES;1;1;0;0;0;3;012339010209;$13.76;$39.99
PAC;MBK100C;DASH KIT;STANDARD;DASH KIT MERCEDES;3;3;0;0;0;-1;012339100009;$20.96;$39.99
PAC;MAZK860;DASH KIT;ADV;DASH KIT 09-UP MAZDA 6;1;1;0;0;0;;012339008602;$27.57;$69.99
PAC;MAZK855;DASH KIT;STANDARD;DASH KIT MAZDA CX5 13-UP;1;1;0;0;0;;012339085511;$17.37;$29.99
PAC;MAZK854;DASH KIT;STANDARD;DASH KIT MAZDA;1;1;0;0;0;;012339008541;$10.17;$29.99
PAC;MAZK852;DASH KIT;STANDARD;DASH KIT 84-97 MAZDA;2;2;0;0;0;;;$5.00;$29.99
PAC;MAZK849;DASH KIT;STANDARD;DASH KIT MAZDA 3;1;1;0;0;0;;012339008497;$20.96;$29.99
PAC;MAZK847;DASH KIT;STANDARD;DASH KIT 07-08 MAZDA [SNG+DBL];1;1;0;0;0;2;012339008473;$19.78;$29.99
PAC;MAZK844;DASH KIT;STANDARD;DASH KIT MAZDA 3 / 1 & 2-DIN;1;1;0;0;0;3;012339008442;$17.37;$39.99
PAC;MAZK843;DASH KIT;STANDARD;DASH KIT 04-UP MAZDA 3;1;1;0;0;0;;012339008435;$12.22;$39.99
ESCORT;MAXCAM360C;SAFETY;RADAR;Radar detector & QHD dash cam w/ Wi-Fi;1;1;0;0;0;3;737795004615;$637.46;$849.95
INSTALLBAY;MAX80;ACCESSORY;FUSE;Maxi Fuse 80 AMP - Each;13;13;0;0;0;4;086429085699;$2.00;$5.99
INSTALLBAY;MAX60;ACCESSORY;FUSE;Maxi Fuse 60 AMP - Each;11;11;0;0;0;2;086429037513;$2.00;$5.99
INSTALLBAY;MAX50;ACCESSORY;FUSE;Maxi Fuse 50 AMP - Each;2;2;0;0;0;;086429037506;$2.00;$5.99
INSTALLBAY;MAX40;ACCESSORY;FUSE;Maxi Fuse 40 AMP - Each;6;6;0;0;0;1;086429037490;$2.00;$5.99
ESCORT;MAX4;SAFETY;RADAR;GPS, BT, Extreme Range Radar Detector;1;1;0;0;0;;;$306.00;$399.99
ESCORT;MAX360C;SAFETY;RADAR; Wi Fi, Front & Rear Radar Antenna Radar;1;1;0;0;0;1;737795003731;$485.00;$649.95
INSTALLBAY;MAX30;ACCESSORY;FUSE;Maxi Fuse 30 AMP - Each;6;6;0;0;0;;086429037483;$2.00;$5.99
ESCORT;MAX3;SAFETY;RADAR;GPS, BT, Extreme Range Radar Detector;0;0;0;0;0;5;737795004714;$300.00;$399.95
INSTALLBAY;MAX100;ACCESSORY;FUSE;Maxi Fuse 100 AMP Each;6;6;0;0;0;12;086429283316;$2.00;$5.99
LABOR;MAT;LABOR;;MATERIAL CHARGE;0;-16;0;16;0;;;$0.00;$8.00
INSTALLBAY;MANL80;ACCESSORY;FUSE;Mini ANL 80 AMP Fuse;16;16;0;0;0;73;086429154388;$1.20;$5.99
INSTALLBAY;MANL60;ACCESSORY;FUSE;Mini ANL 60 AMP Fuse;19;19;0;0;0;55;086429154364;$1.20;$5.99
INSTALLBAY;MANL40;ACCESSORY;FUSE;Mini ANL 40 AMP Fuse;8;8;0;0;0;9;086429154340;$3.00;$5.99
INSTALLBAY;MANL30;ACCESSORY;FUSE;Mini ANL 30 AMP Fuse;3;3;0;0;0;5;086429154326;$1.20;$5.99
INSTALLBAY;MANL200;ACCESSORY;FUSE;Mini ANL 200 AMP;0;0;0;0;0;27;086429293148;$2.00;$5.99
INSTALLBAY;MANL175;ACCESSORY;FUSE;Mini ANL 175 AMP;12;12;0;0;0;7;086429293131;$1.61;$5.99
INSTALLBAY;MANL150;ACCESSORY;FUSE;Mini ANL 150 AMP Fuse;23;23;0;0;0;77;086429156818;$1.20;$5.99
INSTALLBAY;MANL125;ACCESSORY;FUSE;Mini ANL 125 AMP Fuse;11;11;0;0;0;19;086429156801;$4.00;$5.99
INSTALLBAY;MANL100;ACCESSORY;FUSE;Mini ANL 100 AMP Fuse;18;18;0;0;0;89;086429156795;$1.20;$5.99
SCOSCHE;MA1545B;DASH KIT;ADV;DASH KIT MAZDA CX9 2007-UP;0;0;0;0;0;1;;$25.00;$59.99
SCOSCHE;MA1542B;DASH KIT;STANDARD;DASH KIT D DIN 94+ MAZDA;2;2;0;0;0;;;$8.44;$29.99
JL AUDIO;M6770XSGMTII;MARINE;SPKR;JL AUDIO MARINE 7.7 M6-770X-S-GmTi-i;3;3;0;0;0;;699440936040;$445.00;$779.99
JL AUDIO;M6650XSGWGWI;;;M6-650X-S-GwGw-i;0;0;0;0;0;;699440937269;$370.00;$649.99
JL AUDIO;M6006;MARINE;AMP;6-channel Class D Marine Amplifier;2;2;0;0;0;;;$360.00;$480.00
ROCKFORD;M5800X4;AMP;4CH;ROCKFORD 4CH ELEMENT READY AMP;2;2;0;0;0;2;780687357962;$413.00;$689.99
ROCKFORD;M51500X5;MARINE;AMP;1,500 Watt 5-Channel Element Ready™ Amp;1;1;0;0;0;2;780687357979;$620.00;$999.99
ROCKFORD;M51000X1;AMP;MONO;Mono Element Ready Amp 1000x1 @ 1Ohm;0;0;0;0;0;;780687357986;$413.00;$689.99
MESA;M3UDB4;ACCESSORY;DIST BLOCK;0/4GA Quad Ultimate Distribution Block;5;5;0;0;0;19;033991064812;$30.00;$59.99
MESA;M3UDB2;ACCESSORY;DIST BLOCK;0/4GA Dual Ultimate Distribution Block;2;2;0;0;0;19;033991064829;$20.00;$49.99
MESA;M3FBWP8;ACCESSORY;FUSE HOLDER;8/10GA Mini-ANL Weatherproof Fuse Holder;5;5;0;0;0;3;033991064751;$7.53;$24.99
MESA;M3FBWP4;ACCESSORY;FUSE HOLDER;4/8GA Mini-ANL Weatherproof Fuse Holder;6;6;0;0;0;6;033991064744;$8.79;$29.99
MESA;M3FB48;ACCESSORY;FUSE HOLDER;4/8GA Fuse Holder;7;7;0;0;0;31;033991064737;$8.04;$29.99
MESA;M3FB04;ACCESSORY;FUSE HOLDER;0/4GA Dual fuse holder;5;5;0;0;0;6;033991064720;$13.60;$39.99
SCOSCHE;M36X25;RCA;6CH;M3 6-Channel Multi-Core Interconnect;0;0;0;0;0;;033991064935;$65.00;$195.00
JL AUDIO;M3650XSGWI;MARINE;SPKR;M3-650X-S-Gw-i;3;3;0;0;0;3;699440935159;$195.00;$299.99
JL AUDIO;M3650VEXGWSGWI;;;M3-650VeX-Gw-S-Gw-i;0;0;0;0;0;;699440934022;$378.00;$599.99
ROCKFORD;M2WL8HB;MARINE;SPEAKER;ROCKFORD M2 TOWER 8 SPKRS;1;1;0;0;0;;780687355593;$900.00;$1,499.99
ROCKFORD;M2WL8H;MARINE;SPEAKER;ROCKFORD M2 TOWER 8 SPKRS;1;1;0;0;0;;780687355586;$900.00;$1,499.99
MESA;M2KIT8PS6;AMP KIT;OFC;8AWG OFC Motorcycle/Powersports Amp Kit;1;1;0;0;0;7;033991065048;$37.00;$89.99
MESA;M2KIT8;AMP KIT;OFC;8GA OFC Amp Kit (18.5FT of Power);22;22;0;0;0;85;033991065000;$45.00;$89.99
MESA;M2KIT4;AMP KIT;OFC;4GA OFC Amp Kit (18.5FT of Power);46;46;0;0;0;260;033991064997;$57.00;$129.99
MESA;M2KIT0;AMP KIT;OFC;0GA OFC Amp Kit (18.5FT of Power);5;5;0;0;0;31;033991064980;$120.00;$279.99
ROCKFORD;M2D410IB;MARINE;SUB;ROCKFORD MARINE 10 SUB;2;2;0;0;0;;780687358259;$220.00;$399.99
ROCKFORD;M28HB;MARINE;SPKR;ROCKFORD 8 MARINE;0;0;0;0;0;;780687353766;$495.00;$899.99
ROCKFORD;M2750X5;AMP;5CH;MARINE GRADE 5-CH ROCKFORD AMP;1;1;0;0;0;-1;780687358310;$338.00;$569.99
ROCKFORD;M265B;MARINE;SPKR;ROCKFORD M2 6.5 BLACK MARINE;2;2;0;0;0;;780687353728;$264.00;$479.99
ROCKFORD;M265;MARINE;SPKR;ROCKFORD MARINE 6.5 RGB COLOR;2;2;0;0;0;2;780687353711;$264.00;$479.99
ROCKFORD;M2500X1;AMP;MONO;ROCKFORD MARINE 1-CH AMP;1;1;0;0;0;2;780687358327;$207.00;$349.99
MESA;M24X17;RCA;4CH;17' M2 4-Channel Twisted Interconnects;6;6;0;0;0;23;033991065178;$25.00;$59.99
ROCKFORD;M2300X4;AMP;4CH;ROCKFORD MARINE 4-CH AMP;1;1;0;0;0;3;780687358303;$207.00;$349.99
MESA;M217;RCA;2CH;17' M2 Twisted Interconnects;13;13;0;0;0;109;033991065130;$23.00;$39.99
MESA;M212;RCA;2CH;12' M2 Twisted Interconnects;0;0;0;0;0;24;033991065123;$20.00;$29.99
MESA;M1MM;RCA;Y;M1 Y-Adapter 1F-2M Coaxial Y-Adapter;22;22;0;0;0;18;033991065444;$1.30;$9.99
MESA;M1FF;RCA;Y;M1 Y-Adapter 1M-2F Coaxial Y-Adapter;24;24;0;0;0;10;033991065437;$1.09;$9.99
MESA;M1DB48;ACCESSORY;DIST BLOCK;4/8GA Ground Distribution Block;1;1;5;0;0;13;033991065284;$4.19;$19.99
MESA;M1DB04;ACCESSORY;DIST BLOCK;0/4GA Ground Distribution Block;2;2;0;0;0;8;033991065291;$7.94;$39.99
ROCKFORD;M1D412;MARINE;SUB;M1 12 Marine Subwoofer DVC;3;3;0;0;0;1;780687353865;$179.00;$319.99
ROCKFORD;M1D210B;MARINE;SUB;M1 12 Marine Subwoofer DVC;2;2;0;0;0;2;780687353834;$150.00;$259.99
MESA;M1BT;ACCESSORY;HARDWARE;0/4/8GA Universal Battery Terminal;6;5;0;1;0;12;033991065239;$7.56;$24.99
MESA;M19;RCA;2CH;9' M1 Coaxial Interconnects;16;16;0;0;0;9;033991065383;$4.00;$17.99
ROCKFORD;M18;MARINE;SPKR;8 Coaxial Marine;1;1;0;0;0;1;780687354299;$169.00;$309.99
ROCKFORD;M165B;MARINE;SPKR;ROCKFORD 6.5MARINE 2-WAY / BLACK;0;0;0;0;0;3;780687353704;$140.00;$249.99
ROCKFORD;M165;MARINE;SPKR;M1 6.5 Color Optix™ Marine 2-Way Coax;0;0;0;0;0;7;780687353698;$140.00;$249.99
MESA;M16;RCA;2CH;6' M1 Coaxial Interconnects;28;28;0;0;0;22;033991065376;$1.73;$13.99
MESA;M13;RCA;2CH;3' M1 Coaxial Interconnects;25;25;0;0;0;49;033991065369;$1.28;$11.99
MESA;M120;RCA;2CH;20' M1 Coaxial Interconnects;4;4;0;0;0;;033991065413;$2.63;$21.99
MESA;M117;RCA;2CH;17' M1 Coaxial Interconnects;22;22;0;0;0;75;033991065406;$2.56;$19.99
MESA;M112;RCA;2CH;12' M1 Coaxial Interconnects;15;15;0;0;0;16;033991065390;$2.13;$17.99
MESA;M11;RCA;2CH;1' M1 Coaxial Interconnects;28;28;0;0;0;22;033991065352;$1.25;$9.99
JL AUDIO;M10001V2;MARINE;AMP;Class D Marine Subwoofer Amplifier, 1000;2;2;0;0;0;;;$360.00;$480.00
ROCKFORD;M0WL65MB;MARINE;SPKR; Black 6.5 moto can speakers, 250W;1;1;0;0;0;;780687359638;$449.00;$749.99
PAC;LXSK1321;DASH KIT;STANDARD;DASH KIT 01-UP LEXUS IS300;1;1;0;0;0;;012339013217;$11.37;$29.99
PAC;LXSK1315;DASH KIT;STANDARD;DASH KIT LEXUS 98-03;1;1;0;0;0;;012339013156;$12.04;$29.99
PAC;LXSK1300;DASH KIT;STANDARD;DASH KIT LEXUS 92-96;1;1;0;0;0;;012339013002;$13.76;$39.99
CRUX;LVCB07;HARNESS;ADV;Camera Retention interface for Ram, Jeep;0;0;0;0;0;;;$106.00;$189.99
PAC;LTCK588;DASH KIT;STANDARD;DASH KIT LINCOLN TOWNCAR;0;0;0;0;0;;012339005885;$12.68;$29.99
SCOSCHE;LS2085B;DASH KIT;STANDARD;DASH KIT LS400 95-2000;1;1;0;0;0;;;$14.00;$29.99
PAC;LPHTY02;HARNESS;ADV;Audio Int. T-Har 2019-Up Toyota Non-Amp;2;2;0;0;0;3;609098837804;$51.64;$69.99
PAC;LPHTY01;HARNESS;ADV;Toyota Audio Integration T-Harness;1;1;0;0;0;2;609098837798;$51.64;$69.99
PAC;LPHHD04;HARNESS;ADV;Audio int, T-Har 2016-Up Honda;1;1;0;0;0;;609098901413;$42.59;$69.99
PAC;LPHHD03;HARNESS;ADV;Honda Audio Integration T-Har;1;1;0;0;0;1;609098901406;$42.59;$69.99
PAC;LPHGM72;HARNESS;ADV;Audio Int. T-Har 2019-Up GM NON AMP;1;1;0;0;0;1;609098902359;$60.20;$79.99
PAC;LPHGM71;HARNESS;ADV;Audio Int. T-Har 2019-Up GM Vehicles;1;1;0;0;0;;609098837781;$60.54;$79.99
PAC;LPHGM51;HARNESS;ADV;Audio Int. T-Har 2014-19 GM Non-Amp;1;1;0;0;0;1;609098900485;$44.29;$69.99
PAC;LPHFD31;HARNESS;ADV;Audio Int. T-Har 2018-22 Ford Non-Amp;1;1;0;0;0;2;609098900478;$44.29;$69.99
PAC;LPHFD21;HARNESS;ADV;Audio Int. T-Har 2011-20 Ford Non-Amp;1;1;0;0;0;1;609098900461;$44.29;$69.99
PAC;LPHCH42;HARNESS;ADV;Audio Int. T-Har 2021+ Chry/Dodge/Jeep;1;1;0;0;0;1;609098902335;$42.59;$69.99
PAC;LPHCH41;HARNESS;ADV;Audio Int. T-Har 2013-Up Chry/Dodge/Jeep;1;1;0;0;0;;609098837774;$51.64;$69.99
SCOSCHE;LPGM35;HARNESS;ADV;2004-Up GM LAN Link + interface;0;0;0;0;0;3;033991068803;$82.75;$199.99
SCOSCHE;LPGM15;HARNESS;ADV;2012+ Select GM Vehicles Link+Interface;0;0;0;0;0;;033991068377;$103.45;$199.99
SCOSCHE;LPFD45;HARNESS;ADV;2005-14 Ford Link + interface;0;0;0;0;0;2;033991068780;$95.00;$199.99
SCOSCHE;LPCR15;HARNESS;ADV;2004-14 Chrysler Link+ Interface;0;0;0;0;0;2;033991068339;$93.10;$199.99
PAC;LP74;LOC;STANDARD;PAC 4-CH HI-LOW ADAPTER;3;3;0;0;0;8;606523109468;$39.60;$59.99
PAC;LP72R;LOC;STANDARD;HI-LOW ADAPTER W/ BASS KNOB;5;5;0;0;0;41;609098814218;$39.60;$69.99
PAC;LLSK582;DASH KIT;STANDARD;DASH KIT 00-06 FORD / LINCOLN;1;1;0;0;0;2;012339005823;$10.76;$29.99
PAC;LLSK580;DASH KIT;STANDARD;DASH KIT LINCOLN 00-06;1;1;0;0;0;;012339005809;$10.17;$29.99
PAC;LCK584;DASH KIT;STANDARD;DASH KIT LINCOLN CONTINENTAL;1;1;0;0;0;;012339005847;$10.17;$29.99
PAC;LCGM52;HARNESS;ADV;PAC HARNESS DATA FOR GM;1;1;0;0;0;2;609098825016;$53.92;$79.99
PAC;LCGM51;HARNESS;ADV;PAC HARNESS DATA FOR GM;2;2;0;0;0;14;609098815352;$53.92;$79.99
PAC;LCGM29;HARNESS;ADV;PAC HARNESS FOR GM VEHICLES;9;8;0;1;0;99;609098814102;$53.92;$79.99
PAC;LCGM24;HARNESS;ADV;PAC HARNESS FOR GM VEHICLES;8;8;0;0;0;85;606523109482;$53.92;$79.99
PAC;LCCH21;HARNESS;ADV;PAC HARNESS CHRY DODGE JEEP;10;10;0;0;0;76;609098818070;$76.82;$119.99
PAC;LCCH11;HARNESS;ADV;PAC HARNESS CHRY DODGE JEEP;2;2;0;0;0;29;609098818063;$76.82;$109.99
AUDIOCONTROL;LC8I;X-OVER;REG;8-channel line output converte/ Auxiliar;0;0;0;0;0;1;855814005884;$183.57;$269.99
AUDIOCONTROL;LC7IPRO;LOC;ADV;6 CHANNEL LINE OUT CONVERTER WITH ACCUBA;1;1;0;0;0;1;850038647216;$169.00;$309.00
AUDIOCONTROL;LC2IPRO;LOC;ADV;AUDIOCONTROL HI-LO PRO;2;2;1;0;0;85;851523007782;$97.90;$149.00
LABOR;LABORE;LABOR;;Installation European vehicle per hour;0;0;0;0;0;;;;$125.00
LABOR;LABOR;LABOR;;INSTALLATION;100;87.4;0;12.6;0;;;$0.00;$95.00
JVC;KWV830BT;SCREEN;2DIN;JVC KW-V830BT 6.8 2-DIN DVD Receiver wi;0;0;0;0;0;1;;$350.00;$399.99
JVC;KWM56BT;SCREEN;2DIN;Car play / Android / BT / Touch screen;0;0;0;0;0;;;$286.00;$379.99
ALPINE;KTA450;AMP;4CH;ALPINE 4-CH POWER AMPLIFIER;0;0;0;0;0;14;793276242822;$136.00;$229.99
XKGLOW;KSMOTOSTANDARD;LIGHTS;GLOW;XKGLOW MOTORCYCLE / CAR BT APP;0;0;0;0;0;2;751446931648;$110.00;$249.99
XKGLOW;KSCARSTANDARD;LIGHTS;GLOW;XKGLOW UNDERBODY BT APP;2;2;0;0;0;4;856432006024;$150.00;$279.99
XKGLOW;KSCARMINI;LIGHTS;GLOW;XKGLOW INTERIOR BT APP;1;1;0;0;0;6;856432006017;$87.00;$169.99
XKGLOW;KSCARADVANCE;LIGHTS;GLOW;XKGLOW UNDERBODY+ INTERIOR BT;0;0;0;0;0;5;856432006031;$175.00;$329.99
KENWOOD;KNJVCD22;HARNESS;STANDARD;KENWOOD DVD HARNESS;1;1;0;0;0;0;;$20.00;$39.99
KENWOOD;KNJVCD16;HARNESS;STANDARD;KENWOOD JVC DVD HARNESS;3;3;0;0;0;0;;$20.00;$39.99
KENWOOD;KMRD382BT;MARINE;RADIO;KENWOOD MARINE CD / BT /USB;2;2;0;0;0;7;019048232564;$141.00;$219.99
KENWOOD;KMMX705;RADIO;MEDIA;KENWOOD MEDIA BT/ 2-USB /3RCA 5V;1;1;0;0;0;7;0019048233721;$143.00;$199.99
KENWOOD;KMMBT332U;RADIO;MEDIA;Kenwood  Digital Media Receive / BT;2;2;0;0;0;16;019048233028;$101.00;$129.99
IDATALINK;KITWJL1;DASH KIT;ADV;IDATALINK WRANGLER / GLADIATOR;1;1;0;0;0;1;;$92.00;$179.99
IDATALINK;KITVW1;DASH KIT;ADV;Maestro Dash Kit for VW Models 2018+;1;1;0;0;0;;;$152.00;$289.99
IDATALINK;KITRAM1;DASH KIT;ADV;IDATALINK KIT RAM 2013-2018;1;1;0;0;0;1;;$90.00;$179.99
IDATALINK;KITPAC1;DASH KIT;ADV;IDATALINK KIT CHRYSLER PACIFICA/ VOYAGER;1;1;0;0;0;;;$160.00;$289.99
IDATALINK;KITMUS2;DASH KIT;ADV;kit 2015-2021 Ford Mustang w/ 4screen;1;1;0;0;0;;;$173.00;$299.99
IDATALINK;KITMUS1;DASH KIT;ADV;DASH KIT MUSTANG 10-14;1;1;0;0;0;2;627780005256;$180.00;$299.99
IDATALINK;KITMFT1;DASH KIT;ADV;DASH KIT 13-19 FORD MY TOUCH;2;2;0;0;0;3;627780003276;$96.00;$289.99
IDATALINK;KITJGC1;DASH KIT;ADV;JEEP GRAND CHEROKEE 2014-2021 KIT;1;1;0;0;0;;;$240.00;$449.99
IDATALINK;KITFTR1;DASH KIT;ADV;DASH KIT FORD 2015-UP;1;1;0;0;0;2;627780002101;$160.00;$289.99
IDATALINK;KITFOR1;DASH KIT;ADV;IDATALINK FORD F-150 2008-2014 KIT;2;2;0;0;0;3;;$80.00;$159.99
IDATALINK;KITFOC1;DASH KIT;ADV;Idatalink Ford Focus kit;0;0;0;0;0;;627780002651;$205.00;$369.99
IDATALINK;KITF150;DASH KIT;ADV;DASH KIT FORD F150/ 2013-14;2;2;0;0;0;0;627780000725;$280.00;$489.99
IDATALINK;KITEXP1;DASKH KIT;ADV;Maestro Ford Explorer 2011-19 W/ 4.3 sc;1;1;0;0;0;;;$248.00;$429.99
IDATALINK;KITEDG2;DASH KIT;ADV;kit for 2015-2020 ford edge;1;1;0;0;0;;627780004631;$177.00;$289.99
IDATALINK;KITDUR1;DASH KIT;ADV;Dash Kit Dodge Durango 2014-UP;1;1;0;0;0;;;$205.00;$369.99
IDATALINK;KITCHK1;DASH KIT;ADV;DASH KIT 2014 -UP JEEP CHEROKE;1;1;0;0;0;;627780001692;$160.00;$299.99
IDATALINK;KITCHA1;DASH KIT;ADV;2015-up Dodge and Chrysler 300;0;0;0;0;0;1;627780000008;$90.00;$179.99
IDATALINK;KITCAM1;DASH KIT;ADV;DASH KIT CAMARO 2010-15;1;1;0;0;0;2;627780003214;$200.00;$319.99
IDATALINK;KITC200;DASH KIT;ADV;Chrysler 200 2015-Up Integrated Kit;1;1;0;0;0;;627780002576;$105.00;$219.99
PRESTIGE;KITB;AL/RS;ALARM;TRANSPONDER INTERFACE;1;1;0;0;0;;;$13.00;$49.99
KICKER;KISLOC2;LOC;STANDARD;KICKER HI-LOW CONVERTER;8;8;0;0;0;152;;$20.00;$59.99
KICKER;KISLOC;LOC;STANDARD;Kicker Line Out Converter (KISLOC) 2-Cha;3;3;0;0;0;13; 713034088806;$17.00;$44.99
KICKER;KISLOAD4;ACCESSORY;;KICKER INTERFACE 25-OHM LOAD;1;1;0;0;0;2;;$25.00;$59.99
KICKER;KISL;RCA;;2 Ch Speaker to RCA Converter;4;4;0;0;0;19;818284467859;$9.00;$19.99
PAC;KIAK1266;DASH KIT;ADV;2016-2020 KIA OPTIMA Kit (SELECT MODELS);2;2;0;0;0;0;012339012661;$35.98;$59.99
PAC;KIAK1262;DASH KIT;STANDARD;DASH KIT KIA SOUL;1;1;0;0;0;;012339012623;$14.58;$29.99
PAC;KIAK1258;DASH KIT;STANDARD;DASH KIT KIA 2003-UP;1;1;0;0;0;;012339012586;$5.00;$29.99
PAC;KIAK1254;DASH KIT;STANDARD;KIA 2003-UP DASH KIT;1;1;0;0;0;;;$5.00;$29.99
PAC;KIAK1248;DASH KIT;STANDARD;DASH KIT 2-DIN KIA;2;2;0;0;0;1;012339012487;$10.17;$29.99
PAC;KIAK1246;DASH KIT;STANDARD;DASH KIT HYUNDAI/ KIA;1;1;0;0;0;2;012339012463;$11.53;$29.99
PAC;KIAK1245;DASH KIT;STANDARD;DASH KIT KIA OPTIMA 14-UP;2;2;0;0;0;5;012339012456;$20.96;$39.99
PAC;KIAK1242;DASH KIT;STANDARD;DASH KIT KIA 2003 - UP;1;1;0;0;0;;012339012425;$10.77;$29.99
PAC;KIAK1240;DASH KIT;STANDARD;DASH KIT KIA;1;1;0;0;0;2;012339012401;$20.37;$29.99
PAC;KIAK1239;DASH KIT;STANDARD;DASH KIT KIA 2011-UP;0;0;0;0;0;1;012339012395;$27.57;$49.99
KICKER;KI46;RCA;4CH;KICKER 4-CH RCA;3;3;0;0;0;11;;$25.00;$49.99
KICKER;KI26;RCA;2CH;KICKER 2-CH RCA;10;10;0;0;0;27;;$12.50;$29.99
KICKER;KI23;RCA;2CH;KICKER RCA 2-CH 10F;2;2;0;0;0;4;;$11.00;$24.99
KENWOOD;KHCR500B;SPKR;COAX;KENWOOD HEADPHONE;0;0;0;0;0;1;;$25.00;$49.99
KENWOOD;KFCXW1241HP;SUB;REG;eXcelon 12 Single 4-Ohm 500w RMS;1;1;0;0;0;;019048230195;$75.00;$179.99
KENWOOD;KFCXW1241;SUB;REG;KENWOOD EXCELON  12 SUB;1;1;0;0;0;9;019048230164;$60.00;$129.99
KENWOOD;KFCXW1221HP;SUB;REG;eXcelon 12 Single 2-Ohm 500w RMS;0;0;0;0;0;1;019048230188;$90.00;$179.99
KENWOOD;KFCXW1200F;SUB;THIN;KENWOOD 12 SHALLOW SUB;4;4;0;0;0;8;019048171450;$120.00;$239.99
KENWOOD;KFCXW1000F;SUB;THIN;KENWOOD 10 SHALLOW SUB;2;2;0;0;0;12;019048171474;$110.00;$219.99
KENWOOD;KFCXP6903C;SPKR;CMP;eXcelon 6x9 Component w/ 3.5 Mid-range;1;1;0;0;0;14;019048227058;$140.00;$279.99
KENWOOD;KFCXP6902C;SPKR;CMP;eXcelon 6x9 Component w/ 2.75 Mid-range;2;2;0;0;0;12;019048227065;$140.00;$279.99
KENWOOD;KFCX695;SPKR;COAX;eXcelon 6 x 9 Coaxial Speaker;5;5;0;0;0;1;;$110.00;$219.99
KENWOOD;KFCX683C;SPKR;COAX;KENWOOD 6X8 / 2-WAY;4;4;0;0;0;17;019048186973;$75.00;$149.99
KENWOOD;KFCX463C;SPKR;COAX;KENWOOD EXCELON 4X6 2-WAY;5;5;0;0;0;13;019048186980;$60.00;$119.99
KENWOOD;KFCX3C;SPKR;COAX;KENWOOD 3.5 MID RANGE;1;1;0;0;0;21;019048227072;$50.00;$99.99
KENWOOD;KFCX2C;SPKR;COAX;KENWOOD 2.75 MID RANGE;2;2;0;0;0;11;019048227089;$50.00;$99.99
KENWOOD;KFCX183C;SPKR;COAX;KENWOOD 7 SPEAKER 2-WAY;1;1;0;0;0;1;019048193360;$85.00;$169.99
KENWOOD;KFCX175;SPKR;COAX;eXcelon 6.5 Coaxial Speaker;7;7;0;0;0;4;;$75.00;$149.99
KENWOOD;KFCX135;SPKR;COAX;eXcelon 5.25 Coaxial Speaker;0;0;0;0;0;;;$75.00;$149.99
KENWOOD;KFCP710PS;SPKR;CMP;KENWOOD 6.5 COMPONENT;3;3;0;0;0;17;019048216960;$90.00;$179.99
KENWOOD;KFCC6866S;SPKR;COAX;6x8 2-Way Speaker, 250W Max Power;1;1;0;0;0;5;019048223074;$45.00;$89.99
KENWOOD;KFC6966S;SPKR;COAX;6 x 9 3-Way Speaker;5;5;0;0;0;27;019048223104;$45.00;$99.99
KENWOOD;KFC1666S;SPKR;COAX;6-1/2 2-way Speaker, 300W Max Power;5;5;0;0;0;53;019048222879;$30.00;$69.99
KENWOOD;KFC1653MRW;MARINE;SPKR;KENWOOD MARINE 6.5 2-WAY;3;3;0;0;0;1;019048210340;$75.00;$149.99
KENWOOD;KDCX705;RADIO;CD;CD / BT /USB/ ALEXA / 3-RCA 5V;1;1;0;0;0;-1;019048233806;$165.00;$229.99
KENWOOD;KDCX305;RADIO;CD;CD / BT /USB/ ALEXA / 3-RCA 5V;4;4;0;0;0;38;019048233646;$144.00;$199.99
ALPINE;KCU461IV;ACCESSORY;;ALPINE IPOD CABLE AV;1;1;0;0;0;;;$18.00;$39.99
KENWOOD;KCARC55MR;MARINE;RADIO;KENWOOD MARINE LCD REMOTE;0;0;0;0;0;;019048198471;$108.00;$179.99
KENWOOD;KCARC35MR;MARINE;ACCESSORY;KENWOOD MARINE REMOTE;1;1;0;0;0;1;019048198464;$66.00;$109.99
KENWOOD;KCAMH100;ACCESSORY;;KENWOOD / JVC  MHL CABLE;1;1;0;0;0;;019048206749;$24.50;$29.99
KENWOOD;KCAIP302;ACCESSORY;;KENWOOD IPOD CABLE;1;1;0;0;0;;;$30.00;$49.99
KENWOOD;KCAIP202;ACCESSORY;;KENWOOD & PIONEER IPOD CABLE;1;1;0;0;0;;019048193254;$24.50;$29.99
KENWOOD;KCAHD200;ACCESSORY;2DIN;HDMI (Type-A) to micro HDMI (Type-D) Cab;2;2;0;0;0;;;$45.00;$79.99
KENWOOD;KB2016;ACCESSORY;MIC;KENWOOD BLUETOOTH MIC;2;2;0;0;0;9;;$15.00;$29.99
KENWOOD;KACM5024BT;MARINE;AMP;Compact Bluetooth 4-Ch Marine Amp;1;1;0;0;0;;;$252.00;$419.99
JVC;JVC16009;HARNESS;STANDARD;JVC 2009-UP HARNESS;0;0;0;0;0;2;;$1.69;$19.99
PAC;JSB446;DASH KIT;STANDARD;SPEAKER ADAPTER 4/4X6 JEEP;1;1;0;0;0;;012339004468;$7.00;$29.99
METRA;JP1019;ACCESSORY;ADAPTER;Soundbar Adapter Jeep® Wrangler and Glad;2;2;0;0;0;-1;086429437337;$104.59;$184.99
METRA;JP1016;ACCESSORY;ADAPTER;Jeep Overhead Soundbar Adapter 6 x 9;1;1;0;0;0;1;086429425679;$59.06;$94.99
METRA;JP1015;ACCESSORY;ADAPTER;Jeep WranJL/Gladia Roll Bar 6.5 Adapter;1;1;0;0;0;3;086429406142;$100.76;$144.99
METRA;JP1014;ACCESSORY;ADAPTER;WranglerJL 2018+ Gladiator 2020+ 6.5 Pod;1;1;0;0;0;5;086429394333;$47.45;$79.99
JENSEN;JLINKUSB;ACCESSORY;;JENSEN / PHASE IPOD CABLE;2;2;0;0;0;;043258304551;$18.00;$39.99
LINKSWELL;JDCAMADPT19;HARNESS;CAM;2018-2021 Jeep JL/2019 RAM CAM ADAPTER;1;1;0;0;0;;;$105.00;$189.99
JL AUDIO;JD5001;AMP;MONO;Monoblock Class-D 500W RMS Amplifier;2;2;0;0;0;4;699440983624;$182.00;$279.99
JL AUDIO;JD4004;AMP;4CH;4 Ch. Class D Full-Range Amplifier, 400W;2;2;0;0;0;2;699440983617;$182.00;$279.99
JL AUDIO;JD10001;AMP;MONO;Monoblock Class-D 1000W RMS Amplifier;5;5;0;0;0;7;699440983631;$260.00;$399.99
JBL;JBLPWSRALLYBAR;ATV;SPKR;21 Powersports Rallybar with LED;2;2;0;0;0;;050036395694;$400.00;$799.99
JBL;JBLBASSPROHUBAM;ENCLOSURE;POWERED;11  Fiberglass Woofer Cone With Rubber;1;1;0;0;0;1;;$260.75;$499.99
JENSEN;J6520;SPKR;COAX;6.5 Coaxial 2-way Speakers;2;2;0;0;0;2;;$21.00;$59.99
STINGER;IX210;SCREEN;TESLA;10.1 WIRELESS CP/AA FLOATING M-MEDIA;0;0;0;0;0;;609098906531;$999.70;$1,199.00
PAC;IWH990;HARNESS;STANDARD;HARNESS UNIVERSAL IMPORTS;7;7;0;0;0;;;$2.00;$21.99
SCOSCHE;ITCFD05B;DASH KIT;ADV;DASH KIT MUSTANG 15-UP W/4.2;0;0;0;0;0;;;$301.00;$499.99
SCOSCHE;ITCFD01B;DASH KIT;ADV;DASH KIT MUSTANG 2010-2014;1;1;0;0;0;1;;$190.00;$399.99
SCOSCHE;ITCCR07B;DASH KIT;ADV;2015-20 Dodge Charger KIT/ HARNESS;1;1;0;0;0;;;$280.00;$449.99
SCOSCHE;ITCCR06B;DASH KIT;ADV;2015-UP DODGE CHALENGER KIT/HARNESS;1;1;0;0;0;0;;$280.00;$449.99
FOCAL;ISU570;SPKR;CMP;5 X 7  2-Way Component Kit, Rms: 60W -;2;2;0;0;0;5;044476052248;$195.00;$389.99
FOCAL;ISTOY690;SPKR;CMP;2-Way 6 X 9 Component Kit For Toyota;1;1;0;0;0;3;3544054750711;$220.00;$439.99
FOCAL;ISTOY165TWU;SPKR;CMP;2-Way 6.5 Component Kit for Toyota;2;2;0;0;0;-2;;$200.00;$399.99
ISIMPLE;ISMJ73BK;ACCESSORY;;ISIMPLE 3.5MM AUX EXTENSION;0;0;0;0;0;;;$5.00;$17.99
ISIMPLE;ISMJ214B;ACCESSORY;;ISIMPLE 3.5MM TO RCA;0;0;0;0;0;3;;$6.00;$17.99
FOCAL;ISFORD690;SPKR;CMP;2-Way 6X9 Component Kit For Ford;1;1;0;0;0;4;044476130793;$220.00;$439.99
FOCAL;ISFORD165;SPKR;CMP;2-Way 6.5 Component Kit For Ford;2;2;0;0;0;;044476112669;$220.00;$389.99
ISIMPLE;ISFM2381;ACCESSORY;;ISIMPLE BT W/AUDIO STREAMING;1;1;0;0;0;4;609098829595;$165.74;$219.99
ISIMPLE;ISFM2351;ACCESSORY;;BLUETOOTH HANDS FREE KIT W/AUDIO;0;0;0;0;0;6;609098812573;$111.68;$189.99
ISIMPLE;IS335;ACCESSORY;;ISIMPLE AUX INPUT ADAPTER;0;0;0;0;0;2;609098801522;$20.17;$24.99
ISIMPLE;IS32;ACCESSORY;;ISIMPLE AUX KIT AND USB;1;1;0;0;0;2;609098803236;$50.00;$99.99
ISIMPLE;IS31;ACCESSORY;;ISIMPLE FM MODLATOR;1;1;0;0;0;;;$21.00;$49.99
INFINITY;INFPWSKP3002AAM;AMP;4CH;MOTOR SPORT 150W X 2-CH @ 2-OHM;1;1;0;0;0;1;050036395366;$175.00;$349.99
ALPINE;ILXW670;SCREEN;2DIN;Alpine  7 Shallow-Chassis Digit;3;2;0;1;0;-1;793276085566;$217.00;$299.99
ALPINE;ILXF511;SCREEN;1DIN;11 Apple Carplay/Android Auto;0;0;0;0;0;1;793276084361;$932.00;$1,399.95
ALPINE;ILXF509;SCREEN;1DIN;Halo Media Player 1-Din w/ Carplay & AA;2;2;0;0;0;2;793276084378;$786.00;$1,199.95
PAC;IGN3;HARNESS;ADV;Ignition Module For CAN-BUS Vehicles;2;2;0;0;0;0;609098829359;$19.28;$39.99
PAC;IGN1;ACCESSORY;;PAC IGNITION POWER MODULE;0;0;0;0;0;2;;$16.00;$39.99
FOCAL;ICTOY165;SPKR;COAX;2-Way 6.5 Coaxial Kit For Toyota;1;1;0;0;0;3;044476112652;$195.00;$389.99
FOCAL;ICFORD690;SPKR;COAX;2-Way 6X9 Coaxial Kit For Ford;3;3;0;0;0;-1;044476112621;$175.00;$349.99
FOCAL;ICFORD165;SPKR;COAX;2-Way 6.5 Coaxial Kit For Ford;1;1;0;0;0;4;044476052224;$195.00;$389.99
POWER ACOUSTIK;IC2;ACCESSORY;;POWER ACOUSTIK IPOD CABLE;2;2;0;0;0;0;;$25.00;$49.99
INSTALLBAY;IBWTH12;HARNESS;STANDARD;Water Resistant Connectors 12 Gauge - Ea;2;2;0;0;0;6;086429363919;$2.20;$14.99
INSTALLBAY;IBR93;ACCESSORY;ELEC;Voltmeter with Current Blue LED Round;1;1;0;0;0;1;086429358564;$15.00;$29.99
INSTALLBAY;IBR85;ACCESSORY;CHARGER;Dual USB Charger 4.2 Amp Flush Mount - R;2;2;0;0;0;2;086429351664;$12.00;$29.99
INSTALLBAY;IBR52;ACCESSORY;FUSE HOLDER;ANL/MANL FUSE HOLDER - NICKEL;11;11;6;0;0;124;086429302871;$8.00;$29.99
INSTALLBAY;IBR51;ACCESSORY;FUSE HOLDER;MINI ANL FUSE HOLDER;4;4;0;0;0;49;086429302864;$3.00;$21.99
METRA;IBR136;ACCESSORY;ADAPTER;USB A 3.0 Female To USB A Male 3.0 1 Ft.;4;3;0;1;0;32;086429430758;$5.00;$24.99
METRA;IBR135;ACCESSORY;ADAPTER;USB Type C Male To USB A Female 3.0 1 Ft;2;2;0;0;0;2;086429430741;$6.50;$24.99
MISC;IBMS150;ACCESSORY;;MAGNETIC SWITCH;2;2;0;0;0;;;$3.89;$24.99
AXXESS;IBLR360;ACCESSORY;RESISTOR;60 Ohm Load Resistor - pair;2;2;0;0;0;; 086429404230;$16.00;$34.99
AXXESS;IBLR220;ACCESSORY;RESISTOR;20 Ohm Load Resistor - pair;2;2;0;0;0;1;086429404223;$13.00;$29.99
AXXESS;IBLR139;ACCESSORY;RESISTOR;39 Ohm Load Resistor - pair;2;2;0;0;0;; 086429404216;$12.00;$29.99
MISC;IBHS1;ACCESSORY;;SINGLE SEAT HEATER INSTALLED;2;2;0;0;0;;;$50.00;$295.00
ALPINE;I509WRAJL;SCREEN;2DIN;9 JEEP WRANGLER JL/GLADRIATOR JT 2018+;0;0;0;0;0;;793276084392;$1,458.00;$2,399.95
ALPINE;I509WRAJK;SCREEN;2DIN;9 JEEP WRANGLER JK 2011-2018;0;0;0;0;0;;793276084385;$1,338.00;$2,199.95
PAC;HYNK1416;DASH KIT;STANDARD;DASH KIT HYUNDAI 96-06;2;2;0;0;0;1;;$15.77;$29.99
PAC;HYNK1144;DASH KIT;STANDARD;DASH KIT 11-13 ELENTRA;1;1;0;0;0;2;012339011442;$23.97;$39.99
PAC;HYNK1142;DASH KIT;STANDARD;DASH KIT HYUNDAI 07-UP;1;1;0;0;0;1;012339011428;$19.66;$29.99
PAC;HYNK1138;DASH KIT;STANDARD;DASH KIT HYUNDAI SONATA 09-UP;1;1;0;0;0;1;012339011381;$9.62;$29.99
PAC;HYNK1137;DASH KIT;STANDARD;DASH KIT HYUNDAI SONATA 06 DD;1;1;0;0;0;1;012339011374;$26.29;$34.99
PAC;HYNK1136;DASH KIT;STANDARD;DASH KIT HYUNDAI SONATA 06;1;1;0;0;0;1;012339011367;$13.94;$29.99
PAC;HYNK1134;DASH KIT;STANDARD;DASH KIT 07-08 HYUNDAI/ELENTRA;2;2;0;0;0;;012339011343;$10.77;$29.99
PAC;HYNK1132;DASH KIT;STANDARD;DASH KIT 06 AZERA/07 SANTA FE;1;1;0;0;0;;;$7.00;$29.99
PAC;HYNK1130;DASH KIT;STANDARD;DASH KIT HYUNDAI SANTE FE;1;1;0;0;0;2;012339011305;$13.17;$29.99
PAC;HYNK1124;DASH KIT;STANDARD;DASH KIT 05-08 HYUNDAI TUCSON;1;1;0;0;0;;012339011244;$16.11;$29.99
PAC;HYNK1122;DASH KIT;STANDARD;DASH KIT 2-DIN HYN / KIA;1;1;0;0;0;4;012339011220;$13.76;$29.99
PAC;HYNK1120;DASH KIT;STANDARD;DASH KIT HYUNDAI ACCENT 06-08;1;1;0;0;0;2;012339011206;$10.76;$29.99
PAC;HYNK1119;DASH KIT;STANDARD;DASH KIT HYUNDAI /KIA DD;1;1;0;0;0;4;012339011190;$10.17;$29.99
PAC;HYNK1118;DASH KIT;STANDARD;DASH KIT HYUNDAI;1;1;0;0;0;1;012339011183;$10.17;$29.99
PAC;HYNK1116;DASH KIT;STANDARD;DASH KIT HYUNDAI TIBURON;1;1;0;0;0;;012339011169;$14.16;$29.99
PAC;HYNK1114;DASH KIT;STANDARD;DASH KIT HYUNDAI TIBURON 99-02;2;2;0;0;0;;;$6.00;$29.99
PAC;HYNK1112;DASH KIT;STANDARD;DASH KIT SONATA 99-;2;2;0;0;0;;;$8.96;$29.99
PAC;HYNK1110;DASH KIT;STANDARD;DASH KIT HYUNDAI ACCENT 02;1;1;0;0;0;;012339011107;$7.77;$29.99
PAC;HYNK1109;DASH KIT;STANDARD;DASH KIT HYUNDIA ACCENT 00-01;1;1;0;0;0;;012339011091;$7.77;$29.99
SCOSCHE;HY1629B;DASH KIT;ADV;DASH KIT SCOSCHE VERACRUZ;1;1;0;0;0;;;$44.00;$89.99
SCOSCHE;HY1623B;DASH KIT;STANDARD;DASH KIT ELENTRA TOURING;0;0;0;0;0;1;;$8.00;$29.99
SCOSCHE;HY1612B;DASH KIT;STANDARD;DASH KIT HYUNDIA SANTE FE;0;0;0;0;0;;;$9.00;$29.99
METRA;HWH807;HARNESS;STANDARD;Harness Honda;1;1;0;0;0;;;$2.00;$23.99
PAC;HWH1103;HARNESS;STANDARD;HARNESS HYUNDAI / KIA;1;1;0;0;0;;;$1.60;$23.99
PAC;HSB524;ACCESSORY;ADAPTER;6.5 Speaker Adapter Honda 06-11;4;4;0;0;0;17;012339005243;$8.37;$24.99
PAC;HSB518;ACCESSORY;ADAPTER;Honda Speaker Adpaters for 5.25 or 6.5;2;2;0;0;0;3;012339005182;$6.57;$24.99
IDATALINK;HRNRRHO2;HARNESS;ADV;Maestro Honda T-Harness;1;1;0;0;0;;627780002514;$51.00;$79.99
IDATALINK;HRNRRHO1;HARNESS;ADV;IDATA MAESTRO HONDA T-HARNESS;1;1;0;0;0;1;627780001470;$25.00;$59.99
IDATALINK;HRNRRGM4;HARNESS;ADV;IDATA MAESTRO GM T-HARNESS;0;0;0;0;0;1;627780001319;$35.00;$59.99
IDATALINK;HRNRRGM3;HARNESS;ADV;IDATA MAESTRO GM T-HARNESS;2;2;0;0;0;4;627780000671;$50.00;$89.99
IDATALINK;HRNRRFO3;HARNESS;ADV;T-Harness for Select Ford Models;1;1;0;0;0;;;$21.00;$49.99
IDATALINK;HRNRRFO2;HARNESS;ADV;IDATA MAESTRO FORD T-HARNESS;1;1;0;0;0;2;627780006130;$30.00;$59.99
IDATALINK;HRNRRCH2;HARNESS;STANDARD;Plug & Play Harness For Chrysler  Dodge;1;1;0;0;0;-1;627780005294;$32.00;$59.99
IDATALINK;HRNHRRTO3;HARNESS;ADV;T-Harness for 2018+ Toyota Vehicles;1;1;0;0;0;;;$39.00;$79.99
IDATALINK;HRNHRRTO2;HARNESS;ADV;T-Harness for 2012-2021 Toyota Vehicles;1;1;0;0;0;1;;$48.00;$89.99
IDATALINK;HRNHRRSU3;HARNESS;ADV;iDatalink Maestro HRN-HRR-SU3;1;1;0;0;0;;;$40.00;$89.99
IDATALINK;HRNHRRSU2;HARNESS;ADV;Maestro Harness for 2012-21 Subaru;1;1;0;0;0;;627780004198;$42.75;$99.99
IDATALINK;HRNHRRHK3;HARNESS;ADV;T-harness 2015 up Hyundai and Kia;1;1;0;0;0;;;$45.00;$89.99
IDATALINK;HRNHRRGM5;HARNESS;ADV;iDatalink Maestro  GM T-HAR;1;1;0;0;0;;;$53.00;$89.99
IDATALINK;HRNHRRCH3;HARNESS;ADV;T-Harness for 2013+ Chrysler, Dodge, Jee;2;2;0;0;0;3;;$39.00;$79.99
IDATALINK;HRNHRRCH1;HARNESS;ADV;;1;1;0;0;0;;627780003986;$23.75;$49.99
IDATALINK;HRNAVCH1;HARNESS;CAM;IDATA MEASTRO AV / CAMERA;0;0;0;0;0;;627780005485;$22.00;$43.99
IDATALINK;HRNARTO2;HARNESS;STANDARD;MAESTRO AMP HARNESS DSR1;1;1;1;0;0;;627780002545;$23.00;$49.99
IDATALINK;HRNARLI1;HARNESS;ADV;IDATA MAESTRO FORD T-HARNESS;1;1;0;0;0;;;$40.00;$69.99
IDATALINK;HRNARFO3;HARNESS;ADV;iDatalink Maestro HRN-AR-FO3;0;0;0;0;0;;;$30.00;$66.99
IDATALINK;HRNARFO2;HARNESS;ADV;MAESTRO AMP HARNESS DSR1;1;1;1;0;0;;627780001494;$35.00;$66.99
IDATALINK;HRNARCH4;HARNESS;ADV;MAESTRO AMP HARNESS DSR1;2;2;1;0;0;;627780002354;$35.00;$66.99
IDATALINK;HRNARCH2;HARNESS;STANDARD;MAESTRO AMP HARNESS DSR1;1;1;1;0;0;;627780001456;$22.00;$59.99
LABOR;HRM;LABOR;VIDEO;HEADREST MONITOR;0;0;0;0;0;;;$0.00;$350.00
PAC;HONK854L;DASH KIT;ADV;DASH KIT HONDA TAUPE;1;1;0;0;0;;012339085429;$42.00;$89.99
PAC;HONK854D;DASH KIT;ADV;DASH KIT HONDA  1&2 DIN;1;1;0;0;0;;012339085412;$65.95;$89.99
PAC;HONK852L;DASH KIT;ADV;DASH KIT ACCORD 08-12 DUAL AC;1;1;0;0;0;1;012339085221;$48.58;$89.99
PAC;HONK852D;DASH KIT;ADV;DASH KIT ACCORD 08-12;1;1;0;0;0;5;012339085214;$48.58;$89.99
PAC;HONK850GB;DASH KIT;STANDARD;DASH KIT HONDA FIT 2015-UP;1;1;0;0;0;;012339008503;$27.57;$49.99
PAC;HONK848S;DASH KIT;ADV;DASH KIT HONDA FIT 09-13;1;1;0;0;0;;012339084811;$23.97;$59.99
PAC;HONK842GB;DASH KIT;STANDARD;DASH KIT HONDA CIVIC 16-UP;1;1;0;0;0;2;012339008428;$23.97;$49.99
PAC;HONK840;DASH KIT;STANDARD;DASH KIT HONDA CIVIC 12-UP;1;1;0;0;0;1;012339008400;$34.76;$44.99
PAC;HONK839;DASH KIT;STANDARD;DASH KIT HONDA CIVIC;1;1;0;0;0;;;$15.00;$39.99
PAC;HONK838L;DASH KIT;ADV;DASH KIT HONDA CIVIC 06-UP;1;1;0;0;0;;012339083821;$32.96;$59.99
PAC;HONK838D;DASH KIT;ADV;Honda Civic Kit 06-11 Gun Metallic;1;1;0;0;0;3;012339083814;$32.96;$59.99
PAC;HONK837;DASH KIT;STANDARD;DASH KIT HONDA CIVIC 1-Din;1;1;0;0;0;;012339008374;$34.76;$59.99
PAC;HONK836;DASH KIT;STANDARD;DASH KIT HONDA Ridgeline;1;1;0;0;0;5;012339008367;$30.11;$49.99
PAC;HONK835;DASH KIT;STANDARD;DASH KIT HONDA ODYSSEY;1;1;0;0;0;;012339008350;$17.37;$29.99
PAC;HONK834;DASH KIT;STANDARD;DASH KIT 07-08 HON ELE/DBLDIN;1;1;0;0;0;;012339008343;$10.17;$29.99
PAC;HONK832;DASH KIT;STANDARD;DASH KIT 07-08 HONDA ELEMENT;1;1;0;0;0;;012339008329;$11.13;$29.99
PAC;HONK831;DASH KIT;STANDARD;DASH  KIT HONDA 2-DIN;1;1;0;0;0;1;012339008312;$10.17;$29.99
PAC;HONK830;DASH KIT;STANDARD;DASH KIT HONDA 2-DIN;1;1;0;0;0;4;012339008305;$15.84;$29.99
PAC;HONK828;DASH KIT;STANDARD;DASH KIT 86-UP HONDA/ACURA;0;0;0;0;0;13;012339008282;$14.71;$29.99
PAC;HONK825H;DASH KIT;ADV;DASH KIT ACCORD CONSOLE 2-DIN;1;1;0;0;0;2;012339008251;$26.37;$59.99
PAC;HONK823H;DASH KIT;ADV;DASH KIT ACCORD 03-06;1;1;0;0;0;5;012339008237;$20.96;$59.99
PAC;HONK819;DASH KIT;STANDARD;DASH KIT 12-14 HONDA CRV;1;1;0;0;0;2;012339008190;$20.96;$29.99
PAC;HONK817;DASH KIT;STANDARD;DASH KIT 07-11 HONDA/CRV;1;1;0;0;0;2;012339008176;$15.56;$29.99
PAC;HONK814;DASH KIT;STANDARD;DASH KIT 03 / HONDA PILOT;1;1;0;0;0;;012339008145;$10.17;$29.99
BEST KIT;HONK813;DASH KIT;STANDARD;2016 - 2021 HONDA HR-V;0;0;0;0;0;;;$26.37;$39.99
PAC;HONK810;DASH KIT;STANDARD;DASH KIT 01-05 H CIVIC D-DIN;1;1;0;0;0;3;012339008107;$8.97;$29.99
PAC;HONK809;DASH KIT;STANDARD;DASH KIT 01-UP CIVIC;1;1;0;0;0;3;012339008091;$10.17;$29.99
PAC;HONK808;DASH KIT;STANDARD;DASH KIT 96-UP CIVIC;1;1;0;0;0;1;012339008084;$5.98;$29.99
JL AUDIO;HO112W6V3;ENCLOSURE;LOADED;H.O Wedge(TM)-One 12W6v3-D4-Ported;1;1;0;0;0;1;699440933155;$720.00;$1,199.99
JL AUDIO;HO112RW7AE;ENCLOSURE;LOADED;H.O Wedge(TM)-One 12W7AE-3 Ported/Built;0;0;0;0;0;2;699440932769;$1,140.00;$1,899.99
JL AUDIO;HO112RGW3V3;ENCLOSURE;LOADED;H.O Wedge(TM)-One 12W3v3-Ported/Built in;0;0;0;0;0;;699440931366;$480.00;$799.99
LABOR;HLC;LABOR;LOC;HI-LO CONVERTER;100;96;0;4;0;;;$0.00;$95.00
PAC;HKSB110;ACCESSORY;ADAPTER;Hyundai/Kia 6.5/6.75 Speaker Adapter;0;0;0;0;0;2;012339001108;$11.40;$24.99
LABOR;HID;LABOR;;HID OR LED KIT;0;0;0;0;0;;;$0.00;$95.00
HEISE;HECLLBK;LIGHTS;LED;HEISE 3X3 CUBE BLACK COVER;2;2;0;0;0;;;$4.00;$8.99
HEISE;HECL3;LIGHTS;LED;HEISE 3X3 CUBE 6-LED;2;2;0;0;0;;;$42.00;$79.99
SCOSCHE;HDWS1B;DASH KIT;STANDARD;SCOSCHE HARLEY 96-13 CD COVER;0;0;0;0;0;1;;$15.00;$29.99
JL AUDIO;HDRLC;ACCESSORY;KNOB;Remote Level Control for HD Amplifiers;1;1;0;0;0;1;699440981187;$33.00;$54.99
MISC;HDMI;ACCESSORY;;HDMI CABLE 4 FEET;5;5;0;0;0;;;$6.00;$17.99
SCOSCHE;HDK001X;DASH KIT;ADV;DASH KIT / SWC HARLEY-DAVIDSON;0;0;0;0;0;5;609098817660;$75.00;$159.99
SOUNDSTREAM;HDHU14SI;MOTORCYCLE;RADIO; 2014-up Harley-Davidson Carplay/Andriod;0;0;0;0;0;;;$686.00;$995.00
LABOR;HD3;LABOR;SYSTEM;Harley-Davidson STAGE -3 KIT / FLASH;100;100;0;0;0;;;;$595.00
LABOR;HD2;LABOR;SYSTEM;Harley-Davidson STAGE -2 KIT / FLASH;200;200;0;0;0;;;;$450.00
SCOSCHE;HD14UDDBN;DASH KIT;ADV;SCOSCHE HARLEY DASH KIT 14-UP;2;2;0;0;0;;;$90.00;$179.99
SCOSCHE;HD14UBN;DASH KIT;ADV;SCOSCHE HARLEY 14-UP SWC/DIN;1;1;0;0;0;;;$115.00;$179.99
ROCKFORD;HD14STG3;MOTORCYCLE;KIT;HARLEY ROAD/STREET KIT 2014-UP;0;0;0;0;0;;780687362492;$1,250.00;$2,099.99
ROCKFORD;HD14STG2;MOTORCYCLE;KIT;HARLEY ROAD/STREET KIT 2014-UP;3;3;0;0;0;7;780687362485;$858.00;$1,449.99
ROCKFORD;HD14SBSUB;MOTORCYCLE;KIT;2014+ Harley Dual 10 Saddlebag Sub Kit;0;0;0;0;0;1;780687359669;$1,490.00;$2,499.99
LABOR;HD1;LABOR;;Harley-Davidson Stereo/Handlebar Control;50;50;0;0;0;;;;$295.00
BEST KIT;HA300;ANTENNA;EXTENSION;Universal Hideaway powered Antenna;4;3;0;1;0;11;012339803016;$19.50;$39.99
SCOSCHE;HA1558B;DASH KIT;ADV;DASHKIT HONDA FIT 07-08;1;1;0;0;0;;;$30.00;$59.99
HID;H4BI6KHL;LIGHTS;HID;HID HI/LOW  H4/NO WARRANTY;1;1;0;0;0;;;$60.00;$149.99
HID;H440W;LIGHTS;HID;HID H-4 LED NO WARRANTY;0;0;0;0;0;;;$80.00;$149.99
HID;H13BI6KHL;LIGHTS;HID;HID HI/LOW  H13/NO WARRANTY;3;3;0;0;0;;;$60.00;$149.99
HID;H116K;LIGHTS;HID;HID  KIT NO WARRANTY;2;2;0;0;0;;;$40.00;$99.99
HID;H1040W;LIGHTS;HID;HID LED 30-DAYS  WARRANTY;1;1;0;0;0;;;$80.00;$149.99
ECHOMASTER;GXE15;SAFETY;CAM;GX STYLE 49FT EXTENSION LEAD;2;2;0;0;0;;609098834506;$16.00;$49.99
PAC;GWH406HK;HARNESS;HARNESS;HARNESS 06-UP HARMON KARDON;5;5;0;0;0;2;;$3.50;$21.99
PAC;GWH404;HARNESS;STANDARD;HARNESS 04-UP GM;1;1;0;0;0;;012339804044;$2.89;$21.99
RAPTOR;GW15BK;SUB;GRILLE;GRILL 15 PAIR/ CLAMPS;3;3;0;0;0;;;$8.00;$24.99
RAPTOR;GW12BK;SUB;GRILLE;GRILL 12 PAIR/ CLAMPS;1;1;0;0;0;;;$5.00;$21.99
RAPTOR;GW10BK;SUB;GRILLE;GRILL 10 PAIR/ CLAMPS;0;0;0;0;0;1;;$4.50;$19.99
SUNDOWN AUDIO;GTR1;SPKR;TWT;Sundown Audio GTR1 Super Tweeter, 100;2;2;0;0;0;16;;$33.00;$69.99
LABOR;GPSR;LABOR;GPS;GPS TRACKING UN-INSTALL;0;0;0;0;0;;;$0.00;$50.00
LABOR;GPS;LABOR;GPS;GPS TRACKING INSTALLATION;0;0;0;0;0;;;$0.00;$75.00
PAC;GMSB356;ACCESSORY;ADAPTER;SPEAKER ADAPTER GM 06-12;11;9;0;2;0;122;012339356000;$6.57;$24.99
PAC;GMSB321;ACCESSORY;ADAPTER;SPEAKER ADAPTER 10-15 CAMARO;1;1;0;0;0;7;012339003218;$16.17;$29.99
PAC;GMSB306;ACCESSORY;ADAPTER;SPEAKER ADAPTER 2014-UP GM;2;2;0;0;0;8;012339306005;$17.37;$34.99
PAC;GMRVD;HARNESS;RSE;PAC REAR TV HARNESS;1;1;0;0;0;2;606523107013;$34.30;$44.99
PAC;GMP345;DASH KIT;STANDARD;DASH KIT CD GM POCKET;1;1;0;0;0;;012339034502;$13.76;$29.99
PAC;GMP333;DASH KIT;STANDARD;DASH KIT  POCKET;1;1;0;0;0;1;012339333001;$15.46;$34.99
AXXESS;GMOSMOST02;HARNESS;ADV;GM MOST Amplifier Interface 2014-Up;0;0;0;0;0;;;$245.00;$449.99
BEST KIT;GMK461;DASH KIT;ADV;2018-2021 CHEVROLET EQUINOX;1;1;0;0;0;;012339046109;$29.97;$59.99
BEST KIT;GMK460;DASH KIT;STANDARD;2016-2021 CHEVROLET MALIBU;1;1;0;0;0;;012339046000;$29.97;$59.99
PAC;GMK434;DASH KIT;STANDARD;DASHKIT GM;2;2;0;0;0;5;012339004345;$10.17;$29.99
PAC;GMK422;DASH KIT;STANDARD;GM 2-Din Kit 92-Up;8;8;0;0;0;100;012339004222;$8.37;$29.99
PAC;GMK420;DASH KIT;STANDARD;ISO Din w/ Pocket Dash Kit 94-01 [ GM ];2;2;0;0;0;40;012339004208;$10.76;$29.99
PAC;GMK419;DASH KIT;STANDARD;DASH KIT CHEVY AVEO DD 07-11;1;1;0;0;0;1;012339004192;$10.17;$29.99
PAC;GMK417;DASH KIT;STANDARD;2007-11 Aveo & 09 Pontiac G3 Dash Kit;1;1;0;0;0;2;012339004178;$12.57;$29.99
PAC;GMK411;DASH KIT;STANDARD;DASH KIT SATURN 95-99;0;0;0;0;0;2;012339004116;$10.77;$29.99
PAC;GMK407;DASH KIT;STANDARD;DASH KIT 92-00  [GM ];2;2;0;0;0;;012339004079;$8.23;$29.99
PAC;GMK405;DASH KIT;STANDARD;DASH KIT GEO/STYLS 90.93;1;1;0;0;0;;;$7.00;$29.99
PAC;GMK403;DASH KIT;STANDARD;DASH KIT GM 13-2016;1;1;0;0;0;6;012339004031;$17.37;$29.99
PAC;GMK396;DASH KIT;STANDARD;DASH KIT PONTIC / GM;1;1;0;0;0;;012339003966;$13.29;$29.99
PAC;GMK395;DASH KIT;STANDARD;DASH KIT PONTIAC DOUBLE DIN;1;1;0;0;0;9;012339003959;$10.17;$29.99
PAC;GMK394;DASH KIT;STANDARD;DASH KIT PONTIAC 04-08;1;1;0;0;0;4;012339003942;$19.89;$29.99
PAC;GMK382;DASH KIT;STANDARD;DASH KIT 06-13 GM/HUMMER;2;2;0;0;0;7;012339003829;$8.97;$29.99
PAC;GMK381;DASH KIT;STANDARD;DASH KIT GM 05-13;1;1;0;0;0;3;012339003812;$13.76;$29.99
PAC;GMK380;DASH KIT;STANDARD;DASH KIT 05 / GM;1;1;0;0;0;1;;$14.00;$29.99
PAC;GMK367B;DASH KIT;STANDARD;DASH KIT CHEVY CRUZE 2011-UP;1;1;0;0;0;2;012339036704;$31.16;$49.99
PAC;GMK352;DASH KIT;STANDARD;DASH KIT GM 2-DIN;2;2;0;0;0;15;012339003522;$8.97;$29.99
PAC;GMK350;DASH KIT;STANDARD;DASH KIT GM 04-UP;1;1;0;0;0;14;012339003508;$10.17;$29.99
PAC;GMK346TB;DASH KIT;ADV;Full Bezel 2-Din Kit 99-02 GM Trucks;0;0;0;0;0;;012339003461;$187.75;$299.99
PAC;GMK345;DASH KIT;STANDARD;DASH KIT 95-UP FULL;2;2;0;0;0;54;012339003454;$9.58;$29.99
PAC;GMK343;DASH KIT;STANDARD;DASH KIT 2-DIN GM 1995-2002;2;2;0;0;0;23;012339003430;$11.98;$29.99
PAC;GMK333;DASH KIT;STANDARD;DASH KIT 88 - 94  [GM];1;1;0;0;0;3;012339003331;$14.51;$29.99
PAC;GMK327;DASH KIT;ADV;2015-2020 GM Suburban / Tahoe / Yukon;2;2;0;0;0;2;012339003270;$31.16;$59.99
PAC;GMK323P;DASH KIT;STANDARD;DASH KIT CAMARO;1;1;0;0;0;;012339003232;$7.77;$29.99
PAC;GMK318;DASH KIT;STANDARD;DASH KIT GM 2006 UP;10;9;0;1;0;138;012339003188;$11.04;$29.99
PAC;GMK317;DASH KIT;STANDARD;GM 2006-2020 Single/Double Din Kit;5;5;0;0;0;33;012339031709;$11.04;$29.99
PAC;GMK315B;DASH KIT;STANDARD;DASH KIT 2012-UP CHEVY SONIC;1;1;0;0;0;1;012339031532;$34.76;$44.99
PAC;GMK313;DASH KIT;STANDARD;DASH KIT CHEVY SPARK 2012-UP;1;1;0;0;0;1;012339031303;$31.16;$39.99
PAC;GMK265;DASH KIT;ADV;DASH KIT 07-14 ESCALADE;1;1;0;0;0;4;012339002655;$41.38;$59.99
PAC;GMK260;DASH KIT;STANDARD;DASH KIT 96-03 DEVILLE;3;3;0;0;0;;012339002600;$18.57;$29.99
PAC;GMK236;DASH KIT;ADV;DASH KIT CADILLAC/03-06;1;1;0;0;0;;012339002365;$20.96;$59.99
PAC;GMK210;DASH KIT;STANDARD;DASH KIT BUICK REGAL;0;0;0;0;0;;012339002105;$10.17;$29.99
CARTUNES;GMFD;SUB;REG;GM FORD DODGE;100;100;0;0;0;;;$1.00;$500.00
PIONEER;GMDX971;AMP;MONO;PIONEER CLASS D AMP 2400W;0;0;0;0;0;12;884938421850;$272.20;$469.99
PIONEER;GMDX874;AMP;4CH;Bridgeable 4-CH Amp 1200W;0;0;0;0;0;2;884938421843;$191.10;$329.99
PIONEER;GMDX871;AMP;MONO;PIONEER CLASS-D AMP 1600W;4;4;0;0;0;9;884938421836;$179.50;$309.99
PIONEER;GMD1004;AMP;4CH;GM-D1004 4-channel amplifier will power;0;0;0;0;0;4;884938265652;$102.42;$179.99
STINGER;GMBATT;ACCESSORY;HARDWARE;STINGER SIDE POST BATT;0;0;0;0;0;7;;$4.00;$12.99
PAC;GM6ARST;HARNESS;ADV;Interface for Select 2014-2019 GM;1;1;0;0;0;2;609098905169;$210.90;$339.00
SCOSCHE;GM5216B;DASH KIT;ADV;2010-Up Chevrolet Equinox / Terrain Kit;1;1;0;0;0;1;033991054622;$98.00;$149.99
PAC;GM4;DASH KIT;STANDARD;DASH KIT GM 74-UP;1;1;1;0;0;20;609098032162;$8.00;$29.99
PAC;GM3ARSTX;HARNESS;ADV;HARNESS GM INTERFACE/SWC;1;1;0;0;0;5;609098829076;$173.37;$299.00
PAC;GM1ARS;HARNESS;ADV;PAC GM RadioPro Advance Harness w/ SWC;1;1;0;0;0;17;609098826983;$137.58;$249.00
PAC;GM1AR;HARNESS;ADV;RadioPRO Advanced Interface for GM;2;2;0;0;0;22;609098826976;$70.10;$149.00
SCOSCHE;GM1524B;DASH KIT;STANDARD;DASH KIT BUICK 05-UP;0;0;0;0;0;;;$15.00;$29.99
HIFONICS;GE20001D;AMP;MONO;HIFONICS CLASS-D 2000W @1-OHM;0;0;0;0;0;;;$160.00;$299.99
PAC;FWH597;HARNESS;STANDARD;HARNESS TO FACTORY 98+;1;1;0;0;0;;;$2.00;$23.99
PAC;FWH593;HARNESS;STANDARD;HARNESS FACTORY RADIO;2;2;0;0;0;;;$2.00;$23.99
PAC;FWH55XT;HARNESS;ADV;FORD/ LINCOLN/ MERC Amp and Antenna 17';0;0;0;0;0;;012339805508;$38.78;$69.99
LABOR;FVC;LABOR;CAMERA;FRONT VIEW CAM/ MIRR;0;0;0;0;0;;;$0.00;$250.00
LABOR;FSP;LABOR;SPEAKER;FRONT SPEAKER;0;-1;0;1;0;;;$0.00;$95.00
PAC;FSB1502;ACCESSORY;ADAPTER;SPEAKER ADAPTER 6.5;4;4;0;0;0;21;012339015020;$13.17;$29.99
PAC;FSB1501;ACCESSORY;ADAPTER;Ford Speaker Adapter from 6X9 to 6.5;2;2;0;0;0;3;012339015013;$16.17;$29.99
FOCAL;FPX51200;AMP;5CH;5-Ch Amp 4 x 120W + 1 x 720W at 2 Ohms;1;1;0;0;0;1;033991068803;$500.00;$999.99
FOCAL;FPX4800;AMP;4CH;Focal 4-Channel Amp;0;0;0;0;0;1;3544057750541;$420.00;$839.99
FOCAL;FPX11000;AMP;MONO;Focal 1-Ch Amp 1000W;1;1;0;0;0;;;$420.00;$839.99
PAC;FMK578;DASH KIT;ADV;DASH KIT/2000-UP/FORD;0;0;0;0;0;;012339005786;$83.36;$149.99
PAC;FMK574;DASH KIT;ADV;DASH KIT/96-99/FORD;0;0;0;0;0;;012339005748;$88.27;$79.99
PAC;FMK570;DASH KIT;ADV;DASH KIT/97-UP/FORD;0;0;0;0;0;;012339005700;$62.64;$79.99
PAC;FMK568;DASH KIT;ADV;DASH KIT FORD FOCUS 08-UP;2;2;0;0;0;;012339005687;$52.16;$69.99
PAC;FMK566;DASH KIT;STANDARD;DASH KIT 98-04 FORD  MERCURY;1;1;0;0;0;2;012339005663;$5.98;$29.99
PAC;FMK565;DASH KIT;STANDARD;DASH KIT 99-01 FOCUS+C;1;1;0;0;0;2;012339005656;$10.17;$29.99
PAC;FMK560;DASH KIT;STANDARD;DASH KIT 89-92;2;2;0;0;0;;;$5.00;$29.99
PAC;FMK559;DASH KIT;STANDARD;DASH KIT FORD TRNASIT 10-UP;2;2;0;0;0;;012339005595;$15.32;$29.99
PAC;FMK554;DASH KIT;STANDARD;DASH KIT FORD DU DIN;2;2;0;0;0;7;012339005540;$9.58;$29.99
PAC;FMK552;DASH KIT;STANDARD;FORD 2-DIN DASH KIT;2;1;2;1;0;45;012339552006;$8.37;$29.99
PAC;FMK550;DASH KIT;STANDARD;DASH KIT 95 - 07 MULTI;3;3;0;0;0;33;012339005502;$10.17;$29.99
PAC;FMK549;DASH KIT;STANDARD;DASH KIT FORD F150;2;2;0;0;0;3;012339005496;$10.17;$29.99
PAC;FMK547;DASH KIT;STANDARD;DASH KIT FORD;1;1;0;0;0;;;$7.00;$29.99
PAC;FMK542;DASH KIT;STANDARD;DASH KIT FORD 2-DIN;5;5;0;0;0;69;012339005427;$8.97;$29.99
PAC;FMK538;DASH KIT;STANDARD;DASH KIT FORD F150 / 2004;4;4;2;0;0;25;012339005380;$10.17;$29.99
PAC;FMK531;DASH KIT;ADV;DASH KIT FRD/LIN/MER/MAZ 04-UP;2;2;0;0;0;2;012339005311;$26.37;$59.99
PAC;FMK526;DASH KIT;ADV;DASH KIT FORD F150 09-UP;3;3;0;0;0;25;012339005267;$20.96;$59.99
PAC;FMK505;DASH KIT;STANDARD;Double DIN MUSTANG Kit for 1987-1999;1;1;0;0;0;;012339005052;$8.37;$29.99
SIRIUS;FMDA25;ACCESSORY;;SIRIUS FM ADAPTER;2;2;0;0;0;;;$14.00;$29.99
INSTALLBAY;FLX14BK;ACCESSORY;;Flex Loom 1/4 Inch;490;490;0;0;0;10;;$0.30;$0.75
INSTALLBAY;FLX12BK;ACCESSORY;;Flex Loom 1/2 Inch;100;100;0;0;0;;;$0.50;$1.00
PRESTIGE;FLTB1;AL/RS;ALARM;TRANSPONDER;1;1;0;0;0;12;044476052224;$26.00;$89.99
PRESTIGE;FLRSGM7;AL/RS;RS;GM DATA START;2;2;0;0;0;10;044476112652;$108.00;$350.00
PRESTIGE;FLRSGM10;AL/RS;RS;GM DATA START;3;3;0;0;0;9;044476112669;$110.00;$350.00
PRESTIGE;FLRSCH5;AL/RS;RS;CHRYSLER R- START;1;1;0;0;0;7;044476112638;$107.00;$350.00
PRESTIGE;FLRSCH4;AL/RS;RS;CHRYSLER R-START;2;2;0;0;0;4;044476112621;$107.00;$350.00
PRESTIGE;FLRSCH10;AL/RS;RS;CHRYSLER R-START;1;1;0;0;0;21;044476130793;$110.00;$350.00
PRESTIGE;FLRSBMZ;AL/RS;RS;BMW/MERC RMS MODULE;0;0;0;0;0;;044476139376;$121.00;$449.99
PRESTIGE;FLRSBA;AL/RS;COMBO;All-In-One Remote Start w/ Data Bus;5;5;0;0;0;70;044476129803;$120.00;$395.00
PRESTIGE;FLR3;AL/RS;RS;GM TRANSPORDER;1;1;0;0;0;;;$20.00;$39.99
PRESTIGE;FLCART;AL/RS;RS;TRANSPONDER INTERFACE;1;1;0;0;0;13;044476127076;$65.00;$109.99
PRESTIGE;FLCAN;AL/RS;RS;TRANSPONDER;5;5;0;0;0;15;044476052248;$60.00;$109.99
LABOR;FLASH;LABOR;;HARLEY FLASH SOFTWARE;0;0;0;0;0;;;$0.00;$115.00
KICKER;FHS;ACCESSORY;FUSE HOLDER;KICKER FUSE HOLDER 1/0-4 AWG;7;7;0;0;0;42;;$15.00;$29.99
RAPTOR;FH10;ACCESSORY;FUSE HOLDER;FUSE HOLDER 10G;9;9;0;0;0;;;$2.00;$5.99
LINKSWELL;FDPUBOADPT;HARNESS;ADV;TESLA SCREEN FORD B&O AMP ADAP;1;1;0;0;0;;;$96.00;$149.99
LINKSWELL;FDPU360ADPT;HARNESS;CAM;TESLA SCREEN FORD 360CAM ADAPT;1;1;0;0;0;;;$123.00;$199.99
FOCAL;FDP6900V2;AMP;6CH;6 Channel amplifier, 4 x 150 + 1 x 500 W;0;0;0;0;0;2;879545001786;$700.00;$1,199.99
FOCAL;FDP4600;AMP;4CH;Focal 4-Ch Amp;1;1;0;0;0;2;879545000970;$450.00;$899.99
FOCAL;FDP1900;AMP;MONO;Focal Amp 1Ch 900W;1;1;0;0;0;1;879545000987;$450.00;$899.99
PAC;FD6;ANTENNA;ADAPTER;1995-2007 FORD/LINCOLN/MERCURY;0;0;0;0;0;;012339800602;$2.19;$21.99
SCOSCHE;FD1442B;DASH KIT;ADV;FORD F150 09-14 (Two rows of buttons);0;0;0;0;0;;;$24.00;$59.99
PAC;EWH1010;HARNESS;STANDARD;2000-2018 EUROPEAN Harness (BHA9003);3;3;0;0;0;;012339810106;$2.57;$21.99
FOCAL;ES165KX2E;SPKR;CMP; K2 EVO 6.5 2-way component kit w/FRAK;4;4;0;0;0;2;3544051820844;$710.00;$1,349.99
FOCAL;ES165KX2;SPKR;CMP;6.5 2-Way Component Kit;1;1;0;0;0;3;3544059750143;$675.00;$1,349.99
FOCAL;ES165K;SPKR;CMP;6.5 2-Way Component Kit;2;2;0;0;0;1;3544059750181;$450.00;$899.99
LABOR;EQX;LABOR;X-OVER;EQ / X-OVER;0;-1;0;1;0;;855814005822;$0.00;$75.00
AUDIOCONTROL;EPICFOUR;AMP;4CH;EPIC 4-Ch Amp 200w x 4 @ 2-Ohm;1;1;0;0;0;;850038647797;$116.55;$189.00
AUDIOCONTROL;EPICFIVE;AMP;5CH;EPIC 5ch Amp 75w x4 @4ohm+700w @1ohm;1;1;0;0;0;1;850038647803;$163.17;$249.00
AUDIOCONTROL;EPICENTERMICRO;X-OVER;BASS;Bass Restoration Processor & LOC;1;1;0;0;0;11;851523007997;$151.75;$279.00
AUDIOCONTROL;EPICENTER;X-OVER;BASS;AUDIOCONTROL EPICENTER;4;4;0;0;0;60;851523007942;$146.85;$189.99
AUDIOCONTROL;EPIC750;AMP;MONO;EPIC AMP 750w RMS @ 1-Ohm;2;2;0;0;0;;850038647759;$109.56;$179.00
AUDIOCONTROL;EPIC2000;AMP;MONO;EPIC Series Mono 2000w RMS @ 1-Ohm;0;0;0;0;0;;850038647780;$215.62;$329.00
AUDIOCONTROL;EPIC1500;AMP;MONO;EPIC Series Mono block - 1500w @ 1 Ohm;1;1;0;0;0;;850038647773;$160.84;$249.00
AUDIOCONTROL;EPIC1000;AMP;MONO;EPIC Mono block - 1000w @ 1ohm;0;0;0;0;0;;850038647766;$131.70;$209.00
DIRECTED;DUB1;AL/RS;ALARM;Digital Tilt Sensor;4;4;0;0;0;-1;;$30.00;$79.99
LABOR;DTV;LABOR;SCREEN;INDASH 1 & 2-DIN OR VIDEO;295;289;0;6;0;;;$0.00;$159.00
ROCKFORD;DSR1;X-OVER;DSP;ROCKFORD 8-CH PROCESSOR;2;2;0;0;0;4;780687351588;$287.00;$419.99
LABOR;DSPAMP;LABOR;X-OVER;D-SOUND PROSESSOR AMP;0;0;0;0;0;;;$0.00;$650.00
JBL;DSP4086AM;AMP;8CH;8-channel DSP Amplifier (6-Ch Input);0;0;0;0;0;2;050036373364;$220.00;$439.99
LABOR;DSP;LABOR;X-OVER;DIGITAL SOUND PROCESSOR;50;50;0;0;0;;;$0.00;$295.00
VIPER;DS4VP;AL/RS;COMBO;Viper DS4+ Remote Start System;5;5;0;0;0;18;093207102882;$120.00;$395.00
VIPER;DS4V;AL/RS;COMBO;Viper DS4 Remote Start System;4;4;0;0;0;30;093207102172;$120.00;$395.00
VIPER;DS4SUV;AL/RS;ALARM;DS4 Security Upgrade;2;2;0;0;0;6;093207103285;$40.00;$195.00
MISC;DS2;ACCESSORY;;DOOR LOCK ACTUATOR INSTALL;2;2;0;0;0;;;$13.00;$149.99
KENWOOD;DRVA610WDP;SAFETY;CAM;High Definition Recording /Wireless Link;2;2;0;0;0;;019048239488;$245.00;$349.99
KENWOOD;DRVA601WDP;SAFETY;CAM;8.3 & 3.7 Megapixel Recording/ WDR For B;1;1;0;0;0;1;019048229397;$215.00;$299.99
KENWOOD;DPX505BT;RADIO;CD;Kenwood Double DIN In-Dash CD C;2;1;0;1;0;7; 0019048233714;$135.00;$199.99
KENWOOD;DPX395MBT;RADIO;MEDIA;D-Din Media Receiver w/ BT, Alexa;1;1;0;0;0;15;019048233677;$125.00;$179.99
METRA;DP7363B;DASH KIT;ADV;Hyundai Sonata 2015-2017 Dash Panel;0;0;0;0;0;1;086429307296;$159.00;$234.99
METRA;DP3021B;DASH KIT;ADV;Chevrolet Corvette 1997-2004 Dash Panel;0;0;0;0;0;1;086429335329;$217.00;$344.99
METRA;DP3002B;DASH KIT;ADV;GM Full-Size Trucks and SUVs 1999-2002 -;0;0;0;0;0;;086429307289;$172.00;$269.99
MISC;DP3;AL/RS;DOOR;DOOR POPPER;2;2;0;0;0;;;$13.00;$29.99
KENWOOD;DNX997XR;SCREEN;2DIN;KENWOOD NAV / DVD/ BT/ WI-FI;2;2;0;0;0;4;019048229700;$1,096.00;$1,699.99
KENWOOD;DNX697S;SCREEN;2DIN;Navigation DVD Receiver w/ Carplay & AA;0;0;0;0;0;3;019048229717;$765.00;$1,099.00
KENWOOD;DMX958XR;SCREEN;2DIN;Wireless smartphone HI-RES Audio;0;0;0;0;0;1;0019048233912;$650.00;$999.99
KENWOOD;DMX908S;SCREEN;2DIN;Wireless Carplay / Android Auto Media;0;0;0;0;0;4;019048233929;$570.00;$849.99
KENWOOD;DMX709S;SCREEN;2DIN; Media Receiver, Car Play , Android Auto;0;0;0;0;0;3;019048234858;$355.00;$499.00
KENWOOD;DMX50S;SCREEN;2DIN;Wireless Carplay / Wireless Android Auto;19;19;0;0;0;4;0019048240583;$320.00;$479.99
KENWOOD;DMX40S;SCREEN;2DIN;7 Carplay/Android Media w/ Maestro;16;16;0;0;0;4;;$280.00;$419.99
KENWOOD;DMX129BT;SCREEN;2DIN;6.8 Inch Touchscreen w/ Bluetooth;2;2;0;0;0;8;019048238214;$155.00;$229.99
KENWOOD;DMX1057XR;SCREEN;2DIN;KENWOOD 10.1 CARPLAY&ANDROID;4;4;0;0;0;8;019048230881;$961.00;$1,549.99
PIONEER;DMHWT6000NEX;SCREEN;1DIN;10.1 Halo Single Din CP/AA Media;3;3;0;0;0;2;884938518895;$803.00;$1,099.99
PIONEER;DMHWT3800NEX;SCREEN;1DIN;9 1-Din Halo Wireless Carplay/Android;5;5;0;0;0;9;884938499101;$511.00;$699.99
PIONEER;DMHWC5700NEX;SCREEN;2DIN;6.8 HD MODULAR MULTIMEDIA;2;2;0;0;0;1;884938471879;$542.30;$749.99
PIONEER;DMHW3050NEX;SCREEN;2DIN;Car play/ Android Auto /Maestro/ HD /4V;5;5;0;0;0;2;884938514743;$386.90;$529.99
PIONEER;DMHW3000NEX;SCREEN;2DIN;Wireless car play / Android auto;2;2;0;0;0;5;884938514736;$350.40;$479.99
PIONEER;DMHC5500NEX;SCREEN;2DIN;8 Multimedia Digital Media Receiver;0;0;0;0;0;;884938416818;$564.00;$749.99
PIONEER;DMH2000NEX;SCREEN;2DIN;Android Auto and Apple CarPlay BT;2;2;0;0;0;5;884938515238;$313.90;$429.99
PIONEER;DMH1800NEX;SCREEN;2DIN;50W x 4 / 6X RCA / CP / AA / SXM;0;0;0;0;0;;884938478946;$256.20;$339.99
AUDIOCONTROL;DM810;X-OVER;DSP;Matrix DSP Processing/ Eight Channels In;0;0;0;0;0;2;855814005969;$419.58;$779.00
AUDIOCONTROL;DM608;X-OVER;DSP;AUDIOCONTROL DIGITAL SIGNAL PR;0;0;0;0;0;1;855814005976;$315.00;$645.00
MISC;DLRM;AL/RS;DOOR;DOOR LOCK RELAY KIT;2;2;0;0;0;;;$2.00;$14.99
PRESTIGE;DLRKP;AL/RS;DOOR;DOORLOCK RELAY;1;1;0;0;0;;;$17.00;$39.99
OMEGA;DLPP3;AL/RS;T-HARNESS;Omega DLPP3 3-Pin Door Lock Output Inter;8;8;0;0;0;;;$8.00;$17.99
LABOR;DLA;LABOR;;DOOR LOCK ACTUATOR;0;0;0;0;0;;;$0.00;$120.00
LABOR;DIA;LABOR;;DIAGNOSTICS PER HOUR;300;227;0;73;0;;;$0.00;$95.00
PIONEER;DEHS6220BS;RADIO;CD;PIONEER CD / COLOR /BT/USB;0;0;0;0;0;27;884938434126;$156.00;$199.99
KENWOOD;DDX9907XR;SCREEN;2DIN;DVD Receiver w/ Wireless CP/AA/BT/HD Rad;1;1;0;0;0;-1;019048229830;$776.00;$1,199.99
KENWOOD;DDX5707S;SCREEN;2DIN;KENWOOD DVD/APPLE/ANDRIOD;2;2;0;0;0;31;019048230935;$324.00;$449.99
DIRECTED;DB3;AL/RS;RS;Directed Electronics DB3 All-in-One Door;19;19;0;0;0;1;093207100994;$55.00;$89.99
KENWOOD;DAX800XR;SCREEN;TESLA;8 Direct Replacement Radio;0;0;0;0;0;;019048240880;$845.00;$1,299.99
KENWOOD;DAX8000S;SCREEN;TESLA;8 Direct Replacement Solution;0;0;0;0;0;;019048240897;$850.00;$1,249.99
KENWOOD;DAX1050XR;SCREEN;TESLA;10 Direct Replacement Radio;0;0;0;0;0;;019048240903;$1,105.00;$1,750.00
PAC;DAEK660;DASH KIT;STANDARD;DASH KIT DAEWOO;2;2;0;0;0;;;$6.00;$29.99
VIPER;D9857V;AL/RS;REMOTE;2-Way 5-Btn LED + 1-Way 5-Btn Remotes;2;2;0;0;0;4;093207102301;$96.00;$179.99
VIPER;D9816V;AL/RS;REMOTE;VIPER 2WAY 1BTN 1MILE RANGE;1;1;0;0;0;1;093207102288;$86.00;$179.99
VIPER;D9756V;AL/RS;REMOTE;2-Way 5-Btn LCD + 1-Way 5-Btn Remotes;4;4;0;0;0;9;093207102318;$120.00;$249.99
VIPER;D9146V;AL/RS;REMOTE;1-Way 4-Button Remote (1/4 Mile Range);7;7;0;0;0;9;093207103414;$40.00;$79.99
VIPER;D9116V;AL/RS;REMOTE;VIPER 1WAY 1BTN REMOTE;1;1;0;0;0;;093207103421;$33.00;$79.99
AUDIOCONTROL;D51300;AMP;5CH;High-power 5ch DSP Matrix Amp w/Accubass;0;0;0;0;0;0;851523007812;$720.00;$1,299.99
AUDIOCONTROL;D4800;AMP;4CH;High-Power 4-ch DSP Matrix Amplifier;0;0;0;0;0;;855814005792;$553.61;$899.99
MASSIVE;CT4;SPKR;TWT;MASSIVE SUPER TWEETER;1;1;0;0;0;9;;$20.00;$49.99
JBL;CRUISEX;ATV;SPKR;POWER SPORT SPEAKER SYSTEM & AMP;0;0;0;0;0;1;050036365352;$365.00;$699.99
PAC;CRK646;DASH KIT;STANDARD;DASH KIT PACIFICA 04-UP;1;1;0;0;0;1;012339006462;$10.77;$29.99
PAC;CRB630;DASH KIT;STANDARD;DASH KIT DODGE/ CHRYSLER;0;0;0;0;0;14;012339006301;$8.36;$29.99
MISC;CR2450;ACCESSORY;BATTERY;CR2450 BATTERY 3V;17;17;0;0;0;6;;$3.00;$7.99
MISC;CR2032;ACCESSORY;BATTERY;KEYLESS ENTRY BATTERY;23;23;0;0;0;;;$1.50;$5.99
MISC;CR2025;ACCESSORY;BATTERY;KEYLESS ENTRY BATTERY;27;27;0;0;0;;;$1.50;$5.99
MISC;CR2016;ACCESSORY;BATTERY;KEYLESS ENTRY BATTERY;11;11;0;0;0;;;$1.50;$5.99
MISC;CR1632;ACCESSORY;BATTERY;KEYLESS ENTRY BATTERY;5;5;0;0;0;;;$3.00;$6.99
POWER ACOUSTIK;CPAA70D;SCREEN;2DIN;POWER A DVD/CARPLAY/ANDROID;0;0;0;0;0;13;;$230.00;$349.99
JL AUDIO;CP212W0V3;ENCLOSURE;LOADED;Two 12W0v3-4 Ported Enclosure,gray carpe;0;0;0;0;0;3;699440932837;$260.00;$399.99
LABOR;CMP;LABOR;SPEAKER;COMPONENT SPEAKER SET;0;0;0;0;0;;;$0.00;$175.00
KENWOOD;CMOS740HD;SAFETY;CAM;CMOS-740HD High-Definition Rearview Came;0;0;0;0;0;0;0019048238283;$185.00;$270.00
KENWOOD;CMOS320LP;SAFETY;CAM;Backup camera with view selection button;0;0;0;0;0;1;0019048238276;$185.00;$270.00
KENWOOD;CMOS130;SAFETY;CAM;Kenwood CMOS-130 Rearview Camera with Un;5;5;0;0;0;19;019048215604;$50.00;$99.99
MISC;CLA;ACCESSORY;;CIGARETTE LIGHTER ADAPTER;1;1;0;0;0;;;$7.00;$21.99
PAC;CL16000;HARNESS;STANDARD;HARNESS FOR CLARION CD;0;0;0;0;0;;;$1.70;$19.99
KICKER;CK8;AMP KIT;OFC;Kicker CK8 Complete 8 Gauge OFC CK-Serie;0;0;0;0;0;2;;$80.00;$149.99
KICKER;CK4;AMP KIT;OFC;KICKER 4G AMP KIT;17;16;0;1;0;77;;$92.00;$179.99
INSTALLBAY;CIGF;ACCESSORY;;12V PLUG FEMALE - Retail Pack;3;3;0;0;0;9;086429181971;$3.00;$14.99
CONCEPT;CH7GRY8;VIDEO;HRM;CONCEPT DARK GRAY COVER;2;2;0;0;0;;;$20.00;$39.99
CONCEPT;CH7FWN10;VIDEO;HRM;CONCEPT DARK TAN COVER;2;2;0;0;0;;;$20.00;$39.99
CONCEPT;CH7FLT12;VIDEO;HRM;CONCEPT LIGHT TAN COVER;2;2;0;0;0;;;$20.00;$39.99
PAC;CH1ARSX;HARNESS;ADV;PAC HARNESS  CHRYSLER/DODGE/JE;3;3;0;0;0;25;609098829069;$144.48;$249.00
PAC;CFK510;DASH KIT;STANDARD;DASH KIT FORD/CHRY;1;1;0;0;0;7;012339005106;$6.57;$29.99
JL AUDIO;CF275MT;SPKR;COAX;2.75 Mid-Tweeter Speaker 010-03408-00;2;2;0;0;0;;;$60.00;$149.99
PIONEER;CDRGB150E;ACCESSORY;;Cable Extension for Modular Receivers;1;1;0;0;0;;884938431675;$51.50;$99.99
LABOR;CDP;LABOR;CD;HEAD UNIT;0;-2;0;2;0;;;$0.00;$129.00
PAC;CDK660;DASH KIT;STANDARD;DASH KIT DODGE 2-DIN;1;1;0;0;0;3;012339066008;$23.97;$39.99
PAC;CDK658;DASH KIT;STANDARD;DASH KIT W/4.3 F-SCREEN ONLY;1;1;0;0;0;0;012339006585;$22.20;$29.99
PAC;CDK656;DASH KIT;STANDARD;DASH KIT RAM 1 / 2- DNN;3;3;0;0;0;18;012339006561;$17.37;$39.99
PAC;CDK654;DASH KIT;STANDARD;11-UP JEEP/ DODGE 1-Din Kit;1;1;0;0;0;2;012339006547;$13.76;$29.99
PAC;CDK652;DASH KIT;STANDARD;11-UP JEEP/ DODGE 2-Din Kit;2;2;0;0;0;4;012339006523;$10.17;$29.99
PAC;CDK651;DASH KIT;STANDARD;DASH KIT DODGE1 & 2 DIN;2;2;0;0;0;6;012339006516;$23.97;$49.99
PAC;CDK649;DASH KIT;STANDARD;DASH KIT 04-07 CHRY/DOD/JEEP;3;3;0;0;0;10;012339006493;$10.17;$29.99
PAC;CDK648;DASH KIT;STANDARD;DASH KIT 04-UP DODGE /CHR;2;2;0;0;0;7;012339006486;$10.17;$29.99
PAC;CDK644;DASH KIT;STANDARD;DASH KIT 07CHRY/DODGE/JEEP;3;3;0;0;0;36;012339006448;$10.76;$29.99
PAC;CDK642;DASH KIT;STANDARD;DASH KIT 07CHRY/DOD/JEEP;7;7;0;0;0;88;012339006424;$8.97;$29.99
PAC;CDK641;DASH KIT;ADV;DASH KIT 2-DIN 02-05 RAM;1;1;0;0;0;8;012339006417;$52.00;$99.99
PAC;CDK640;DASH KIT;STANDARD;Single Din Kit Dodge/Jeep 99-UP;2;2;0;0;0;18;012339006400;$8.37;$29.99
PAC;CDK639B;DASH KIT;ADV;MAGNUM/CHARGER 2-DIN Black Kit;0;0;0;0;0;1;012339063915;$59.37;$89.99
PAC;CDK637S;DASH KIT;ADV;DASH KIT CHRYSLER 300 2-DIN;0;0;0;0;0;3;012339063724;$59.37;$89.99
BEST KIT;CDK632;DASH KIT;ADV;2015-2021 JEEP RENEGADE;1;1;0;0;0;2;;$29.97;$59.99
PIONEER;CDIU201N;ACCESSORY;;PIONEER  APP RADIO CABLE;1;1;0;0;0;;;$35.00;$59.99
HID;CBH76K;LIGHTS;HID;HID  CANBUS NO WARRANTY;1;1;0;0;0;;;$30.00;$99.99
HID;CBH46KHL;LIGHTS;HID;HID  CANBUS NO WARRANTY;1;1;0;0;0;;;$30.00;$119.99
HID;CBH136K;LIGHTS;HID;HID CANBUS  NO WARRANTY;2;2;0;0;0;;;$60.00;$99.99
HID;CBH106K;LIGHTS;HID;HID CANBUS NO WARRANTY;2;2;0;0;0;;;$30.00;$99.99
HID;CB9012AC6K;LIGHTS;HID;HID HI/LOW  NO WARRANTY;1;1;0;0;0;;;$30.00;$99.99
HID;CB90066K;LIGHTS;HID;HID  CANBUS NO WARRANTY;0;0;0;0;0;;;$60.00;$99.99
HID;CB90056K;LIGHTS;HID;HID  CANBUS NO WARRANTY;0;0;0;0;0;;;$30.00;$99.99
KENWOOD;CAY107MR;MARINE;ACCESSORY;KENWOOD LCD REMOTE Y-ADAPTER;0;0;0;0;0;;019048183743;$24.00;$39.99
KENWOOD;CAXHL10QI;ACCESSORY;CHARGER;Motorized Qi Wireless Charging;1;1;0;0;0;1;019048228659;$44.90;$69.99
QPOWER;CARPET;ACCESSORY;BOX;CARPET LINEAR 1-YARD X 4-FEET;139;139;0;0;0;17;;$12.00;$19.99
JENSEN;CAR7TC;SCREEN;2DIN;7 Wireless CPAA TOP Mount Controls;2;2;0;0;0;;;$148.00;$249.99
JENSEN;CAR710BC;SCREEN;2DIN;7 Apple Carplay/Android Auto W/ Cam;7;7;0;0;0;6;;$125.00;$279.99
JENSEN;CAR1013;SCREEN;1DIN;10 Wireless Carplay/Android /BT Media;2;1;2;1;0;9;;$205.00;$349.99
KENWOOD;CAPOD14LC;MOTORCYCLE;ACCESSORY;Lower spkr pods for liquid-cooled Harley;0;0;0;0;0;1;019048237057;$168.00;$279.99
KENWOOD;CAPOD14AC;MOTORCYCLE;ACCESSORY;Lower spkr pods 2014-up Harley Touring;0;0;0;0;0;1;019048237064;$150.00;$249.99
LABOR;CAP;LABOR;AMP;CAPACITOR;0;0;0;0;0;;;$0.00;$75.00
PAC;CAMTY12;HARNESS;CAM;PAC HARNESS REVERSE CAMERA TOY;1;1;0;0;0;5;609098818469;$40.83;$59.99
PAC;CAMTY11;HARNESS;CAM;HARNESS  BACKUP CAM TOY/ SUB;0;0;0;0;0;2;609098814423;$40.83;$59.99
PAC;CAMNI1;HARNESS;CAM;HARNESS NISSAN ADD BACK-UP CAM;2;2;0;0;0;1;609098825993;$40.83;$49.99
PAC;CAMGM51;HARNESS;CAM;PAC HARNESS R- CAMERA RETENTIO;1;1;0;0;0;3;609098825146;$17.61;$29.99
PAC;CAMFD21;HARNESS;CAM;HARNESS FORD CAM RETENTION;2;2;0;0;0;;609098828123;$17.92;$49.99
ECHOMASTER;CAM510L;SAFETY;CAM;ECHOMASTER BACKUP CAM;1;1;0;0;0;10;609098830553;$21.10;$99.99
ECHOMASTER;CAM501;SAFETY;CAM;ECHOMASTER LIP MOUNT CAMERA;4;4;0;0;0;;609098830515;$24.58;$89.99
KENWOOD;CAEX7MR;MARINE;ACCESSORY;KENWOOD LCD REMOTE EXTENTION;0;0;0;0;0;;019048183750;$33.00;$55.00
KENWOOD;CAEX3MR;MARINE;ACCESSORY;KENWOOD LCD REMOTE EXTENTION;1;1;0;0;0;;019048183767;$27.00;$44.99
KENWOOD;CADR1030;SAFETY;CAM;KENWOOD HARDWIRE KIT;1;1;0;0;0;;019048228918;$15.00;$39.99
KENWOOD;CAC3AV;ACCESSORY;;KENWOOD 3.5MM A/V JACK;3;3;0;0;0;1;;$23.00;$39.99
JL AUDIO;C3650;SPKR;CMP;Convertible System with 6.5-inch (165mm);2;2;0;0;0;;699440990226;$261.00;$499.99
JL AUDIO;C3100CT;SPKR;TWT;1.0 (25mm) Silk Soft-Dome Tweeter;1;1;0;0;0;1;699440990233;$94.00;$179.99
PAC;C2RVW2;HARNESS;ADV;PAC HARNESS  VW / AUDI / BMW;1;1;0;0;0;7;606523108836;$121.00;$159.99
PAC;C2RMIT;HARNESS;STANDARD;PAC HARNESS AMP INTERGRATED;1;1;0;0;0;1;;$7.50;$29.99
PAC;C2RGM29;HARNESS;ADV;HARNESS GM DATA BUS;1;1;0;0;0;12;606523107020;$111.20;$149.99
PAC;C2RGM11B;HARNESS;ADV;PAC HARNESS GM DATA BUS;1;1;0;0;0;8;606523107167;$111.20;$139.99
PAC;C2RAUDI;HARNESS;ADV;PAC HARNESS  FOR AUDI;1;1;0;0;0;3;606523108744;$121.00;$159.99
JL AUDIO;C2690TX;SPKR;COAX;6x9 (150x230mm) 3-way Speaker System w;5;5;0;0;0;3;699440996198;$146.00;$299.99
JL AUDIO;C2650X;SPKR;COAX;6.5 (165mm) Coaxial Speaker System with;5;5;0;0;0;5;699440996181;$130.00;$249.99
JL AUDIO;C2650;SPKR;CMP;6.5 (165mm) Component Speaker System wi;5;5;0;0;0;;699440996174;$157.00;$299.99
JL AUDIO;C2570X;SPKR;COAX;5x7 (125x180mm) Coaxial Speaker System;2;2;0;0;0;2;699440996143;$130.00;$249.99
JL AUDIO;C2400X;SPKR;COAX;4 (100mm) Coaxial Speaker System with .;2;2;0;0;0;5;699440996129;$94.00;$179.99
JL AUDIO;C2350X;SPKR;COAX;3.5 (90mm) Coaxial Speaker System with;3;3;0;0;0;3;699440996112;$78.00;$149.99
JL AUDIO;C2075CT;SPKR;CMP;0.75 (19mm) Silk Dome Component Tweeter;2;2;0;0;0;1;699440996105;$78.00;$149.99
JL AUDIO;C1690X;SPKR;COAX;6x9 Shallow Coaxial Speaker System with;6;6;0;0;0;2;699440990455;$89.00;$169.99
JL AUDIO;C1650X;SPKR;COAX;6.5(165mm) Coaxial Speaker System with;4;4;0;0;0;12;699440990424;$63.00;$119.99
JL AUDIO;C1650;SPKR;CMP;6.5(165mm) Component Speaker System wit;5;5;0;0;0;19;699440990431;$78.00;$149.99
JL AUDIO;C1570X;SPKR;COAX;5x7 Coaxial Speaker System with 0.75 A;2;2;0;0;0;10;699440990448;$63.00;$119.99
LABOR;BYPASS;LABOR;AMP;AMP BYPASS;0;0;0;0;0;;;$0.00;$250.00
SOUNDSTREAM;BX10KNOB;ACCESSORY;KNOB;Bass/Level Control Knob;0;0;0;0;0;1;;$28.00;$49.99
SOUNDSTREAM;BX10;X-OVER;BASS;SOUNDSTREAM DIGITAL BASS DRIVE;3;3;0;0;0;25;709483017023;$50.00;$99.99
BOSS;BV900ACP;SCREEN;2DIN; Apple CarPlay Android Auto DVD Player 6;1;1;0;0;0;2;;$120.00;$279.99
BOSS;BV800ACP;SCREEN;2DIN;BOSS ELITE CAR PLAY/ANDROID;0;0;0;0;0;6;;$215.00;$299.99
LABOR;BUS;LABOR;;FRONT OR BACKUP SENSOR;0;0;0;0;0;;;$0.00;$450.00
JENSEN;BUCAM350;SAFETY;CAM;License Plate Backup Cam;6;6;0;0;0;13;;$22.00;$59.99
LABOR;BTL;LABOR;;BLUETOOTH KIT;0;0;0;0;0;;;$0.00;$150.00
AUDIOPIPE;BT400;ACCESSORY;HARDWARE;AUDIOPIPE SIDE POST BATTERY;1;1;0;0;0;;;$2.97;$14.99
PAC;BMWPOC;DASH KIT;STANDARD;DASH KIT BMW RELOCATION POCKET;3;3;0;0;0;1;012339032102;$26.37;$49.99
PAC;BMWK500;DASH KIT;STANDARD;DASH KIT BMW/1997-03;1;1;0;0;0;;012339205001;$10.77;$29.99
PAC;BMWK320;DASH KIT;ADV;DASH KIT BMW 3 SERIES 2-DIN;1;1;0;0;0;2;012339032003;$34.76;$69.99
PAC;BMWK300;DASH KIT;STANDARD;DASH KIT BMW 97-UP;1;1;0;0;0;1;012339030009;$6.57;$29.99
PAC;BMW3;DASH KIT;STANDARD;DASH KIT 3-SERIES 06-13;1;1;0;0;0;;;$7.00;$29.99
AUDIOPIPE;BMSYM2F;RCA;Y;AUDIOPIPE RCA 1M-2F;8;8;0;0;0;;;$0.65;$4.99
AUDIOPIPE;BMSYF2M;RCA;Y;AUDIOPIPE RCA 1F-2M;6;6;0;0;0;;;$0.65;$4.99
AUDIOPIPE;BMS6;RCA;2CH;AUDIOPIPE RCA 6;78;78;0;0;0;;;$1.20;$9.99
AUDIOPIPE;BMS3;RCA;2CH;AUDIOPIPE RCA 3;40;40;0;0;0;1;;$0.80;$8.99
AUDIOPIPE;BMS17;RCA;2CH;AUDIOPIPE RCA 17;0;0;0;0;0;7;;$2.50;$17.99
AUDIOPIPE;BMS10;RCA;2CH;AUDIOPIPE RCA 10;4;4;0;0;0;;;$1.80;$14.99
PAC;BHO6522;HARNESS;STANDARD;HARNESS OEM DODGE JEE CHRYSLER;1;1;0;0;0;;;$3.00;$34.99
PAC;BHO5800;HARNESS;STANDARD;HARNESS FORD FACTORY RADIO;2;2;0;0;0;;;$4.00;$24.99
PAC;BHO1784;HARNESS;STANDARD;HARNESS VW;2;2;0;0;0;;609098068994;$1.60;$34.99
PAC;BHA9221;HARNESS;STANDARD;HARNESS VOLVO;3;3;0;0;0;1;609098065764;$5.43;$24.99
PAC;BHA9220;HARNESS;STANDARD;HARNESS VOLVO;1;1;0;0;0;;609098061315;$5.98;$24.99
PAC;BHA9003;HARNESS;STANDARD;HARNESS VW/AUDI/ BMW 02-UP;4;4;0;0;0;8;609098083966;$5.43;$21.99
PAC;BHA9002;HARNESS;STANDARD;HARNESS VOLKSWAGEN 87-UP;3;3;0;0;0;1;609098031400;$6.53;$21.99
PAC;BHA8901;HARNESS;STANDARD;HARNESS SUBARU / SUZKI;2;2;0;0;0;3;609098031387;$5.43;$21.99
PAC;BHA8591;HARNESS;STANDARD;HARNESS BMW 90 - 01;4;4;0;0;0;;609098800259;$8.16;$21.99
PAC;BHA8590;HARNESS;STANDARD;HARNESS BMW 90 - 01;2;2;0;0;0;2;609098031363;$5.43;$21.99
PAC;BHA8113;HARNESS;STANDARD;HARNESS TOYOTA PREMIUM AMP (TWH17);1;1;0;0;0;22;609098093606;$6.53;$24.99
PAC;BHA8112;HARNESS;STANDARD;HARNESS TOYOTA INTEGRATOR;4;4;0;0;0;6;609098084093;$6.53;$21.99
PAC;BHA8110;HARNESS;STANDARD;HARNESS TOYOTA/LEXUS  92-99;3;3;0;0;0;;609098078986;$2.99;$21.99
PAC;BHA7992;HARNESS;STANDARD;HARNESS SUZUKI 96-UP;6;6;0;0;0;1;609098031356;$3.80;$21.99
PAC;BHA7903T;HARNESS;STANDARD;HARNESS MAZDA CX7;1;1;0;0;0;1;609098808590;$4.00;$21.99
PAC;BHA7902;HARNESS;STANDARD;HARNESS MAZDA / FORD 04-UP;4;4;0;0;0;10;609098076289;$3.80;$21.99
PAC;BHA7901;HARNESS;STANDARD;HARNESS 89-01 MAZDA;4;4;0;0;0;1;609098031332;$4.00;$21.99
PAC;BHA7712;HARNESS;STANDARD;HARNESS ISUZU / HONDA;3;3;0;0;0;;609098031325;$3.80;$21.99
PAC;BHA7553;HARNESS;STANDARD;HARNESS NISSAN;3;3;0;0;0;2;609098803908;$5.98;$21.99
PAC;BHA7552;HARNESS;STANDARD;HARNESS 07 NISSAN (NWH704);10;10;0;0;0;44;012339807045;$7.00;$21.99
PAC;BHA7551;HARNESS;STANDARD;HARNESS 95-07 NISSAN;2;2;0;0;0;3;609098800266;$8.16;$21.99
PAC;BHA7550;HARNESS;STANDARD;HARNESS NISSAN;5;5;0;0;0;17;609098031318;$3.80;$17.99
PAC;BHA7306;HARNESS;CAM;2017-20 Hyundai/Kia Harness (Rtn B-Cam);1;1;0;0;0;;609098832793;$8.00;$49.99
PAC;BHA7304;HARNESS;STANDARD;HARNESS 10-UP HYUNDAI/KIA;2;2;0;0;0;15;609098808583;$5.98;$21.99
PAC;BHA7303;HARNESS;STANDARD;(HWH1110) HARNESS Hyundai / Kia;5;5;0;0;0;19;609098802192;$3.80;$21.99
PAC;BHA7302;HARNESS;STANDARD;HARNESS  07-08 HYUNDAI;2;2;0;0;0;5;609098798969;$3.25;$21.99
PAC;BHA7301;HARNESS;STANDARD;HARNESS HYUNDAI;5;5;0;0;0;6;609098078115;$4.89;$21.99
PAC;BHA7300;HARNESS;STANDARD;HARNESS HYUNDAI 91-UP;3;3;0;0;0;1;;$2.00;$21.99
PAC;BHA7200;HARNESS;STANDARD;HARNESS SUZUKI DAEWOO;3;3;0;0;0;0;609098065740;$7.00;$21.99
PAC;BHA7005;HARNESS;STANDARD;HARNESS 08-UP MITSUBISHI;3;3;0;0;0;6;609098800297;$7.62;$21.99
PAC;BHA7001;HARNESS;STANDARD;HARNESS MITS / DODGE;3;3;0;0;0;2;609098031295;$3.80;$21.99
PAC;BHA6522;HARNESS;STANDARD;(CWH642) HARNESS 07 CHR/DOD/ JP;2;2;0;0;0;4;609098800273;$7.62;$21.99
PAC;BHA6510;HARNESS;ADV;HARNESS 02-05 DODGE PREMUIM-S;0;0;0;0;0;1;609098789875;$39.82;$69.99
PAC;BHA6507;HARNESS;ADV;HARNESS CD / AMP BYPASS;0;0;0;0;0;;;$33.00;$69.99
PAC;BHA6504;HARNESS;ADV;HARNESS 02-05 DODGE PREMUIM-S;1;1;0;0;0;2;609098788137;$44.72;$69.99
PAC;BHA6503;HARNESS;STANDARD;HARNESS CHRY/AMP INTEGRATION;2;2;0;0;0;;609098789936;$10.89;$23.99
PAC;BHA5800R;HARNESS;STANDARD;HARNESS FORD 04-UP;5;5;0;0;0;19;609098790321;$5.98;$21.99
PAC;BHA5800;HARNESS;STANDARD;HARNESS FORD 04-UP;11;11;0;0;0;58;609098085700;$5.43;$21.99
PAC;BHA5700R;HARNESS;STANDARD;HARNESS  98-03 LIN/MER/AMP/INT;5;5;0;0;0;3;609098785969;$7.07;$21.99
PAC;BHA5700;HARNESS;STANDARD;HARNESS FORD LINCOLN/MAZDA;2;2;0;0;0;8;609098060868;$5.98;$21.99
PAC;BHA5600;HARNESS;STANDARD;HARNESS FORD 95 - 97;4;4;0;0;0;3;609098031271;$3.80;$17.99
PAC;BHA5520AV;HARNESS;VIDEO;2003-2013 FORD/ MERCURY/ HYUNDAI AV;0;0;0;0;0;;609098800556;$5.00;$19.99
PAC;BHA5511R;HARNESS;STANDARD;HARNESS FORD WITH F-AMP;2;2;0;0;0;2;609098084291;$6.53;$21.99
PAC;BHA5511;HARNESS;STANDARD;FWH46 HARNESS 89-00FORD PREMIUM SYST;1;1;0;0;0;6;609098031233;$5.43;$21.99
PAC;BHA2105;HARNESS;STANDARD;HARNESS GM 07-UP;6;6;0;0;0;3;609098799492;$3.25;$21.99
PAC;BHA2102;HARNESS;STANDARD;HARNESS 04-UP GM;3;3;0;0;0;7;609098097475;$3.80;$21.99
PAC;BHA2003;HARNESS;STANDARD;HARNESS GM;3;3;0;0;0;6;609098066976;$4.00;$21.99
PAC;BHA2002;HARNESS;STANDARD;HARNESS SATURN 00-UP;3;3;0;0;0;3;609098065757;$3.80;$21.99
PAC;BHA2001R;HARNESS;STANDARD;HARNESS GM/2000-UP;2;2;0;0;0;10;609098083973;$7.62;$21.99
PAC;BHA2001;HARNESS;STANDARD;HARNESS 94-00  GM;2;2;0;0;0;8;609098031226;$5.43;$17.99
PAC;BHA1858;HARNESS;STANDARD;(GWH344) HARNESS 88-05 GM;9;9;0;0;0;88;609098031219;$2.70;$17.99
PAC;BHA1818;HARNESS;STANDARD;(CWH638) HARNESS 02/ CHRY/DODGE;4;4;0;0;0;26;609098077552;$5.43;$17.99
PAC;BHA1817;HARNESS;STANDARD;HARNESS CHRYSLER 84-UP;5;5;4;0;0;20;609098031189;$2.70;$17.99
PAC;BHA1787;HARNESS;STANDARD;HARNESS AUDI / BMW / VW;2;2;0;0;0;1;609098799874;$8.00;$24.99
PAC;BHA1784R;HARNESS;STANDARD;HARNESS VW / BMW / AUDI;2;2;0;0;0;;609098785976;$7.07;$21.99
PAC;BHA1784;HARNESS;STANDARD;HARNESS BMW VW AUDI;2;2;0;0;0;8;609098031172;$3.80;$21.99
PAC;BHA1783;HARNESS;STANDARD;HARNESS 08-09 SMART (EWH2100);3;3;0;0;0;4;609098799829;$3.80;$21.99
PAC;BHA1782;HARNESS;STANDARD;HARNESS GEO/ISUZU 86-00;0;0;0;0;0;;609098031165;$3.25;$21.99
PAC;BHA1781;HARNESS;STANDARD;HARNESS 86-91 MAZDA;2;2;0;0;0;;609098031158;$3.50;$21.99
PAC;BHA1772;HARNESS;STANDARD;HARNESS FORD;3;3;0;0;0;;;$2.00;$21.99
PAC;BHA1771;HARNESS;STANDARD;HARNESS FORD/LINCOLN/MERCURY (FWH598);7;7;0;0;0;53;609098060851;$2.70;$17.99
PAC;BHA1770;HARNESS;STANDARD;HARNESS FORD /LINCOLN 1985-2007;3;2;0;1;0;27;609098031127;$2.70;$17.99
PAC;BHA1763;HARNESS;STANDARD;HARNESS 86-94 NISSAN;1;1;0;0;0;1;609098031110;$4.00;$17.99
PAC;BHA1761;HARNESS;STANDARD;HARNESS 87-14 TOYOTA;9;9;0;0;0;67;609098031103;$3.00;$17.99
PAC;BHA1743;HARNESS;STANDARD;HARNESS MULTI  87-94;3;3;0;0;0;;;$2.00;$21.99
PAC;BHA1731;HARNESS;CAM;HARNESS / CAM 16-20 HONDA CIVIC;3;3;0;0;0;;609098832342;$6.74;$24.99
PAC;BHA1730;HARNESS;STANDARD;HARNESS FOR HONDA;3;3;0;0;0;6;609098811101;$7.62;$29.99
PAC;BHA1729;HARNESS;STANDARD;HARNESS 06-UP HONDA;4;4;0;0;0;9;609098799836;$6.00;$21.99
PAC;BHA1725;HARNESS;STANDARD;HARNESS ACU/HON W-AMP 98-06;2;2;0;0;0;2;609098789905;$8.16;$23.99
PAC;BHA1722;HARNESS;STANDARD;HARNESS 06-UP HONDA;9;9;0;0;0;9;609098795371;$3.80;$21.99
PAC;BHA1721;HARNESS;STANDARD;HARNESS 98-UP HONDA (HWH806);4;4;0;0;0;39;609098052399;$3.80;$17.99
PAC;BHA1720;HARNESS;STANDARD;HARNESS 86-98 HON/ACURA;2;2;0;0;0;8;609098031066;$2.70;$17.99
PAC;BHA16771;HARNESS;STANDARD;HARNESS GM 78-91;4;3;0;1;0;14;609098031035;$2.70;$21.99
PAC;BHA1388;HARNESS;STANDARD;HARNESS 1982-85 HONDA;2;2;0;0;0;;;$2.00;$21.99
PAC;BHA1120;HARNESS;STANDARD;HARNESS VOLVO;3;3;0;0;0;;;$2.00;$21.99
PAC;BHA1004;HARNESS;STANDARD;HARNESS KIA/ HYUNDAI 06-UP;3;3;0;0;0;6;609098795388;$3.80;$21.99
PAC;BHA1003;HARNESS;STANDARD;HARNESS 95-03 KIA;3;3;0;0;0;1;609098054119;$2.00;$21.99
PAC;BHA1002A;HARNESS;STANDARD;HARNESS JEEP 88-96;1;1;0;0;0;1;609098030984;$3.80;$21.99
BOSS;BE7ACPC;SCREEN;2DIN;7 CarPlay & Android Media w/ Camera;1;1;0;0;0;3;;$200.00;$349.99
BOSS;BE7ACP;SCREEN;2DIN;7 Mechless Apple CarPlay & Android Auto;0;0;0;0;0;0;;$192.00;$299.99
BOSS;BE10ACP;SCREEN;1DIN;BOSS ELITE 10 CARPLAY/ANDROID;0;0;0;0;0;14;;$280.00;$419.99
PAC;BCICH41;HARNESS;ADV;For Select Dodge/Jeep/Ram/Chrysler Vehic;0;0;0;0;0;1;609098815666;$303.26;$419.99
METRA;BCHDLFPP;MOTORCYCLE;KIT;Harley Lower Fairing Ported Speaker Pods;0;0;0;0;0;;086429394777;$225.40;$324.99
METRA;BCHDLFP;MOTORCYCLE;KIT;Lower Speaker Pods Harley Twin Cooled;0;0;0;0;0;;086429370856;$142.22;$219.99
METRA;BC9728;HARNESS;STANDARD;Carplay Jumper Harness - Fits Harley-Dav;1;1;0;0;0;1;086429420391;$7.50;$21.99
PAC;BB6PR;ACCESSORY;;PAC 0-5.6KHZ BASS BLOCKER TWEE;4;4;0;0;0;7;606523108379;$9.96;$14.99
PAC;BB5PR;ACCESSORY;;PAC 0-2.8KHZ BASS BLOCKER 3.5;4;4;0;0;0;6;606523108362;$9.96;$14.99
PAC;BB2PR;ACCESSORY;;PAC 0-600HZ BASS BLOCKER 6.5;3;3;0;0;0;5;606523108331;$13.17;$19.99
PAC;BB1PR;ACCESSORY;;PAC 0-300HZ BASS BLOCKER 6X9;4;4;0;0;0;3;606523108324;$13.07;$19.99
LABOR;BATT;LABOR;AMP;BATTERY INSTALLATION;50;50;0;0;0;;;$0.00;$95.00
CODE ALARM;BASEC;AL/RS;ALARM;SEC UPGRADE KIT;5;5;0;0;0;6;;$30.00;$160.00
PAC;BACR96;ANTENNA;EXTENSION;ANTENNA EXTENSION CABLE 96;1;1;0;0;0;5;;$3.00;$19.99
PAC;BACR24;ANTENNA;EXTENSION;ANTENNA EXTENSION CABLE 24;0;0;0;0;0;10;609098061452;$2.38;$17.99
PAC;BACR197;ANTENNA;EXTENSION;ANTENNA EXTENSION CABLE 197;0;0;0;0;0;4;609098061445;$3.00;$24.99
AXXESS;BACKUPCAM;HARNESS;CAM;GM 2006-2017 Backup Camera Retention Har;1;1;0;0;0;;086429216062;$3.12;$21.99
PAC;BAADIN22;ANTENNA;ADAPTER;ANTENNA ADAPTER BMW/VW;3;3;0;0;0;9;609098093705;$14.70;$27.99
PAC;BAADIN12;ANTENNA;ADAPTER;ANTENNA ADAPTER BMW/VW;0;0;0;0;0;1;609098076180;$11.97;$27.99
PAC;BAA9;ANTENNA;ADAPTER;ANTENNA ADAPTER NISSAN;3;3;0;0;0;3;609098076166;$5.98;$21.99
PAC;BAA7;ANTENNA;ADAPTER;ANTENNA ADAPTER BMW/VW;3;3;0;0;0;13;609098076142;$5.98;$16.99
PAC;BAA4B;ANTENNA;ADAPTER;ANTENNA  ADAPTER  [ GM ];9;9;0;0;0;201;609098076135;$6.00;$17.99
PAC;BAA46;ANTENNA;ADAPTER;ANTENNA ADAPTER AUDI;4;4;0;0;0;7;609098814355;$14.70;$21.99
PAC;BAA45;ANTENNA;ADAPTER;ANTENNA ADAPTER LEXSUS /TOYOTA;2;3;0;-1;0;1;609098804660;$7.00;$21.99
PAC;BAA44;ANTENNA;ADAPTER;ANTENNA ADAPTER Toyota/Lexus/Imports;7;7;0;0;0;18;609098804653;$8.16;$21.99
PAC;BAA43;ANTENNA;ADAPTER;ANTENNA ADAPTER HONDA OEM;2;2;0;0;0;;;$7.00;$24.99
PAC;BAA42;ANTENNA;ADAPTER;ANTENNA ADAPTER HONDA;3;3;0;0;0;5;609098803878;$8.16;$19.99
PAC;BAA41;ANTENNA;ADAPTER;ANTENNA ADAPTER HYUNDAI;1;1;0;0;0;;609098802734;$3.50;$21.99
PAC;BAA40;ANTENNA;ADAPTER;ANTENNA ADAPTER HYUNDAI;2;2;0;0;0;12;609098802673;$8.16;$19.99
PAC;BAA39;ANTENNA;ADAPTER;ANTENNA ADAPTER KIA;1;1;0;0;0;;;$3.50;$21.99
PAC;BAA38;ANTENNA;ADAPTER;ANTENNA ADAPTER KIA;3;3;0;0;0;;609098799850;$8.16;$19.99
PAC;BAA37;ANTENNA;ADAPTER;ANTENNA ADAPTER NISSAN;1;1;0;0;0;1;;$2.74;$21.99
PAC;BAA36;ANTENNA;ADAPTER;ANTENNA ADAPTER NISSAN (NI6);4;4;0;0;0;31;609098795340;$8.71;$19.99
PAC;BAA33;ANTENNA;ADAPTER;ANTENNA LEXUS 03-UP FEMALE;0;0;0;0;0;1;;$3.50;$21.99
PAC;BAA32;ANTENNA;ADAPTER;ANTENNA LEXUS 03-UP MALE;2;2;0;0;0;1;609098790307;$8.71;$21.99
PAC;BAA29;ANTENNA;ADAPTER;ANTENNA ADAPTER HONDA/ACURA;3;3;0;0;0;;609098787536;$3.74;$21.99
PAC;BAA28;ANTENNA;ADAPTER;(HO6) ANTENNA ADAPTER HONDA/ACURA;3;3;0;0;0;20;609098787529;$8.71;$19.99
PAC;BAA26;ANTENNA;ADAPTER;ANTENNA ADAPTER SUBARU;5;5;0;0;0;2;609098785082;$14.70;$21.99
PAC;BAA25;ANTENNA;ADAPTER;ANTENNA ADAPTER  VOLVO;1;1;0;0;0;;609098092982;$3.50;$21.99
PAC;BAA24;ANTENNA;ADAPTER;ANTENNA ADAPTER VOLVO;1;1;0;0;0;1;609098083447;$11.97;$24.99
PAC;BAA23;ANTENNA;ADAPTER;ANTENNA EUROPEAN/2002-UP;2;2;0;0;0;4;;$6.00;$21.99
PAC;BAA22;ANTENNA;ADAPTER;ANTENNA EUROPEAN/2002-UP;8;8;0;0;0;190;609098083423;$8.98;$19.99
PAC;BAA20;ANTENNA;ADAPTER;ANTENNA CHRYSLER- GM 07 FORD 0;6;4;0;2;0;281;609098077514;$7.62;$19.99
PAC;BAA18;ANTENNA;ADAPTER;(FD6) ANTENNA ADAPTER FORD;1;1;0;0;0;4;609098076067;$3.50;$21.99
PAC;BAA17;ANTENNA;ADAPTER;ANTENNA ADAPTER FORD;4;4;0;0;0;;609098076050;$5.98;$21.99
PAC;BAA11;ANTENNA;ADAPTER;ANTENNA ADAPTOR VOLKSWAGEN;3;3;0;0;0;;609098076029;$6.00;$21.99
PAC;BAA10;ANTENNA;ADAPTER;ANTENNA ADAPTER NISSAN;4;4;0;0;0;1;609098076012;$3.50;$21.99
AXXESS;AXVI6523;HARNESS;ADV;Chrysler Data Interface 2013-2019;2;2;0;0;0;5;086429385492;$72.00;$154.99
AXXESS;AXVI5524;HARNESS;ADV;Ford Data Interface 2011-2019;1;1;0;0;0;9;086429385454;$56.00;$99.99
AXXESS;AXVI5521;HARNESS;ADV;FORD DATA INTERFACE;1;1;0;0;0;-1;;$45.00;$89.99
AXXESS;AXVI1784;HARNESS;ADV;Sprinter 2007-2013 interface;1;1;0;0;0;;086429385348;$59.53;$89.99
AXXESS;AXVI1731;HARNESS;ADV;Honda Data Interface 2016-up;1;1;0;0;0;;086429385331;$51.81;$74.99
AXXESS;AXUSBTY6;ACCESSORY;USB;Toyota USB Adapter;2;2;0;0;0;;086429406135;$6.00;$24.99
METRA;AXUSBTY4;ACCESSORY;ADAPTER;Toyota USB Adapter Cable/ 12  In Length;2;2;0;0;0;1;086429387427;$6.00;$21.99
AXXESS;AXUSBMINIA;ACCESSORY;USB;USB TO MINI A ADAPTOR CABLE;3;3;0;0;0;;086429287765;$2.00;$17.99
AXXESS;AXUSBMB;ACCESSORY;USB;USB to Mini B Adapter Cable 12 Inch - GM;2;2;0;0;0;3;086429387311;$5.00;$24.99
AXXESS;AXUSBE6;ACCESSORY;USB;Male USB to Female USB Jack with Mount;1;1;0;0;0;10;086429387465;$10.87;$29.99
AXXESS;AXTRIG;ACCESSORY;;Universal Bypass Module;11;10;0;1;0;235;086429387687;$9.00;$19.99
AXXESS;AXTOYCAM1;HARNESS;CAM;Toyota Back-Up Camera Retain/Add-On 2012;1;1;0;0;0;;086429296583;$11.00;$34.99
AXXESS;AXTOTY1;HARNESS;ADV;TOYOTA Data Interface & Signal Turn-on;0;0;0;0;0;;086429385287;$57.00;$119.99
AXXESS;AXTOMI3;HARNESS;ADV;Mitsubishi Amplifier Interface 2014-2019;1;1;0;0;0;;086429385249;$124.41;$184.99
AXXESS;AXTCLN31;HARNESS;ADV;Provides Retained Accessory Power (10-Am;1;1;0;0;0;2;;$118.43;$199.99
AXXESS;AXTCLN30;HARNESS;ADV;Provides Retained Accessory Power (10-Am;1;1;0;0;0;;;$118.43;$199.99
AXXESS;AXTCFD3;HARNESS;ADV;Data And SWC Interface With Vehicle-Spec;1;1;0;0;0;;086429411672;$118.43;$214.99
AXXESS;AXTCFD2;HARNESS;ADV;Ford SWC and Data Interface 2012-Up;1;1;0;0;0;0;086429375769;$118.43;$199.99
AXXESS;AXTCCH13;HARNESS;ADV;Chrysler SWC and Data Interface 2004-Up;2;3;0;-1;0;13;086429384624;$118.43;$199.99
AXXESS;AXTCBM1;HARNESS;ADV;BMW Steering Wheel Control and Data Inte;1;1;0;0;0;;086429400065;$118.43;$199.99
AXXESS;AXSWC;HARNESS;SWC;Steering Wheel Control Interface;3;3;0;0;0;98;086429383580;$74.53;$104.99
AXXESS;AXSUBUSB2;ACCESSORY;USB;Subaru 2015-Up USB Retention;2;2;0;0;0;;086429319282;$10.00;$21.99
AXXESS;AXSUBUSB;ACCESSORY;USB;Subaru 4 Pin USB Adapter;1;1;0;0;0;;086429274444;$10.00;$21.99
AXXESS;AXSUB5RVC6V;HARNESS;CAM;Subaru 5-Pin Camera Retention 2015-Up;1;1;0;0;0;;086429356690;$13.00;$29.99
AXXESS;AXSPHK;HARNESS;ADV;Hyundai/Kia Amplifier Retention Interfac;0;0;0;0;0;1;086429384297;$69.42;$94.99
AXXESS;AXRSEHGL29;HARNESS;RSE;GM RSE A/V Harness 2007-Up;2;2;0;0;0;2;086429400041;$11.00;$39.99
AXXESS;AXRSEHG2;HARNESS;RSE;GM (with NAV) RSE A/V Harness 2012-2014;1;1;0;0;0;;086429400058;$11.00;$39.99
AXXESS;AXRSEHCH1;HARNESS;STANDARD;Chrysler RSE Retention Harness 2008-Up;2;2;0;0;0;9;086429384785;$15.00;$39.99
AXXESS;AXRCGMLN10;HARNESS;ADV;GM Data Interface 2016-Up;1;1;0;0;0;; 086429385218;$48.76;$89.99
AXXESS;AXRCGM44;HARNESS;ADV;GM Data Interface 2012-UP;1;1;0;0;0;;086429385164;$43.00;$119.99
AXXESS;AXRCCH1;HARNESS;ADV;Ram 1500/2500/3500 2013-2017 Data Interf;2;2;0;0;0;11;086429385126;$49.82;$119.99
AXXESS;AXRCBW1;HARNESS;ADV;Chime Retention Interface BMW/Mini 2006-;1;1;0;0;0;;086429385119;$54.59;$84.99
AXXESS;AXPS;ACCESSORY;;Universal-Amp Turn On/Off Timer;0;0;0;0;0;; 086429426751;$7.00;$29.99
AXXESS;AXPO90042;HARNESS;ADV;Porsche Cayenne (9PA) w/ MOST25 amp, SWC;0;0;0;0;0;;086429355679;$295.00;$549.99
AXXESS;AXPO90032;HARNESS;ADV;Porsche Cayenne (9PA) w/ MOST25 amp, SWC;0;0;0;0;0;;086429355662;$295.00;$549.99
AXXESS;AXNIS24SWC6V;HARNESS;ADV;Nissan (with NAV) 2011-Up Harness  with;2;2;0;0;0;;086429330942;$21.00;$49.99
AXXESS;AXMLOCHD1;LOC;STANDARD;Metra Harley Hi/Low Converter;1;1;0;0;0;;;$22.00;$49.99
AXXESS;AXMC90132;HARNESS;ADV;Mercedes CLS/E/SLK with MOST25 Amp, SWC;0;0;0;0;0;;086429355655;$280.00;$499.99
AXXESS;AXMC90082;HARNESS;ADV;Mercedes GL/ML/SLK/E-Class w/ MOST25 amp;0;0;0;0;0;;086429355648;$310.00;$599.99
AXXESS;AXMAZCAM6V;HARNESS;CAM;Mazda Backup Camera Retain/Add-On 2007-U;1;1;0;0;0;;086429330881;$17.00;$39.99
AXXESS;AXMAZCAM;HARNESS;CAM;Mazda Backup Camera Retain/Add-On 2007-U;1;1;0;0;0;;086429294640;$5.00;$21.99
AXXESS;AXM50GM1;HARNESS;ADV;GM MOST50 Amp Retention Interface;1;1;0;0;0;1;086429426317;$226.02;$389.99
AXXESS;AXLOCM150;LOC;STANDARD;2 Channel Line Output Conv. w/Turn-on;8;8;0;0;0;104;086429387625;$16.00;$39.99
AXXESS;AXLOCGM31;LOC;ADV;GM 2019-Up 2-Ch line Output Converter;1;1;0;0;0;1;086429424573;$55.86;$99.99
AXXESS;AXLOC80SP;LOC;STANDARD;2-Channel Adjustable Line Output Convert;2;2;0;0;0;16;086429387571;$9.00;$24.99
AXXESS;AXLLC;ACCESSORY;KNOB;RCA Level Controller;8;8;0;0;0;61;086429387694;$15.00;$29.99
AXXESS;AXJP901;HARNESS;ADV;Jeep Renegade 2015 Data Interface w/SWC,;0;0;0;0;0;;086429355525;$138.00;$249.99
AXXESS;AXHYKIAUSB2;ACCESSORY;USB;Hyundai /Kia USB Adapter;2;2;0;0;0;0;086429325429;$13.00;$29.99
AXXESS;AXHYKIAUSB;ACCESSORY;USB;Hyundai/Kia USB Retention Harness;2;2;0;0;0;;086429276585;$6.00;$21.99
AXXESS;AXHYKIACAM2;HARNESS;CAM;Hyundai Kia (without NAV) - Backup Camer;0;0;0;0;0;1;086429330805;$9.00;$29.99
AXXESS;AXHYKIACAM16V;HARNESS;CAM;Hyundai Kia (with NAV)-Backup Cam Retain;1;1;0;0;0;;086429332021;$17.00;$39.99
AXXESS;AXHYKIACAM1;HARNESS;CAM;Hyundai Kia (with NAV) 14-17 - Backup Ca;1;1;0;0;0;;086429331611;$8.00;$29.99
AXXESS;AXGMUSBAUX3;ACCESSORY;;3 Foot USB Hub Replacement Knockout - GM;0;0;0;0;0;1;086429324385;$12.00;$29.99
AXXESS;AXGMMT01;HARNESS;ADV;GM MOST(r) Amplifier Interface 2014-Up;0;0;0;0;0;;086429385072;$220.00;$449.99
AXXESS;AXGM13;HARNESS;ADV;GM Data Interface 2005-2011;1;1;0;0;0;;086429384952;$100.00;$189.99
AXXESS;AXGLIR;ACCESSORY;;RCA Ground Loop Isolator;4;4;0;0;0;20;086429395538;$17.00;$29.99
AXXESS;AXFDUSBAUX;ACCESSORY;;Ford USB/AUX/HDMI Knockout Replacement P;1;1;0;0;0;;086429326129;$14.00;$29.99
AXXESS;AXFAKRARCA;HARNESS;CAM;Mercedes 2014-2016 Backup Camera Retenti;1;1;0;0;0;;086429379255;$5.00;$21.99
AXXESS;AXEXHGMLN31;HARNESS;ADV;GM Interface Extension Harness 2019-Up;1;1;0;0;0;;;$50.76;$74.99
AXXESS;AXEXHGMLN30;HARNESS;ADV;GM Interface Extension Harness 2019-Up;1;1;0;0;0;;;$50.76;$74.99
AXXESS;AXEXHGM10;HARNESS;ADV;GM Interface Extension Harness 2016-Up;1;1;0;0;0;; 086429386796;$37.73;$64.99
AXXESS;AXEXHGM09;HARNESS;ADV;GM Interface Extension Harness 2016-Up;1;1;0;0;0;1;086429386802;$40.56;$64.99
AXXESS;AXDSPXETH1;HARNESS;ADV;DSP-X w/T-Harness - 2019-UP GM with BOSE;1;1;0;0;0;1;086429424788;$331.10;$524.99
AXXESS;AXDSPXA2B2;HARNESS;ADV;Axxess B&O /DSP Pkg w/Amp Bypass Harness;0;0;0;0;0;;086429383993;$383.26;$529.99
AXXESS;AXDSPLHN2;HARNESS;ADV;DSP Lite 6-RCA Output Honda 2016-Up;0;0;0;0;0;0;086429386390;$200.00;$399.99
METRA;AXDSPLGM32;HARNESS;ADV;DSP “Lite Package Fits GM 2022-24;0;0;0;0;0;;086429434060;$235.00;$449.99
AXXESS;AXDSPLGM31;HARNESS;ADV;DSP “Lite Fits Select GM 2019-UP;1;1;0;0;0;-1;;$210.00;$399.99
AXXESS;AXDSPLGM30;HARNESS;ADV;DSP “Lite Fits Select GM 2019-UP;1;1;0;0;0;-1; 086429400249;$198.00;$399.99
AXXESS;AXDITY1;HARNESS;ADV;Lexus/Toyota Amp Interface 2001-2015;1;1;0;0;0;3;086429385393;$50.00;$109.99
AXXESS;AXDISTY3;HARNESS;ADV;Toyota Data Interface with SWC 2018-up;1;1;0;0;0;; 086429384693;$141.28;$224.99
AXXESS;AXDISTY2;HARNESS;ADV;Toyota Interface w/ SWC 2012-up JBL;2;2;0;0;0;2;086429384686;$141.28;$224.99
AXXESS;AXDISTY1;HARNESS;ADV;Toyota/Lexus 2002-15 Interface /swc;2;2;0;0;0;6;086429384679;$141.28;$224.99
AXXESS;AXDISMB82;HARNESS;ADV;Mercedes GL | ML | SLK | E 05-12 MOST25;1;1;0;0;0;;086429384457;$361.29;$624.99
AXXESS;AXDISMB132;HARNESS;ADV; 2002-2011 MOST25 Radio;1;1;0;0;0;;086429384464;$361.29;$609.99
AXXESS;AXDISLR92;HARNESS;ADV;Land Rover LR3/RR-SPRT w/ MOST25 amp - S;0;0;0;0;0;;086429384334;$361.29;$494.99
AXXESS;AXDISLR82;HARNESS;ADV;Land Rover Range Rover Vogue w/MOST25 Am;0;0;0;0;0;;086429384327;$361.29;$514.99
AXXESS;AXDISHK1;HARNESS;ADV;Hyundai/Kia Data Interface with SWC 2010;1;1;0;0;0;1;086429384235;$141.28;$194.99
AXXESS;AXDISGMLN44;HARNESS;ADV;GM Data Interface with SWC 2012-2016;1;1;1;0;0;2;086429384198;$141.28;$224.99
AXXESS;AXDISGMLN29;HARNESS;ADV;GM Data Interface with SWC 2006-Up;3;3;0;0;0;43;086429384181;$141.28;$209.99
AXXESS;AXDISFD1;HARNESS;ADV;Ford Data Interface with SWC 2007-Up;2;2;0;0;0;14;086429384099;$141.28;$199.99
AXXESS;AXDISBW122;HARNESS;ADV;Provides Accessory Power (12 Volt 10 Amp;1;1;0;0;0;;086429383894;$361.29;$604.99
AXXESS;AXDIMB1;HARNESS;ADV;Mercedes Data Interface 2001-up;1;1;0;0;0;2;086429384440;$62.67;$109.99
AXXESS;AXDIGMLN9;HARNESS;ADV;GM 2014-Up* Radio Replacement Interface;2;2;0;0;0;;086429432974;$69.92;$124.99
AXXESS;AXDIGMLN11;HARNESS;ADV;GM Data Interface 2006-2012;1;1;0;0;0;20;086429384143;$51.81;$99.99
AXXESS;AXDIFD2;HARNESS;ADV;Ford 2011-Up* Radio Replacement Interfac;0;0;0;0;0;;086429432905;$69.92;$104.99
AXXESS;AXDIFD1;HARNESS;ADV;Ford CAN Data Interface 2007-Up;2;2;0;0;0;10;086429384082;$82.06;$129.99
AXXESS;AXCSD6V;ACCESSORY;;12-Volt to 6-Volt Step-Down Converter;3;3;0;0;0;6;086429383917;$12.50;$29.99
AXXESS;AXCAM6V;HARNESS;CAM;12-volt to 6-volt Step-Down Converter;2;2;0;0;0;1;086429316052;$13.00;$29.99
AXXESS;AXBUCVW92;HARNESS;CAM;Volkswagen / Skoda Camera Retention Inte;2;2;0;0;0;0;086429384747;$71.19;$119.99
AXXESS;AXBUCSSB286V;HARNESS;CAM;Subaru 2015-Up Backup Cam Retention Harn;1;1;0;0;0;;086429384587;$20.00;$49.99
AXXESS;AXBUCSNI406V;HARNESS;CAM;Retains F-Backup Camera Nissan 2016+;1;1;0;0;0;; 086429384501;$37.31;$64.99
AXXESS;AXBUCSNI326V;HARNESS;CAM;Retains The Factory Backup Camera To An;2;2;2;0;0;5;086429384495;$34.63;$59.99
AXXESS;AXBUCHT36V;HARNESS;CAM;Toyota Backup Camera Retain/Add-On 2013-;2;2;0;0;0;8;086429384662;$41.26;$59.99
AXXESS;AXBUCHT26V;HARNESS;CAM;Toyota Back-Up Camera Retain/Add-On 2006;1;1;0;0;0;1;086429384655;$39.17;$59.99
AXXESS;AXBUCHSB2;HARNESS;CAM;Backup Camera Retention - Subaru 15-Up (;1;1;0;0;0;;086429386932;$20.00;$49.99
AXXESS;AXBUCHSB1;HARNESS;CAM;Subaru (w/ 7 screen) 5-Pin Camera Reten;1;1;0;0;0;;086429384594;$20.00;$49.99
AXXESS;AXBUCHMZ6V;HARNESS;CAM;Mazda Backup Camera Retain/Add-On 2007-2;1;1;0;0;0;1;086429384433;$23.00;$49.99
AXXESS;AXBUCHMI6V;HARNESS;CAM;Mitsubishi Backup Camera Retain/Add-On 2;1;1;0;0;0;4;086429384471;$22.00;$49.99
AXXESS;AXBUCHHK2;HARNESS;CAM;Hyundai Kia 2014-2017 (w/o NAV) - backup;2;2;0;0;0;1;086429386864;$10.34;$29.99
AXXESS;AXBUCHGM3;HARNESS;CAM;GM 2014-Up Back Up Camera Retention;1;1;0;0;0;0;086429384778;$7.00;$29.99
AXXESS;AXBUCHGM29;HARNESS;CAM;GM 2006-2017 Backup Camera Retention Har;3;3;0;0;0;1;086429384761;$12.00;$29.99
AXXESS;AXBUCHGM2;HARNESS;CAM;GM 2012-Up Back Up Camera Retention;2;2;2;0;0;1;086429395002;$10.00;$29.99
METRA;AXBUCHFD1;HARNESS;CAM;Ford 2020-Up Backup Camera Retention Har;1;1;0;0;0;;086429411733;$12.00;$39.99
AXXESS;AXBUCHCH1;HARNESS;CAM;Chrysler Backup Camera Retention 2011-20;2;2;0;0;0;;086429383955;$10.00;$29.99
AXXESS;AXBUCH6VHK2;HARNESS;CAM;Hyundai/Kia (W/O NAV) Backup Camera Reta;1;1;0;0;0;;086429384280;$23.00;$49.99
AXXESS;AXBUCH6VH24V;HARNESS;CAM;Honda (without Touchscreen) 2015-Up Harn;1;1;0;0;0;;086429384211;$22.03;$59.99
METRA;AXBTHNIS;HARNESS;STANDARD;Nissan Bluetooth SWC Retention 2006-2016;0;0;1;0;0;;086429386826;$7.00;$21.99
AXXESS;AXAMBM91;HARNESS;CAM;Bmw Camera Interface 2010-2017;0;0;0;0;0;;;$320.00;$599.99
AXXESS;AXALOC700;LOC;STANDARD;2 Channel Line Output Converter with Sho;1;1;0;0;0;;086429322244;$7.00;$19.99
AXXESS;AXACFD1;HARNESS;CAM;Ford Camera Interface with Pre-Wired Har;0;0;0;0;0;1;086429386772;$186.07;$284.99
AXXESS;AXACCH5;HARNESS;ADV;Chysler Add-On Multiple CAN Activated Ca;0;0;0;0;0;;086429386758;$186.07;$274.99
METRA;AXACCH4;HARNESS;ADV;Chrysler/Dodge/Jeep Camera Interface;0;0;0;0;0;;086429386741;$186.07;$319.99
AXXESS;AXABHHN1;HARNESS;STANDARD;Amp Bypass Harness - Honda 2016-Up;1;1;0;0;0;;086429387038;$10.00;$29.99
AXXESS;AXABHGM1;HARNESS;STANDARD;GM AMP BYPASS HARNESS;2;2;0;0;0;;;$12.00;$29.99
AXXESS;AXABHFD1;HARNESS;STANDARD;Ford Amp Bypass Harness 2011-2017 (Sony;1;1;0;0;0;;086429387014;$10.00;$29.99
AXXESS;AXABHCH4;HARNESS;STANDARD;Chrysler Amp Bypass Harness 2015-Up;1;1;0;0;0;;086429387007;$10.00;$29.99
AXXESS;AXABHCH3;HARNESS;STANDARD;DODGE AMP BYPASS HARNESS;1;1;0;0;0;;;$12.00;$29.99
AXXESS;AXABHCH2;HARNESS;STANDARD;AMP BYPASS HARNESS;1;1;0;0;0;1;;$12.00;$29.99
AXXESS;AX2USB;ACCESSORY;ADAPTER;Dual USB Cigarette Sized Filler/ Chargin;2;2;0;0;0;1;086429387458;$10.00;$29.99
RAPTOR;AW669SP;SPKR;COAX;6 X 9 Dual Cone Speaker (Each);2;2;0;0;0;2;;$35.00;$69.99
RAPTOR;AW668SP;SPKR;COAX;6 X 8 Dual Cone Speaker (Each);2;2;0;0;0;6;;$35.00;$69.99
RAPTOR;AW660SP;SPKR;COAX;6.5 Dual Cone Speaker (Each);3;3;0;0;0;3;;$35.00;$69.99
AUDIOVOX;AVXSB10DD2;VIDEO;VIDEO;AUDIOVOX DUAL 10.1 SEAT-BACK;1;1;0;0;0;;044476140396;$980.00;$1,849.99
AUDIOVOX;AVXMTGHR9HD;VIDEO;HRM;AUDIOVOX 9 HEADREST/ DVD;2;2;3;0;0;3;044476125492;$195.00;$399.99
PIONEER;AVHW4500NEX;SCREEN;2DIN;In-Dash Multimedia Receiver with DVD;0;0;0;0;0;2;884938429702;$721.00;$999.99
PIONEER;AVH3500NEX;SCREEN;1DIN;7 Flip-out w/ DVD, Carplay,Android Auto;0;0;0;0;0;4;884938426091;$605.90;$829.99
PIONEER;AVH2550NEX;RADIO;CD;Multimedia DVD Receiver with 6.8 WVGA D;0;0;0;0;0;1;884938415590;$474.50;$649.99
PIONEER;AVH241EX;SCREEN;2DIN;6.2 DVD Player w/ BT Touch;1;1;0;0;0;16;884938479066;$246.30;$329.99
LABOR;AUX;LABOR;;AUX OR FM MODULATOR;0;0;0;0;0;;;$0.00;$75.00
BEST KIT;AUDK616;DASH KIT;STANDARD;2007-2015 AUDI TT;1;1;0;0;0;;;$37.85;$49.99
PAC;AUDK615;DASH KIT;STANDARD;DASH KIT AUDI A3;1;1;0;0;0;0;012339615008;$29.19;$39.99
PAC;AUDK611;DASH KIT;STANDARD;DASH KIT AUDI A6;1;1;0;0;0;;012339061102;$32.12;$39.99
PAC;AUDK610;DASH KIT;STANDARD;DASH KIT AUDI A4 A6 A8 TT;1;1;0;0;0;;012339006103;$8.37;$29.99
PAC;AU2;DASH KIT;STANDARD;DASH KIT AUDI A4 / AS;1;1;0;0;0;;;$13.00;$39.99
INSTALLBAY;ASPA;ACCESSORY;;Glue Spray All;4;4;0;0;0;;;$5.07;$17.99
FOCAL;ASE165;SPKR;CMP;6.5 2-Way Component Kit;5;5;2;0;0;19;3544054750766;$110.00;$219.99
FOCAL;ASE130;SPKR;CMP;5.25 2-Way Component Kit;2;2;0;0;0;;044476134876;$110.00;$219.99
LABOR;ARS;LABOR;ALARM;ALARM /REMOTE START;0;0;0;0;0;;;$0.00;$295.00
AUDIOPIPE;AQK1210BG;ACCESSORY;HARNESS;AUDIOPIPE 10GA 12 DISCONNECT;1;1;0;0;0;2;;$2.65;$17.99
AUDIOPIPE;APV20;RCA;2CH;AUDIOPIPE VIDEO 20F RCA;0;0;0;0;0;1;;$15.00;$29.99
PAC;APSUBGM61;LOC;ADV;AmpPRO SUB Interface for GM 2014-19;1;1;0;0;0;4;609098834186;$192.03;$349.00
PAC;APSUBFD21;LOC;ADV;AmpPRO SUB Interface for Ford 2011-19;1;1;0;0;0;;609098834179;$159.76;$299.00
PAC;APSUBCH42;LOC;ADV;Amp PRO for 2021-2024 Chrysler, Dodge,;1;1;0;0;0;;;$159.76;$299.00
PAC;APSUBCH41;LOC;ADV;AmpPRO SUB Interface for Chry. 2013-20;2;2;0;0;0;4;609098834162;$159.76;$299.00
PAC;APSUBCH21;LOC;ADV;AmpPRO SUB Interface for Chry. 2007-15;2;2;0;0;0;;609098834155;$159.76;$299.00
PRESTIGE;APS997Z;AL/RS;COMBO;2-Way LCD Remote Start/Security (1-Mile);1;1;0;0;0;10;044476135569;$180.00;$549.99
PRESTIGE;APS57TM;AL/RS;RS;1-Way Remote Start w/ Keyless Entry;1;1;0;0;0;28;;$60.00;$350.00
PAC;APHTY04;HARNESS;ADV;PAC TOYOTA / LEXUS  AMP BYPASS HAR;1;1;0;0;0;;609098828512;$43.02;$59.99
PAC;APHTY03;HARNESS;ADV;PAC TOYOTA / LEXUS  AMP BYPASS HAR;0;0;0;0;0;;609098828505;$43.02;$59.99
PAC;APHTY02;HARNESS;ADV;PAC TOYOTA / LEXUS  AMP BYPASS HAR;1;1;0;0;0;0;609098828499;$43.02;$59.99
PAC;APHTY01;HARNESS;ADV;PAC TOYOTA / LEXUS  AMP BYPASS HAR;1;1;0;0;0;1;609098828482;$43.02;$59.99
PAC;APHGM02;HARNESS;ADV;PAC GM AMP BYPASS T-HARNESS;1;1;0;0;0;;609098828420;$43.02;$59.99
PAC;APHFD01;HARNESS;ADV;PAC FORD  AMP BYPASS T-HARNESS;1;1;0;0;0;1;609098827386;$64.58;$79.99
PAC;APHCH42;HARNESS;LOC;AP4 Harness for Select 2021+ Jeep/Ram/Ch;1;1;0;0;0;;609098900706;$30.00;$59.99
PAC;APHCH03;HARNESS;STANDARD;Speaker Connection Harnes works AP4-CH41;1;1;0;0;0;;609098833530;$37.30;$59.99
PAC;APHCH01;HARNESS;ADV;PAC DODGE AMP BYPASS HARNESS;1;1;0;0;0;;609098827416;$43.02;$59.99
PAC;AP4TY14;HARNESS;ADV;2022+ Toyota Amplied Integration Interf;0;0;0;0;0;;609098907330;$289.00;$499.00
PAC;AP4TY13;HARNESS;ADV;TOYOTA AMP-PRO INTEGRATION;1;1;0;0;0;;609098828291;$289.00;$499.00
PAC;AP4TY12;HARNESS;ADV;TOYOTA AMP-PRO INTEGRATION;1;1;0;0;0;;609098826112;$289.00;$499.00
PAC;AP4TY11;HARNESS;ADV;TOYOTA AMP-PRO INTEGRATION;0;0;0;0;0;;609098826099;$289.00;$499.00
PAC;AP4GM71;HARNESS;ADV;2019+ GM W/Bose Amplifier Integration;1;1;0;0;0;;609098903509;$349.00;$649.00
PAC;AP4GM61;HARNESS;ADV;GM AMP-PRO INTEGRATION;1;1;0;0;0;;609098826105;$329.00;$599.00
PAC;AP4FD31;HARNESS;ADV;FORD AMP-PRO INTEGRATION;0;0;0;0;0;;609098900409;$329.00;$599.00
PAC;AP4FD21;HARNESS;ADV;FORD AMP-PRO INTEGRATION;1;1;0;0;0;2;609098817042;$289.00;$499.00
PAC;AP4FD11;HARNESS;ADV;FORD AMP-PRO INTEGRATION;1;1;0;0;0;;609098826082;$289.00;$499.00
PAC;AP4CH42;HARNESS;ADV;Amp PRO 2021-24 Chrysler, Dodge, Jeep;2;2;0;0;0;-1;;$289.00;$449.00
PAC;AP4CH41;HARNESS;ADV;CHRYSLER AMP-PRO INTEGRATION;1;1;0;0;0;5;609098817011;$290.00;$489.99
PAC;AP4CH21;HARNESS;ADV;AmpPRO Integration for Chry/Dod/Jeep;0;0;0;0;0;;609098819961;$289.00;$499.00
PAC;AOEMGM1416;HARNESS;ADV;Amplifier Interface For GM w/ Os3bose;1;1;0;0;0;0;606523106832;$50.66;$69.99
INSTALLBAY;ANL80;ACCESSORY;FUSE;80 AMP ANL FUSE;8;8;0;0;0;6;086429283170;$2.00;$5.99
RAPTOR;ANL500;ACCESSORY;FUSE;RAPTOR ANL 500AMP FUSE;13;13;0;0;0;19;;$2.00;$6.99
METRA;ANL400;ACCESSORY;FUSE;ANL 400 AMP Fuse;12;12;0;0;0;4;086429395590;$2.00;$6.99
RAPTOR;ANL300;ACCESSORY;FUSE;RAPTOR ANL 300AMP FUSE;13;13;0;0;0;35;;$1.13;$6.99
RAPTOR;ANL250;ACCESSORY;FUSE;RAPTOR ANL 250AMP FUSE;15;15;0;0;0;19;;$1.13;$6.99
RAPTOR;ANL200;ACCESSORY;FUSE;RAPTOR ANL 200AMP FUSE;15;15;0;0;0;27;;$1.13;$6.99
RAPTOR;ANL150;ACCESSORY;FUSE;RAPTOR ANL 150AMP FUSE;55;55;0;0;0;71;;$1.25;$6.99
RAPTOR;ANL100;ACCESSORY;FUSE;RAPTOR ANL 100AMP FUSE;20;20;0;0;0;31;;$1.13;$6.99
PAC;ANCCH01;HARNESS;STANDARD;PAC ANC MODULE BYPASS HARNESS;2;2;0;0;0;;609098831680;$22.24;$39.99
SCOSCHE;AMYC4X2SD;RCA;Y;SCOSCHE Y ADAPTER;2;2;0;0;0;4;;$4.00;$7.99
LABOR;AMP0;LABOR;AMP;Amplifier 0 Gauge;0;0;0;0;0;;;;$290.00
LABOR;AMP;LABOR;AMP;AMPLIFIER;500;496;0;4;0;;;;$235.00
LABOR;ALA;LABOR;ALARM;ALARM;0;0;0;0;0;;;$0.00;$199.00
ALPINE;AL160407;HARNESS;STANDARD;HARNESS ALPINE  16 PIN;0;0;0;0;0;;;$7.00;$19.99
ALPINE;AL1604;HARNESS;STANDARD;HARNESS ALPINE;0;0;0;0;0;2;;$2.00;$19.99
ALPINE;AL16000;HARNESS;STANDARD;HARNESS ALPINE  16 PIN;2;2;0;0;0;;;$7.17;$19.99
METRA;AK8OFC;AMP KIT;OFC;8 GA OFC Amp Kit;0;0;0;0;0;;086429411108;$36.00;$89.99
AUDIOPIPE;AIQS35353;ACCESSORY;;AUDIOPIPE AUX 3-F CABLE;0;0;0;0;0;4;;$4.00;$14.99
LABOR;AIO;LABOR;VIDEO;FLIP DOWN MONITOR;0;0;0;0;0;;;$0.00;$350.00
INSTALLBAY;AGU80;ACCESSORY;FUSE;Absolute  80 Amp 12 Volt;34;34;0;0;0;26;;$1.00;$2.50
KICKER;AFS100;ACCESSORY;FUSE;KICKER FUSE 100A PAIR;3;3;0;0;0;16;;$4.00;$9.99
PRESTIGE;ADSTHRTL7;AL/RS;T-HARNESS;TOYOTA TL7 T-HARNESS KIT;1;1;0;0;0;5;627780001296;$51.25;$99.99
PRESTIGE;ADSTHRTL5;AL/RS;T-HARNESS;TOYOTA TL5 T-HARNESS KIT;0;0;0;0;0;11;627780006178;$51.25;$99.99
PRESTIGE;ADSTHRTL10;AL/RS;T-HARNESS;Toyota T-harness;0;0;0;0;0;2;;$100.00;$195.00
PRESTIGE;ADSTHRSU2;AL/RS;T-HARNESS;subaru / toyota t-harness RMS;1;1;0;0;0;1;;$60.00;$119.99
PRESTIGE;ADSTHRSU1;AL/RS;T-HARNESS;Subaru SU1 T-Harness Kit - includes RFID;1;1;0;0;0;1;;$75.00;$150.00
PRESTIGE;ADSTHRNI5;AL/RS;T-HARNESS;NISSAN NI5 T-HARNESS KIT;2;2;1;0;0;2;627780006154;$51.25;$99.99
PRESTIGE;ADSTHRNI4;AL/RS;T-HARNESS;NISSAN NI4 T-HARNESS KIT;2;2;0;0;0;2;627780006147;$51.25;$99.99
PRESTIGE;ADSTHRNI3;AL/RS;T-HARNESS;NISSAN NI3 T-HARNESS KIT;1;1;1;0;0;4;627780001159;$51.25;$99.99
PRESTIGE;ADSTHRNI10;AL/RS;T-HARNESS;T-Harness Nissan 2018-Up;1;1;0;0;0;;627780001159;$53.00;$99.99
PRESTIGE;ADSTHRMA6;AL/RS;T-HARNESS;Mazda T-Harness;2;2;0;0;0;;;$66.00;$119.99
PRESTIGE;ADSTHRMA3;AL/RS;T-HARNESS;MAZDA MA3 T-HARNESS KIT;2;2;0;0;0;1;627780005225;$54.00;$100.00
PRESTIGE;ADSTHRHK9;AL/RS;T-HARNESS;KIA / HYUNDAI T-HARNESS;2;2;0;0;0;1;627780003085;$40.00;$99.99
PRESTIGE;ADSTHRHK8;AL/RS;T-HARNESS;KIA / HYUNDAI T-HARNESS;1;1;0;0;0;1;627780002804;$45.00;$109.99
PRESTIGE;ADSTHRHA8;AL/RS;T-HARNESS;HONDA HA8 T-HARNESS KIT;1;1;0;0;0;;627780002385;$51.25;$99.99
PRESTIGE;ADSTHRHA3;AL/RS;T-HARNESS;HONDA HA3 T-HARNESS KIT;0;0;0;0;0;4;627780006161;$51.25;$99.99
PRESTIGE;ADSTHRHA10;AL/RS;T-HARNESS;T-Harness Honda/Acura (w/Takeover);1;1;0;0;0;2;627780002408;$60.00;$120.00
PRESTIGE;ADSTHRGM7;AL/RS;T-HARNESS;GM GM7 T-HARNESS KIT;1;1;0;0;0;;;$25.25;$50.00
AUDIOVOX;ADSTHRGM14;AL/RS;T-HARNESS;T-Harness for Select GM PTS models 2020+;1;1;0;0;0;;;$68.63;$179.99
PRESTIGE;ADSTHRGM13;AL/RS;T-HARNESS;GM GM13 T-HARNESS KIT;0;0;0;0;0;6;627780003467;$45.00;$89.99
PRESTIGE;ADSTHRGM12;AL/RS;T-HARNESS;GM GM12 T-HARNESS KIT;2;2;0;0;0;3;044476135705;$45.00;$89.99
PRESTIGE;ADSTHRGM10;AL/RS;T-HARNESS;GM GM10 T-HARNESS KIT;2;2;0;0;0;2;627780005188;$25.25;$50.00
PRESTIGE;ADSTHRFM8;AL/RS;T-HARNESS;FORD FM8 T-HARNESS KIT;2;2;0;0;0;5;627780001678;$45.00;$89.99
PRESTIGE;ADSTHRCH4;AL/RS;T-HARNESS;CHRYSLER CH4 T-HARNESS KI;1;1;1;0;0;1;627780005195;$25.25;$50.00
PRESTIGE;ADSTHRCH12;AL/RS;T-HARNESS;Chrysler/Dodge/Jeep T-HARNESS;2;2;0;0;0;3;627780003306;$35.00;$69.99
PRESTIGE;ADSTHRBZ3;AL/RS;T-HARNESS;BMW/MERCEDES T-Harness;0;0;0;0;0;;627780002705;$121.00;$249.99
PRESTIGE;ADSTHRBZ1;AL/RS;T-HARNESS;BMW/MERCEDES T-Harness;0;0;0;0;0;;627780002682;$121.00;$249.99
PRESTIGE;ADSTHRBM1;AL/RS;T-HARNESS;BMW/MERCEDES T-Harness;1;1;0;0;0;;627780002675;$121.00;$249.99
IDATALINK;ADSRNGC1;AL/RS;RS;IDATALINK IMMOBILIZER RING;1;1;0;0;0;;;$20.00;$39.99
LABOR;ADSR;LABOR;ADS;ADS INTERLOCK SYSTEM REMOVE;0;0;0;0;0;;;$0.00;$125.00
IDATALINK;ADSMSW;HARNESS;SWC;Maestro Steering Wheel Control;5;5;0;0;0;9;;$45.00;$109.99
IDATALINK;ADSMRR2;HARNESS;ADV;IDATALINK MAESTRO RR / SWC;2;2;1;0;0;3;627780002750;$150.00;$249.99
IDATALINK;ADSMRR;HARNESS;ADV;IDATALINK MAESTRO RR / SWC;4;4;0;0;0;34;627780005669;$100.00;$189.99
IDATALINK;ADSMAR;HARNESS;ADV;Factory Amplifier Replacement Module;0;0;0;0;0;;;$70.00;$129.99
LABOR;ADSE;LABOR;ADS;ADS INTERLOCK Calibration;0;0;0;0;0;;;$0.00;$35.00
LABOR;ADSD;LABOR;ADS;ADS DIAGNOSIS AND REPAIR;0;0;0;0;0;;;$0.00;$100.00
IDATALINK;ADSAHRPWR;AL/RS;RS;HIGH CURRENT HARNESS W/ FLRSBA;0;0;0;0;0;2;627780002439;$12.75;$39.99
LABOR;ADS2;LABOR;ADS2;ADS  Ignition Interlock System;0;0;0;0;0;;;;$395.00
LABOR;ADS1;LABOR;ADS;ADS  Ignition Interlock System;0;0;0;0;0;;;;$275.00
LABOR;ADS;LABOR;ADS;ADS INTERLOCK SYSTEM;0;-1;0;1;0;;;$0.00;$225.00
FOCAL;ACX690;SPKR;COAX;6 X 9 3-Way Coaxial Kit;5;5;0;0;0;5;033991068780;$110.00;$219.99
FOCAL;ACX570;SPKR;COAX;5 X 7 2-Way Coaxial Kit;4;4;0;0;0;6;3544059750235;$100.00;$199.99
FOCAL;ACX165S;SPKR;COAX;6.5 2-Way Slim Coaxial Kit;1;1;0;0;0;3;3544059750761;$85.00;$169.99
FOCAL;ACX165;SPKR;COAX;6.5 2-Way Coaxial Kit;2;2;0;0;0;16;3544058750762;$85.00;$169.99
FOCAL;ACX130;SPKR;COAX;5.25 2-Way Coaxial Kit;0;0;0;0;0;4;3544057750763;$85.00;$169.99
FOCAL;ACX100;SPKR;COAX;4 2-Way Coaxial Kit;0;0;0;0;0;1;3544056750764;$67.50;$134.99
PAC;ACUK864;DASH KIT;STANDARD;DASH KIT ACURA  RSX / S;1;1;0;0;0;4;012339008640;$16.17;$29.99
PAC;ACUK862;DASH KIT;STANDARD;DASH KIT D-DIN ACURA CL / TL;1;1;0;0;0;3;012339008626;$10.76;$29.99
AUDIOCONTROL;ACR4;ACCESSORY;KNOB;Dual control knob Epicenter Micro;0;0;0;0;0;1;;$40.32;$59.99
AUDIOCONTROL;ACR3;ACCESSORY;KNOB;Amp/Processor Wired Level Control;1;1;0;0;0;3;855814005365;$14.03;$59.99
AUDIOCONTROL;ACR2;ACCESSORY;KNOB;AUDIOCONTROL KNOB;0;0;0;0;0;1;855814005358;$16.97;$49.99
AUDIOCONTROL;ACR1;ACCESSORY;KNOB;AUDIOCONTROL KNOB;3;3;0;0;0;10;855814005341;$30.53;$49.99
JL AUDIO;ACP112LGTW1;ENCLOSURE;POWERED; Amplified MicroSub w/ single 12TW1 (slo;1;1;0;0;0;4;699440933339;$541.00;$899.99
JL AUDIO;ACP110LGTW1;ENCLOSURE;POWERED; Amplified MicroSub w/ single 10TW1 (slo;2;2;0;0;0;1;699440933322;$481.00;$799.99
JL AUDIO;ACP108LGW3V3;ENCLOSURE;POWERED; Amplified MicroSub w/ single 8W3v3 (slo;0;0;0;0;0;1;699440933308;$361.00;$599.99
IDATALINK;ACCHUPIO1;HARNESS;ADV;Adapter harness for Pioneer radios;3;3;0;0;0;4;;$6.00;$24.99
IDATALINK;ACCHUKEN3;HARNESS;STANDARD;iDatalink Maestro ACC-HU-KEN3;2;2;0;0;0;;;$14.00;$29.99
IDATALINK;ACCHUKEN2;HARNESS;ADV;Adapter harness for Kenwood radios;2;2;0;0;0;;;$6.00;$29.99
IDATALINK;ACCHUKEN1;HARNESS;ADV;Adapter harness for Kenwood radios;2;2;0;0;0;;;$6.00;$24.99
IDATALINK;ACCHUALP1;HARNESS;ADV;Adapter harness for Alpine radios;1;1;0;0;0;;;$6.00;$24.99
LABOR;ACC;LABOR;;RUN ACCESSORY;0;0;0;0;0;;;$0.00;$75.00
PAC;ABS1200P;ACCESSORY;;12X12 PLAIN ABS SHEET;6;6;0;0;0;;;$2.00;$17.99
PAC;ABS1200D;ACCESSORY;;12X12 PLAIN ABS SHEET W/CUT;3;3;0;0;0;;;$2.49;$17.99
PAC;ABS1200;ACCESSORY;;12X12 PLAIN ABS SHEET;1;1;0;0;0;;;$2.49;$17.99
ALPINE;AB2016;ACCESSORY;MIC;ALPINE BLUTOOTH MIC;1;1;0;0;0;1;;$15.00;$29.99
PAC;AA1576B;DASH KIT;STANDARD;DASH KIT MDX 01 & UP;1;1;0;0;0;;;$5.99;$29.99
METRA;A35MM6;ACCESSORY;;Metra Aux 6-Feet Cable;0;0;0;0;0;;;$5.00;$14.99
METRA;A35MM2;ACCESSORY;;Metra Aux 2-Feet Cable;0;0;0;0;0;;;$4.00;$12.99
MISC;9WIRE;WIRE;CCA;9-Wire for 4-Channel Amp and Turn-On;1;160;0;0;0;;609098796262;$0.80;$2.95
METRA;999605B;DASH KIT;STANDARD;Porsche 911 / Boxster 1997-2002;1;1;0;0;0;;086429325924;$16.96;$49.99
METRA;999604B;DASH KIT;STANDARD;Porsche Cayenne 2003-2010;1;1;0;0;0;;086429319664;$13.00;$39.99
METRA;999600;DASH KIT;ADV;Harley-Davidson 1998-2013;1;1;0;0;0;3;086429288526;$22.00;$59.99
METRA;999501B;DASH KIT;STANDARD;Jaguar X and  S Series;1;1;0;0;0;1;086429215881;$35.90;$59.99
METRA;999402B;DASH KIT;STANDARD;Land Rover Range Rover 2003-2012;0;0;0;0;0;;086429359455;$21.00;$49.99
METRA;999326B;DASH KIT;ADV;Mini Cooper Hardtop: Coupe 3-Dr (F56) 20;1;1;0;0;0;;086429401321;$40.75;$69.99
METRA;999309;DASH KIT;STANDARD;Mini 2007-2015;1;1;0;0;0;1;086429216710;$22.00;$49.99
METRA;999306B;DASH KIT;STANDARD;BMW 3-Series 2006-2013 / 1-Series 2008-2;0;0;0;0;0;;086429199358;$13.64;$29.99
METRA;999305;DASH KIT;STANDARD;BMW X3 2004-2010;1;1;0;0;0;2;086429153756;$10.55;$29.99
METRA;999303;DASH KIT;STANDARD;BMW Z4 2003-2008;2;2;0;0;0;;086429138685;$10.01;$29.99
METRA;999230G;DASH KIT;STANDARD;Volvo S80 1999-2006 1 & 2-Din Kit;1;1;0;0;0;1;086429343058;$22.00;$49.99
METRA;999229G;DASH KIT;STANDARD;Volvo S60/V70 2001-2004;0;0;0;0;0;;086429316755;$15.69;$34.99
METRA;999226;DASH KIT;ADV;No longer available - Please order part;0;0;0;0;0;;;$43.00;$79.99
METRA;999224;DASH KIT;ADV;No Longer Available - Use replacement pa;1;1;0;0;0;;;$38.00;$79.99
METRA;999109B;DASH KIT;STANDARD;Audi A3 2006-2013 1/2-Din;1;1;0;0;0;;086429334100;$20.00;$39.99
METRA;999107B;DASH KIT;ADV;Audi A4/RS 4/S4 2002-2008 (with Symphony;1;1;0;0;0;2;086429204083;$36.40;$54.99
METRA;999105;DASH KIT;ADV;Audi A4 2000-2001;1;1;0;0;0;;086429160433;$20.41;$59.99
METRA;999101;DASH KIT;ADV;NLA - PLEASE ORDER PART 99-9108B;0;0;0;0;0;;;$36.00;$79.99
METRA;999014HG;DASH KIT;STANDARD;Volkswagen Jetta 2019-Up;1;1;0;0;0;;086429392667;$27.00;$44.99
METRA;998912HG;DASH KIT;ADV;Subaru BRZ 2016-Up;1;1;0;0;0;;086429401352;$40.25;$64.99
METRA;998906HG;DASH KIT;ADV;Subaru Legacy / Outback 2015-2019;0;0;0;0;0;;086429305674;$28.40;$59.99
METRA;998725B;DASH KIT;ADV;Mercedes Benz C-Class 2012-2015;1;1;0;0;0;;086429359851;$26.85;$74.99
METRA;998723B;DASH KIT;STANDARD;Mercedes-Benz GL 2007-2012 / ML 2006-201;1;1;0;0;0;1;086429345410;$20.09;$49.99
METRA;998721B;DASH KIT;STANDARD;Mercedes C Class 2005-2007;1;1;0;0;0;;086429286157;$16.22;$49.99
METRA;998720B;DASH KIT;STANDARD;Smart ForTwo 2011-up radio installation;1;1;0;0;0;1; 086429286195;$14.00;$39.99
METRA;998716B;DASH KIT;STANDARD;MERCEDES GLK 10-12 DIN KIT;1;1;0;0;0;;086429247585;$15.90;$29.99
METRA;998713;DASH KIT;ADV;Mercedes SLK 2005-2011;1;1;1;0;0;1;086429161836;$23.96;$69.99
METRA;998712;DASH KIT;ADV;NLA - USE PART 95-8721B or 99-8721B;0;0;0;0;0;;;$35.00;$79.99
METRA;998300;DASH KIT;STANDARD;Toyota Multi-kit 2000-up;1;1;0;0;0;1;086429288595;$19.70;$59.99
METRA;998271S;DASH KIT;ADV;Toyota 4 Runner 2010-Up - Silver;1;1;0;0;0;;086429416448;$47.00;$74.99
METRA;998271CHG;DASH KIT;ADV;Toyota 4 Runner 2010-Up - High Gloss Cha;0;0;0;0;0;;086429416462;$53.50;$74.99
METRA;998266BLHG;DASH KIT;ADV;Toyota Camry (with separate climate beze;1;1;0;0;0;;086429368587;$63.00;$94.99
METRA;998263HG;DASH KIT;STANDARD;Toyota Avalon 2011-2012 (with Navigation;1;1;0;0;0;1;086429334117;$23.06;$49.99
METRA;998260B;DASH KIT;ADV;DDIN Toyota Highlander 2001-07 (W/ NAV);0;0;0;0;0;1;086429333431;$31.40;$59.99
METRA;998252;DASH KIT;STANDARD;Toyota Tundra 2014-UP/ match the factory;1;1;0;0;0;1;086429319657;$20.00;$49.99
METRA;998251B;DASH KIT;STANDARD;Toyota Tacoma 2016-Up;1;1;0;0;0;1;086429319695;$13.25;$29.99
METRA;998240B;DASH KIT;STANDERD;Toyota Prius 2004-2009 radio installatio;0;0;0;0;0;;086429279876;$20.00;$49.99
METRA;998233B;DASH KIT;STANDARD;Toyota Avalon 2011-2012  (without factor;1;1;0;0;0;;086429266036;$17.91;$44.99
METRA;998232B;DASH KIT;STANDARD;Toyota Camry 2012-2014;2;2;0;0;0;;086429265695;$14.63;$29.99
METRA;998229S;DASH KIT;STANDARD;2011-14 Toyota Sienna Radio Install Kit;1;1;0;0;0;;086429229765;$15.00;$39.99
METRA;998227CHG;DASH KIT;ADV;toyota 4 runner kit;1;1;0;0;0;;;$33.13;$69.99
METRA;998226B;DASH KIT;STANDARD;PRIUS 2010-2015;1;1;0;0;0;;086429218912;$14.20;$39.99
METRA;998223S;DASH KIT;STANDARD;Toyota Corolla 2009-up Radio Install Kit;1;1;0;0;0;1;086429183135;$15.00;$29.99
METRA;998220CHG;DASH KIT;ADV;Sequoia 2008-2022 / Tundra 2007-2013  -;0;0;0;0;0;;086429223107;$58.00;$69.99
METRA;998214TG;DASH KIT;STANDARD;Toyota Tacoma 2005-2011 - Gray;0;0;0;0;0;;086429173778;$21.61;$49.99
METRA;998213;DASH KIT;STANDARD;Toyota Prius 2004-2009;1;1;0;0;0;;086429138388;$13.68;$29.99
METRA;998212;DASH KIT;STANDARD;Toyota Solara 2004-2008;1;1;0;0;0;;086429136674;$17.20;$29.99
METRA;998211;DASH KIT;STANDARD;Toyota Avalon 2000-2004;0;0;0;0;0;1;086429125944;$12.51;$29.99
METRA;998165;DASH KIT;STANDARD;Lexus LS Series 1995-2000;0;0;0;0;0;;086429340712;$10.00;$29.99
METRA;998164G;DASH KIT;ADV;Lexus RX300 (US Model Vehicles Only) 199;0;0;0;0;0;;086429354498;$385.00;$499.99
METRA;998162G;DASH KIT;STANDARD;Lexus ES350 2007-2012;1;1;0;0;0;1;086429310456;$20.00;$49.99
METRA;998161S;DASH KIT;ADV;Lexus SC430;0;0;0;0;0;;086429304554;$51.75;$74.99
METRA;998159S;DASH KIT;STANDARD;Lexus RX Series 2004-2009;0;0;0;0;0;1;086429264254;$15.16;$49.99
METRA;998158G;DASH KIT;STANDARD;Lexus ES300 / ES330 2002-2006;1;1;0;0;0;1;086429253821;$20.09;$49.99
METRA;998156;DASH KIT;STANDARD;Lexus LS Series 1990-1994;0;0;0;0;0;;086429140114;$15.50;$29.99
METRA;998155;DASH KIT;STANDARD;Lexus ES Series 1997-2001;1;1;0;0;0;1;086429126538;$15.63;$29.99
METRA;997954;DASH KIT;STANDARD;Suzuki SX4 2007-2013;1;1;0;0;0;2;086429165971;$9.00;$29.99
METRA;997881G;DASH KIT;ADV;Honda Civic 2012;0;0;0;0;0;;086429255832;$38.00;$74.99
METRA;997880B;DASH KIT;STANDARD;Honda Odyssey 2011-2013 DIN or DDIN kit;1;1;0;0;0;;086429248339;$13.25;$29.99
METRA;997878B;DASH KIT;STANDARD;2010-up Honda Insight Din/DDin kit;0;0;0;0;0;1;086429199037;$18.00;$49.99
METRA;997877S;DASH KIT;STANDARD;Honda Fit 2009-2013 - Silver;0;0;0;0;0;;086429190713;$19.35;$39.99
METRA;997876;DASH KIT;STANDARD;Honda Pilot (Non-Nav) 2009-2011;1;1;0;0;0;;086429185054;$11.00;$29.99
METRA;997875;DASH KIT;ADV;Honda Accord 2008-2012 - Charcoal;0;0;0;0;0;;086429175017;$35.22;$79.99
METRA;997874;DASH KIT;ADV;Honda - Accord 2008-2012, Crosstour 2012;1;1;0;0;0;;086429175000;$31.54;$79.99
METRA;997873;DASH KIT;STANDARD;Honda CRV 2007-2011;1;1;0;0;0;;086429059362;$14.25;$29.99
METRA;997872;DASH KIT;ADV;Honda Fit 2007-2008;1;1;0;0;0;;086429164448;$36.57;$79.99
METRA;997868;DASH KIT;STANDARD;Acura CL 2001-2003 / TL 1999-2003;1;1;0;0;0;;086429107780;$12.00;$29.99
METRA;997866;DASH KIT;STANDARD;Acura MDX 2000-2006;0;0;0;0;0;;086429106097;$13.77;$39.99
METRA;997865;DASH KIT;STANDARD;Dash Kit Honda Civic Ex/ 01-05;0;0;0;0;0;;;$9.15;$29.99
METRA;997862;DASH KIT;ADV;Honda Accord 2003-2007;0;0;0;0;0;;086429101696;$19.00;$59.99
METRA;997860;DASH KIT;STANDARD;Honda Civic SI 2002-2005;1;1;0;0;0;1;086429091539;$11.46;$39.99
METRA;997821B;DASH KIT;ADV;Honda Civic (Excluding LX models) 2016-2;0;0;0;0;0;;086429413232;$444.34;$539.99
METRA;997818;DASH KIT;STANDARD;Honda Pilot 2003-2008;1;1;0;0;0;2;086429340828;$15.00;$29.99
METRA;997816G;DASH KIT;ADV;Honda Civic 2006-2011 - Gunmetal;1;1;0;0;0;;086429333714;$24.60;$49.99
METRA;997815B;DASH KIT;STANDARD;Acura TL 2004-2008;1;1;0;0;0;;086429328956;$14.31;$39.99
METRA;997812B;DASH KIT;STANDARD;Honda Civic LX 2016-2021;2;2;0;0;0;;086429325184;$24.06;$49.99
METRA;997811HG;DASH KIT;STANDARD;Honda Pilot 2016-2021 / Ridgeline 2017-2;1;1;0;0;0;;086429319381;$22.15;$49.99
METRA;997809B;DASH KIT;ADV;Acura TSX 2004-2008;0;0;0;0;0;;086429312498;$323.10;$399.99
METRA;997808B;DASH KIT;ADV;Acura TL -2009-2013 Radio installation k;1;1;0;0;0;;086429307302;$45.00;$69.99
METRA;997804B;DASH KIT;ADV;Honda Accord 2013-2017;0;0;0;0;0;;086429288496;$325.00;$495.00
METRA;997803G;DASH KIT;ADV;Honda Accord 2003-2007;0;0;0;0;0;0;086429274109;$335.23;$349.99
METRA;997639HG;DASH KIT;STANDARD;2-DIN / Din Radio Provision W/Pocket;1;1;0;0;0;;086429412082;$22.00;$44.99
METRA;997638;DASH KIT;STANDARD;ISO DIN Radio / Nissan Sentra 2020+;1;1;0;0;0;;086429409167;$22.00;$49.99
METRA;997637;DASH KIT;STANDARD;ISO DIN Radio Nissan Altima 2019-Up;2;2;0;0;0;-1;086429380572;$20.00;$44.99
METRA;997630;DASH KIT;ADV;For Nissan Maxima 2016 And Up/ Will Acco;0;0;0;0;0;;086429321186;$35.00;$79.99
METRA;997629S;DASH KIT;ADV;Nissan Armada/Titan with factory NAV 200;1;1;0;0;0;;086429316533;$32.40;$64.99
METRA;997627HG;DASH KIT;ADV;Nissan Pathfinder (w/o NAV, with color s;0;0;0;0;0;;086429312443;$405.00;$499.99
METRA;997626HG;DASH KIT;ADV;Nissan Pathfinder (w/o NAV, w/Climate Ab;1;1;0;0;0;2;086429312467;$30.90;$64.99
METRA;997625B;DASH KIT;ADV;Infiniti G Series (w/o NAV w/ auto clima;0;0;0;0;0;;086429305728;$445.00;$449.99
METRA;997624;DASH KIT;STANDARD;Nissan Multi-kit 2007-up;1;1;0;0;0;;086429304585;$15.00;$34.99
METRA;997620B;DASH KIT;ADV;Nissan Armada 2008-2015 / Pathfinder 200;0;0;0;0;0;;086429286621;$405.00;$494.99
METRA;997612B;DASH KIT;ADV;Nissan Murano 2003-2007;0;0;0;0;0;;086429258192;$312.49;$399.99
METRA;997612A;DASH KIT;ADV;Nissan Murano 2003-2007;0;0;0;0;0;;086429265008;$312.00;$334.99
METRA;997609G;DASH KIT;STANDARD;Infiniti I-30/I-35 2000-2004;0;0;0;0;0;;086429218448;$18.89;$39.99
METRA;997606;DASH KIT;ADV;Armada/Titan 2006-2007 with Dual Zone;0;0;0;0;0;;086429160914;$26.92;$59.99
METRA;997604T;DASH KIT;ADV;Infiniti G35 (without NAV) 2003-2004;0;0;0;0;0;;086429183098;$256.00;$349.99
METRA;997604B;DASH KIT;ADV;Infiniti G35 (without NAV) 2003-2004;0;0;0;0;0;;086429183081;$256.00;$299.99
METRA;997604;DASH KIT;ADV;Infiniti G35 (without NAV) 2003-2004;0;0;0;0;0;;086429164424;$205.00;$249.99
METRA;997602;DASH KIT;STANDARD;Nissan 350Z 2006-2008;0;0;0;0;0;;086429160563;$15.30;$29.99
METRA;997581;DASH KIT;STANDARD;Nissan 2005-2017 / Suzuki 2009;1;1;0;0;0;1;086429138371;$11.00;$29.99
METRA;997524B;DASH KIT;ADV;Mazda6 2006-2008 Charcoal Black;0;0;0;0;0;;086429280346;$279.00;$339.99
METRA;997523S;DASH KIT;ADV;Mazda6 2003-2005;0;0;0;0;0;1;086429280339;$279.00;$349.99
METRA;997520B;DASH KIT;ADV;MAZDA CX-7 10-12 DIN/DDIN BLK;1;1;0;0;0;;086429226221;$43.25;$64.99
METRA;997519B;DASH KIT;ADV;Mazda Miata (MX-5) 2009-2015;1;1;0;0;0;;086429229819;$26.80;$54.99
METRA;997518B;DASH KIT;ADV;Mazda2 2007-2014;1;1;0;0;0;;086429218707;$49.50;$79.99
METRA;997516B;DASH KIT;ADV;Mazda CX-9 2007-2015;1;1;0;0;0;1;086429199686;$30.35;$59.99
METRA;997515B;DASH KIT;ADV;Mazda RX-8 2009-2011;1;1;0;0;0;;086429204915;$33.40;$54.99
METRA;997514B;DASH KIT;STANDARD;Mazda 3 2010-2013;0;0;0;0;0;;086429199112;$18.33;$49.99
METRA;997509;DASH KIT;ADV;Mazda5 (without NAV) 2006-2010;1;1;0;0;0;;086429174966;$19.50;$69.99
METRA;997507;DASH KIT;ADV;Dash Kit Mazda 6 S-Din;0;0;0;0;0;;;$180.00;$259.99
METRA;997504;DASH KIT;STANDARD;Mazda 3 2004-2009;0;0;0;0;0;;086429125333;$15.46;$49.99
METRA;997502;DASH KIT;STANDARD;Mazda MPV 2000-2006;1;1;0;0;0;;086429101733;$12.00;$29.99
METRA;997428B;DASH KIT;STANDARD;Frontier/Xterra  2009-2012 with Tech Opt;2;2;0;0;0;0;086429186679;$15.02;$49.99
METRA;997427B;DASH KIT;STANDARD;Nissan Maxima 2009-2014;0;0;0;0;0;;086429186419;$15.50;$35.00
METRA;997426;DASH KIT;STANDARD;Nissan Murano (without Bose Audio) 2009-;0;0;0;0;0;;086429181483;$13.16;$29.99
METRA;997423;DASH KIT;ADV;Nissan Altima 2007-2013;2;2;0;0;0;1;086429167135;$29.65;$59.99
METRA;997422;DASH KIT;STANDARD;Nissan Sentra 2007-2012 (1 or 2 Din Kit);1;1;0;0;0;;086429164431;$10.00;$29.99
METRA;997421;DASH KIT;STANDARD;Nissan Maxima (w/o navigation) 2007-2008;1;1;0;0;0;1;086429164165;$15.40;$29.99
METRA;997406;DASH KIT;ADV;Nissan Titan 2004-2007/Armada 2004-2005;0;0;0;0;0;;086429138418;$18.66;$59.99
METRA;997405;DASH KIT;STANDARD;04-UP NISSAN TITAN BASE ONLY;1;1;0;0;0;;086429126040;$10.03;$29.99
METRA;997404;DASH KIT;STANDARD;Nissan Maxima  04-06;0;0;0;0;0;;086429120666;$23.03;$49.99
METRA;997402;DASH KIT;STANDARD;Nissan 350Z 2003-2005;0;0;0;0;0;1;086429098057;$9.31;$29.99
METRA;997401;DASH KIT;STANDARD;Nissan Multi Kit 1984-1997;1;1;0;0;0;;086429010011;$11.48;$29.99
METRA;997400;DASH KIT;STANDARD;Nissan Multi-Kit 1980-1994;1;1;0;0;0;;086429002887;$9.12;$29.99
METRA;997395B;DASH KIT;ADV;Hyundai Elantra Touring 2009-2012;1;1;0;0;0;;086429395507;$36.50;$59.99
METRA;997390B;HARNESS;ADV;Kia Sportage (with NAV) 2017-2018;0;0;0;0;0;;086429376568;$383.72;$444.99
METRA;997389B;DASH KIT;ADV;Kia Sportage 2017-2019 (non NAV Display;0;0;0;0;0;;086429375578;$272.00;$369.99
METRA;997388HG;DASH KIT;ADV;2014-19 KIA Soul/ Kit /Harness /SWC/Cam;1;1;0;0;0;;086429375462;$323.10;$364.99
METRA;997387HG;DASH KIT;ADV;Kia Soul (without NAV, with Display Radi;0;0;0;0;0;;086429375479;$252.00;$304.99
METRA;997385B;DASH KIT;ADV;Hyundai Santa Fe / Santa Fe Sport 2017-2;0;0;0;0;0;;086429373093;$252.00;$344.99
METRA;997384B;DASH KIT;ADV;Kia Optima (w/auto climate controls - w/;1;1;0;0;0;;086429373109;$252.00;$394.99
METRA;997381;DASH KIT;STANDARD;Hyundai Santa Fe 2008-2009 (with NAV);1;1;0;0;0;;086429359158;$15.00;$29.99
METRA;997378B;DASH KIT;STANDARD;Kia Sportage LX 2017-2019 (with base rad;1;1;0;0;0;;086429329021;$17.70;$39.99
METRA;997377B;DASH KIT;STANDARD;Kia Optima 2016-2020;1;1;0;0;0;;086429333677;$19.98;$39.99
METRA;997357HG;DASH KIT;STANDARD;Hyundai Elantra GT (without NAV) 2013-20;0;0;0;0;0;;086429287789;$20.00;$39.99
METRA;997356B;DASH KIT;STANDARD;KIA Forte 2014-2018;1;1;0;0;0;1;086429286119;$20.00;$49.99
METRA;997355B;DASH KIT;STANDARD;Kia Sorrento (without NAV) 2014-2015;1;1;0;0;0;;086429284979;$14.84;$49.99
METRA;997354B;DASH KIT;ADV;Hyundai Santa Fe 2013-2016 / Santa Fe Sp;1;1;0;0;0;;086429277858;$41.75;$59.99
METRA;997349B;DASH KIT;STANDARD;Kia Soul 2012-2013;1;1;0;0;0;1;086429265978;$16.64;$34.99
METRA;997347B;DASH KIT;STANDARD;Hyundai Accent (Excluding Radio Delete M;1;1;0;0;0;1;086429258550;$13.41;$29.99
METRA;997345B;DASH KIT;STANDARD;Kia Optima 2011-2013;1;1;0;0;0;1;086429253814;$22.53;$49.99
METRA;997344CH;DASH KIT;STANDARD;Kia Sportage 2011-2016;1;1;0;0;0;1;086429249107;$17.70;$29.99
METRA;997343;DASH KIT;ADV;Hyundai Sonata Limited 2011 (without Nav;0;0;0;0;0;;086429245529;$30.79;$69.99
METRA;997342;DASH KIT;ADV;Hyundai Sonata 2011-2014;1;1;0;0;0;;086429245512;$31.11;$69.99
METRA;997341B;DASH KIT;STANDARD;Hyundai Tucson 2010-2015;1;1;0;0;0;;086429223336;$15.22;$29.99
METRA;997338B;DASH KIT;ADV;Kia Forte 2010-2013 - Black;1;1;0;0;0;3;086429225422;$33.40;$59.99
METRA;997335S;DASH KIT;ADV;Hyundai Veracruz LTD 07-12 DIN/DDIN;0;0;0;0;0;;086429198993;$42.25;$74.99
METRA;997319;DASH KIT;STANDARD;Kia Amanti 2004-2006;0;0;0;0;0;;086429145829;$11.46;$29.99
METRA;997316;DASH KIT;STANDARD;Hyundai XG 300 2001 XG 350 2002-2005;0;0;0;0;0;;086429146413;$11.13;$29.99
METRA;997309;DASH KIT;STANDARD;Hyundai 1995-2006;1;1;0;0;0;;086429081356;$10.03;$29.99
METRA;997019;DASH KIT;ADV;Mitsubishi Mirage 2017-2022 / Mirage G4;1;1;0;0;0;1;086429411368;$35.86;$74.99
METRA;997016GHG;DASH KIT;STANDARD;Mitsubishi Mirage 2014-2017;1;1;0;0;0;2;086429293414;$18.29;$49.99
METRA;997014HG;DASH KIT;ADV;Mitsubishi Outlander Sport 2011-2014;0;0;0;0;0;;086429280513;$103.00;$144.99
METRA;997014B;DASH KIT;ADV;Mitsubishi Outlander Sport 2011-2014;1;1;0;0;0;1;086429247455;$99.50;$134.99
METRA;997012;DASH KIT;STANDARD;Mitsubishi Galant 2004-2012;1;1;0;0;0;;086429173273;$14.25;$29.99
METRA;997010;DASH KIT;ADV;Mitsubishi Eclipse/Eclipse Spyder 2006-2;1;1;0;0;0;;086429153718;$25.71;$59.99
METRA;996538B;DASH KIT;ADV;Chrysler 200 2015-2017;0;0;0;0;0;;086429332106;$300.00;$479.99
METRA;996537B;DASH KIT;ADV;Dodge Durango 2014-2020 - TurboTouch Kit;0;0;0;0;0;;086429326303;$383.72;$494.99
METRA;996536S;DASH KIT;ADV;Jeep Grand Cherokee 2014-2017 - Silver T;0;0;0;0;0;;086429328833;$409.18;$509.99
METRA;996536BZ;DASH KIT;ADV;Jeep Grand Cherokee 2014-2017 - Bronze T;0;0;0;0;0;;086429328888;$383.72;$494.99
METRA;996527B;DASH KIT;ADV;Ram 2013-2017 (with touchscreen) - Turbo;1;1;0;0;0;;086429326297;$368.57;$444.99
METRA;996525HG;DASH KIT;ADV;Chrysler 300 2011-2014;0;0;0;0;0;;086429307319;$465.00;$614.99
METRA;996525B;DASH KIT;ADV;Chrysler 300 2011-2014;1;1;0;0;0;;086429316038;$465.00;$614.99
METRA;996520B;DASH KIT;ADV;Dodge Journey 2011-Up;1;1;0;0;0;;086429288373;$445.00;$549.99
METRA;996519B;DASH KIT;ADV;Dodge Charger/Magnum 2005-2007 (without;1;1;0;0;0;1;086429286072;$36.57;$89.99
METRA;996518B;DASH KIT;STANDARD;Chrysler / Jeep / Ram 2013-Up;1;1;0;0;0;1;086429281077;$15.74;$29.99
METRA;996517HG;DASH KIT;STANDARD;Dodge Dart 2013-2016 (without Factory 8.;1;1;0;0;0;;086429285709;$23.00;$39.99
METRA;996516B;DASH KIT;ADV;Chrysler 300 2005-2007;1;1;0;0;0;3;086429276653;$54.00;$94.99
METRA;996515B;DASH KIT;STANDARD;Fiat 500 2012-2015;0;0;0;0;0;;086429264247;$20.03;$39.99
METRA;996514B;DASH KIT;ADV;Dodge Charger 2011-2014;1;1;0;0;0;;086429274093;$445.00;$549.99
METRA;995858CH;DASH KIT;ADV;Ford Explorer (w/ 8-Inch Touch) 2011-15;0;0;0;0;0;;;$310.00;$414.99
METRA;995857B;DASH KIT;ADV;Ford Ranger 2019-Up with 4.2 Inch Color;1;1;0;0;0;1;086429401413;$43.04;$69.99
METRA;995855CH;DASH KIT;ADV;Ford Edge 2011-14 w/ sngl-zone & 4.3;0;0;0;0;0;;086429375516;$580.73;$654.99
METRA;995854B;DASH KIT;ADV;Ford Fusion (w/manual climate control) 2;0;0;0;0;0;;086429375523;$656.51;$704.99
METRA;995851CH;DASH KIT;ADV;Ford Edge 2015-2020 - TurboTouch Kit;0;0;0;0;0;;086429360741;$412.00;$519.99
METRA;995848CH;DASH KIT;ADV;Ford Edge (with 4.2 Inch Screen) 2011-20;1;1;0;0;0;0;086429354337;$332.00;$519.99
METRA;995847CH;DASH KIT;ADV;Ford Explorer (w/ 4.2 Screen) 2011-2015;0;0;0;0;0;;086429354320;$332.00;$429.99
METRA;995846B;DASH KIT;ADV;Ford F-150 (with Factory 4.2-Inch Screen;1;1;0;0;0;3;086429354313;$332.00;$439.99
METRA;995843B;DASH KIT;ADV;Ford Focus 2015-2018 (with 4.2in Screen);1;1;0;0;0;3;086429340774;$250.00;$279.99
METRA;995842B;DASH KIT;ADV;Ford Flex (without nav) 2010-2012 - Turb;0;0;0;0;0;;086429340736;$332.00;$439.99
METRA;995841B;DASH KIT;ADV;Ford Fusion 2013-2020 - TurboTouch Kit;1;1;0;0;0;1;086429333691;$418.00;$584.99
METRA;995840CH;DASH KIT;ADV;Ford Mustang 2015-up (with 8 Inch Screen;0;0;0;0;0;;086429334988;$445.00;$579.99
METRA;995839CH;DASH KIT;ADV;Ford Mustang 2010-2014 TurboTouch Kit;2;1;0;1;0;-2;086429332113;$368.57;$424.99
METRA;995838CH;DASH KIT;ADV;Ford Mustang 2015-Up (with 4.2-Inch Scre;0;0;0;0;0;;086429333684;$445.00;$584.99
METRA;995835G;DASH KIT;ADV;Ford Transit (without Nav) 2015-2019;1;1;0;0;0;;086429324361;$105.00;$149.99
METRA;995834CH;DASH KIT;ADV;Ford F-150/250/350/450 2015-Up - TurboTo;0;0;0;0;0;;086429326310;$425.00;$474.99
METRA;995833B;DASH KIT;ADV;Ford Escape 2013-2019 w/4.2 screen;1;1;0;0;0;1;086429321049;$135.00;$199.99
METRA;995832G;DASH KIT;ADV;Ford Transit 2015-2019 (without 4.2 Inch;1;1;0;0;0;;086429321032;$53.00;$79.99
METRA;995831B;DASH KIT;ADV;Ford Transit Connect 2014-2018 - Black;0;0;0;0;0;;086429312641;$112.00;$159.99
METRA;995827B;DASH KIT;ADV;Ford Focus 2012-2014 (without myFord Tou;1;1;0;0;0;1;086429265145;$170.00;$264.99
METRA;995825S;DASH KIT;ADV;Ford Fiesta 2011-2019;1;1;0;0;0;;086429235971;$133.00;$204.99
METRA;995825B;DASH KIT;ADV;Ford Fiesta 2011-2019;1;1;0;0;0;8;086429235964;$133.00;$199.99
METRA;995824B;DASH KIT;ADV;Ford Transit Connect 2010-2012 Black;1;1;0;0;0;;086429229529;$43.00;$64.99
METRA;995823CH;DASH KIT;ADV;NLA - Order part 99-5839CH;0;0;0;0;0;;;$220.00;$319.99
METRA;995821S;DASH KIT;ADV;Ford Fusion / Mercury Milan 2010-2012 (S;1;1;0;0;0;2;086429219612;$45.75;$74.99
METRA;995821B;DASH KIT;ADV;Ford Fusion / Mercury Milan 2010-2012 (B;1;1;0;0;0;2;086429200337;$45.25;$74.99
METRA;995816;DASH KIT;ADV;Ford Focus 2008-2011;1;1;0;0;0;;086429177875;$25.67;$79.99
METRA;995813;DASH KIT;STANDARD;Lincoln Navigator MKX and MKZ 2007-2008;1;1;0;0;0;;086429166527;$11.00;$29.99
METRA;995722;DASH KIT;ADV;Ford Taurus (w/ key start) 2010-2012 - T;0;0;0;0;0;;086429332090;$270.00;$449.99
METRA;995719;DASH KIT;ADV;Ford Taurus / Mercury Sable (with auto c;0;0;0;0;0;;086429213238;$230.00;$279.99
METRA;995718;DASH KIT;ADV;Ford Taurus Mercury Sable (with auto cli;0;0;0;0;0;;086429213221;$225.00;$279.99
METRA;995027;DASH KIT;STANDARD;Ford / Lincoln / Mazda / Mercury 1995-20;0;0;0;0;0;;086429255672;$9.00;$29.99
METRA;993314G;DASH KIT;ADV;Chevy Malibu with Manual Climate 2013-20;1;1;0;0;0;;086429304479;$27.90;$59.99
METRA;993311B;DASH KIT;ADV;Chevy Camaro 1997-2002;0;0;0;0;0;;086429288458;$68.50;$94.99
METRA;993310B;DASH KIT;STANDARD;Chevrolet Traverse 2013-up, GMC Acadia 2;1;1;0;0;0;1;086429280711;$14.00;$29.99
METRA;993309BLC;DASH KIT;ADV;Chevrolet Spark 2013-2015;1;1;0;0;0;;086429280223;$90.00;$154.99
METRA;993307G;DASH KIT;ADV;Chevy Equinox GMC Terrain 2010-2015 (wti;2;2;0;0;0;;086429216697;$293.37;$314.99
METRA;993302;DASH KIT;STANDARD;GM Multi-Kit 2005-2012 - Black;1;1;0;0;0;;086429116720;$12.38;$29.99
METRA;99317B;DASH KIT;STANDARD;Chevrolet Trax 2015-2016;0;0;0;0;0;; 086429312412;$23.00;$59.99
METRA;993108;DASK KIT;STANDARD;Saturn Multi-Kit 2000-2005;1;1;0;0;0;1;086429255252;$10.00;$29.99
METRA;993051;DASH KIT;STANDARD;Chevrolet Corvette 1990-1996;1;1;0;0;0;;086429098088;$12.64;$29.99
METRA;993045;DASH KIT;STANDARD;GM Small Truck 1994-1997 - Black;0;0;0;0;0;;086429255290;$11.47;$34.99
METRA;993033;DASH KIT;STANDARD;Chevrolet Caprice/Impala 1985-1990;1;1;0;0;0;1;086429118670;$13.00;$29.99
METRA;993030B;DASH KIT;ADV;Cadillac XLR 2004-2009;0;0;0;0;0;;086429375301;$278.22;$284.99
METRA;993026B;DASH KIT;ADV;Cadillac XLR 2004-2009;0;0;0;0;0;;086429363155;$105.00;$164.99
METRA;993024B;DASH KIT;ADV;Chevrolet Impala 2014-Up;1;1;0;0;0;2;086429359721;$41.00;$69.99
METRA;993022B;DASH KIT;ADV;Chevrolet Equinox 2018-up;0;0;0;0;0;;086429349548;$28.90;$59.99
METRA;993018S;DASH KIT;ADV;Cadillac CTS 2008-2014;1;1;0;0;0;1;086429320226;$195.00;$289.99
METRA;993018HG;DASH KIT;ADV;Cadillac CTS 2008-2014;1;1;0;0;0;;086429320059;$195.00;$284.99
METRA;993017B;DASH KIT;ADV;Chevrolet Trax 2015-up radio installatio;1;1;0;0;0;1;086429312412;$31.90;$59.99
METRA;993015G;DASH KIT;ADV;Chevrolet/GMC 2015-Up;2;2;0;0;0;;086429298969;$29.40;$59.99
METRA;993014G;DASH KIT;ADV;Chevrolet Silverado / GMC Sierra 2014-Up;2;2;0;0;0;9;086429288441;$28.40;$59.99
METRA;993012GLC;DASH KIT;ADV;Chevy Sonic 2012-2016;1;1;0;0;0;1;086429265411;$95.00;$174.99
METRA;993011S;DASH KIT;ADV;Chevrolet Cruze 2011-2015;1;1;0;0;0;1;086429247172;$28.90;$59.99
METRA;993010S;DASH KIT;ADV;Chevrolet Camaro 2010-2015;0;0;0;0;0;;086429216680;$345.00;$419.99
METRA;993009;DASH KIT;STANDARD;Chevy Camaro/Pontiac 93-Up;1;1;0;0;0;;;$12.00;$29.99
METRA;993002;DASH KIT;STANDARD;Cadillac/Chevrolet/GMC Truck Multi-Kit 1;1;1;0;0;0;;086429018031;$10.55;$29.99
METRA;992021;DASH KIT;STANDARD;Buick Lacrosse 2005-2008;1;1;0;0;0;2;086429171743;$10.00;$29.99
METRA;992010;DASH KIT;ADV;Cadillac STS 2005- 2011;1;1;0;0;0;1;086429199051;$46.00;$89.99
METRA;992008;DASH KIT;ADV;Cadillac DTS 2006-2011 and SRX 2007-2009;1;1;0;0;0;2;086429171941;$23.00;$69.99
METRA;989306;DASH KIT;ADV;BMW Heated Seat Switch Relocation Pocket;0;0;0;0;0;;086429222797;$26.08;$79.99
METRA;987499;DASH KIT;STANDARD;Nissan Turbo Pocket;0;0;0;0;0;;086429074259;$9.37;$29.99
METRA;98260B;DASH KIT;ADV;Toyota Highlander 2001-2007 (with NAV);0;0;0;0;0;;086429333431;$22.00;$69.99
METRA;959700WR;DASH KIT;ADV;NLA - No Longer Available, please order;1;1;0;0;0;;;$140.00;$229.99
METRA;959600;DASH KIT;ADV;No Longer Available - please order Part;0;0;0;0;0;;;$70.00;$139.99
METRA;959404B;DASH KIT;ADV;NLA - No Longer Available. Please order;0;0;0;0;0;;;$56.87;$99.99
METRA;959327B;DASH KIT;ADV;BMW 1 Series (w/o NAV w/Automatic Climat;1;1;0;0;0;;086429411245;$45.50;$59.99
METRA;959324B;DASH KIT;ADV;BMW X3 (w/o MOST Amp, w/o NAV) 2004-2010;0;0;0;0;0;;086429374106;$230.00;$329.99
METRA;959322B;DASH KIT;ADV;BMW X5 (w/ MOST amp) 2007-2013;1;1;0;0;0;;086429374083;$420.00;$649.99
METRA;959321B;DASH KIT;ADV;BMW X5 (w/o MOST amp) 2007-2013;1;1;0;0;0;;086429374076;$270.00;$539.99
METRA;959314B;DASH KIT;ADV;BMW 5 Series 2004-2007;1;1;0;0;0;;086429357291;$62.81;$159.99
METRA;959313B;DASH KIT;ADV;BMW 3-Series 1999-2006;0;0;0;0;0;;086429325917;$113.00;$109.99
METRA;959312B;DASH KIT;ADV;BMW 3-Series 1999-2006;1;1;0;0;0;;086429325900;$113.00;$109.99
METRA;959308B;DASH KIT;STANDARD;BMW X5 without NAV 2000-2006;1;1;0;0;0;1;086429216499;$18.37;$34.99
METRA;959307B;DASH KIT;STANDARD;BMW 5-Series 1997-2003;1;1;0;0;0;;086429216482;$18.24;$49.99
METRA;959306B;DASH KIT;ADV;BMW 3-Series (without NAV) 2006-2013;1;1;0;0;0;;086429199341;$40.50;$69.99
METRA;959009;DASH KIT;STANDARD;Volkswagen Touareg/Touareg 2 2004-2010;1;1;0;0;0;1;086429158652;$10.00;$29.99
METRA;959000;DASH KIT;STANDARD;Universal Double-DIN Housing;1;1;0;0;0;1;086429200276;$17.00;$39.99
METRA;958909;DASH KIT;ADV;Subaru Legacy / outback 2018-2019;1;1;0;0;0;1; 086429363520;$25.00;$59.99
METRA;958904B;DASH KIT;STANDARD;Subaru Legacy/Outback Non-Nav Models 201;1;1;0;0;0;;086429216505;$13.68;$29.99
METRA;958903S;DASH KIT;STANDARD;Subaru Legacy/Outback 2010-2014;0;0;0;0;0;;086429250332;$14.33;$29.99
METRA;958903B;DASH KIT;STANDARD;Subaru Legacy/Outback 2010-2014;2;2;0;0;0;;086429213184;$13.42;$29.99
METRA;958733B;DASH KIT;ADV;Mercedes-Benz C-Class 2008-2011 (W204);1;1;0;0;0;;086429407330;$44.50;$94.99
METRA;958732B;DASH KIT;STANDARD;Mercedes E Class (W211) 2003-2009;2;2;0;0;0;4;086429401376;$12.35;$49.99
METRA;958730B;DASH KIT;ADV;Mercedes E Class (W212) 2010-2013;0;0;0;0;0;;086429374137;$100.70;$199.99
METRA;958718;DASH KIT;ADV;NLA - No Longer Available. Please order;0;0;0;0;0;;;$75.00;$149.99
METRA;958264HG;DASH KIT;STANDARD;Toyota Prius/Prius Prime 2016-Up;1;1;0;0;0;;086429345304;$12.72;$29.99
METRA;958250;DASH KIT;STANDARD;Toyota Sienna 2015-up;1;1;0;0;0;1;086429313174;$15.00;$29.99
METRA;958246HG;DASH KIT;STANDARD;Toyota Tundra 2014-2021;1;1;0;0;0;;086429288571;$13.25;$29.99
METRA;958244HG;DASH KIT;STANDARD;Toyota Avalon 2013-2018 / 2-din;1;1;0;0;0;;086429288533;$30.15;$59.99
METRA;958243B;DASH KIT;STANDARD;2012-up Toyota Prius V DDIN radio instal;1;1;0;0;0;;086429286225;$17.00;$49.99
METRA;958239B;DASH KIT;STANDARD;Toyota Prius C 2012-2014;1;1;0;0;0;;086429276950;$11.66;$49.99
METRA;958226B;DASH KIT;STANDARD;Toyota Prius 2010-2015;0;0;0;0;0;1;086429218820;$13.29;$29.99
METRA;958217B;DASH KIT;STANDARD;Toyota RAV4 2006-2012;1;1;0;0;0;;086429335268;$9.49;$29.99
METRA;958215S;DASH KIT;STANDARD;Toyota Avalon 2005-2010;1;1;0;0;0;2;086429299249;$17.01;$34.99
METRA;958214TG;DASH KIT;STANDARD;Toyota Tacoma 2005-2011 Mounting Kit - T;0;0;0;0;0;;086429264681;$17.38;$39.99
METRA;958211;DASH KIT;STANDARD;Toyota Avalon 2000-2004;1;1;0;0;0;2;086429164493;$8.00;$29.99
METRA;958210;DASH KIT;STANDARD;Toyota 4-Runner Limited (without Nav) 20;1;1;0;0;0;;086429167500;$11.00;$29.99
METRA;958202;DASH KIT;STANDARD;Multi-Kit Scion/Subaru/Toyota 2000-2017;1;1;0;0;0;1;086429153152;$6.81;$29.99
METRA;958166G;DASH KIT;STANDARD;Lexus GX470 (without NAV) 2003-2009;0;0;0;0;0;;086429374861;$19.61;$49.99
METRA;958160G;DASH KIT;STANDARD;Lexus LS430 2001-2006 NON-NAV DDIN;1;1;0;0;0;;086429286263;$15.11;$49.99
METRA;958156;DASH KIT;STANDARD;Lexus LS 400 1990-2000;1;1;0;0;0;;086429173297;$11.46;$29.99
METRA;958155;DASH KIT;STANDARD;Lexus ES Series 1997-2001;1;1;0;0;0;2;086429172849;$12.00;$29.99
METRA;958150;DASH KIT;STANDARD;Lexus ES Series 1992-1996 Double Din Kit;0;0;0;0;0;;086429172184;$10.00;$29.99
METRA;957955;DASH KIT;ADV;Suzuki Kizashi 2010-2013 DDIN Mounting K;0;0;0;0;0;;086429265343;$36.57;$59.99
METRA;957953;DASH KIT;STANDARD;Suzuki Grand Vitara 2006-2012;1;1;0;0;0;;086429164486;$9.38;$29.99
METRA;957899;DASH KIT;STANDARD;Honda Civic (Excludes Si and 2005SE Mode;1;1;0;0;0;;086429179312;$10.00;$29.99
METRA;957879;DASH KIT;STANDARD;Honda CR-Z (without NAV) 2011-2016;1;1;0;0;0;;086429246762;$15.90;$44.99
METRA;957868B;DASH KIT;STANDARD;Acura CL 2001-2003 / TL 1999-2003;1;1;0;0;0;;086429186624;$15.37;$29.99
METRA;957866B;DASH KIT;STANDARD;Acura MDX 2001-2006;1;1;0;0;0;;086429199846;$14.17;$39.99
METRA;957862;DASH KIT;ADV;Honda Accord 2003-2007;0;0;0;0;0;;086429286546;$12.25;$69.99
METRA;957861;DASH KIT;STANDARD;Honda Pilot 2003-2005 / Honda Pilot (wit;1;1;0;0;0;1;086429167159;$9.00;$29.99
METRA;957820B;DASH KIT;ADV;Acura MDX 2007-2013;1;1;0;0;0;;086429363179;$54.00;$74.99
METRA;957817HG;DASH KIT;STANDARD;Honda CR-V LX 2017-Up;1;1;0;0;0;;086429340682;$20.09;$49.99
METRA;957815B;DASH KIT;STANDARD;Acura TL 2004-2008;2;2;0;0;0;1;086429328963;$10.07;$39.99
METRA;957811B;DASH KIT;STANDARD;Honda Pilot 2016-up / Ridgeline 2017-up;1;1;0;0;0;1;086429319350;$16.00;$39.99
METRA;957810B;DASH KIT;STANDARD;DDIN Radio Honda HR-V 2016-up;1;1;0;0;0;;086429318087;$10.00;$29.99
METRA;957805CH;DASH KIT;ADV;Acura TSX 2009-2014 (without NAV);1;1;0;0;0;;086429287871;$43.25;$74.99
METRA;957801;DASH KIT;STANDARD;Acura/Honda/Isuzu 1988-2006;1;1;0;0;0;;086429179169;$8.03;$29.99
METRA;957643;DASH KIT;ADV;Nissan Pathfinder 2013-2020;0;0;0;0;0;;086429435760;$395.00;$795.00
METRA;957638;DASH KIT;STANDARD;Nissan Sentra 2020+ / Pioneer Modula;1;1;0;0;0;;086429409150;$20.00;$44.99
METRA;957637;DASH KIT;STANDARD;Nissan Altima 2019+ / Pioneer Modula;1;1;0;0;0;;086429380626;$18.00;$44.99
METRA;957628BHG;DASH KIT;STANDARD;Nissan Murano 2015-up;1;1;0;0;0;;086429312696;$11.50;$29.99
METRA;957619;DASH KIT;STANDARD;NIssan - Frontier/Titan/Xterra 2013-2021;1;1;0;0;0;;086429284931;$9.00;$29.99
METRA;957617GHG;DASH KIT;STANDARD;Nissan Altima Sedan 2013-2015;0;0;0;0;0;;086429275243;$16.96;$44.99
METRA;957617B;DASH KIT;STANDARD;Nissan Altima 2016-2018;1;1;0;0;0;1;086429369447;$11.18;$34.99
METRA;957605;DASH KIT;ADV;Infiniti G35 (without NAV) 2005-2007;0;0;0;0;0;;086429181223;$195.00;$249.99
METRA;957603;DASH KIT;STANDARD;Nissan Multi-Kit 2007-2017;2;2;0;0;0;;086429293704;$10.00;$29.99
METRA;957526B;DASH KIT;ADV;Mazda Mazda3 2014-2018;1;1;0;0;0;;086429364145;$54.00;$64.99
METRA;957522B;DASH KIT;STANDARD;Mazda CX-5 2013-2015 / CX-5 Sport 2016 /;1;1;0;0;0;;086429272624;$10.44;$29.99
METRA;957521B;DASH KIT;STANDARD;Mazda 5 2012-2015;1;1;0;0;0;;086429256570;$13.41;$29.99
METRA;957510HG;DASH KIT;ADV;Mazda RX-8 2004-2008;0;0;0;0;0;;086429182961;$255.47;$264.99
METRA;957510;DASH KIT;ADV;Mazda RX-8 2004-2008;0;0;0;0;0;;086429182954;$185.00;$259.99
METRA;957504;DASH KIT;STANDARD;Mazda 3 2004-2009;2;2;0;0;0;;086429165957;$16.00;$49.99
METRA;957427G;DASH KIT;STANDARD;Nissan Maxima 2009-2014;1;1;0;0;0;;086429186402;$10.29;$29.99
METRA;957427B;DASH KIT;STANDARD;Nissan Maxima 2009-2014;1;1;0;0;0;;086429186396;$10.16;$29.99
METRA;957416G;DASH KIT;STANDARD;Nissan Maxima 2000-2003;1;1;0;0;0;;086429213177;$9.00;$29.99
METRA;957404S;DASH KIT;STANDARD;Nissan Maxima 2004-2006;1;1;0;0;0;1;086429200207;$19.03;$49.99
METRA;957383;DASH KIT;STANDARD;Hyundai Sonata 2018-2019;1;1;0;0;0;;086429359790;$14.47;$44.99
METRA;957377B;DASH KIT;STANDARD;Kia Optima 2016-2020;0;0;0;0;0;;086429333660;$16.70;$39.99
METRA;957376B;DASH KIT;STANDARD;Hyundai Elantra 2017-2018;1;1;0;0;0;1;086429326976;$9.28;$29.99
METRA;957369B;DASH KIT;STANDARD;Hyundai Tucson 2016-2018;1;1;0;0;0;;086429324521;$13.00;$49.99
METRA;957366B;DASH KIT;STANDARD;Kia Sorento 2016 2017-2018 (without 7 In;1;1;0;0;0;;086429316847;$9.54;$39.99
METRA;957365B;DASH KIT;STANDARD;Kia Sedona 2015-up DDIN radio installati;1;1;0;0;0;;086429308897;$10.00;$34.99
METRA;957362B;DASH KIT;STANDARD;Hyundai Elantra 2014-2016;1;1;0;0;0;1;086429304592;$11.66;$29.99
METRA;957360B;DASH KIT;STANDARD;Kia Soul 2014-2019;1;1;0;0;0;;086429294831;$10.18;$29.99
METRA;957357HG;DASH KIT;STANDARD;Hyundai Elantra GT (without NAV) 2013-20;1;1;0;0;0;1;086429287772;$15.00;$29.99
METRA;957354B;DASH KIT;ADV;Hyundai Santa Fe 2013-2016 / Santa Fe Sp;1;1;0;0;0;;086429277827;$39.75;$64.99
METRA;957353CH;DASH KIT;STANDARD;Kia Rio/Rio5 2012-2015;1;1;0;0;0;1;086429274147;$17.23;$39.99
METRA;957350B;DASH KIT;STANDARD;Hyundai Veloster 2012-2017;1;1;0;0;0;;086429266074;$10.02;$34.99
METRA;957349B;DASH KIT;STANDARD;Kia Soul 2012-2013;1;1;0;0;0;;086429265985;$10.02;$39.99
METRA;957345B;DASH KIT;STANDARD;Kia Optima 2011-2013;1;1;0;0;0;4;086429255306;$10.55;$49.99
METRA;957344G;DASH KIT;STANDARD;Kia Sportage 2011-2016 - Gray;1;1;0;0;0;;086429246625;$11.45;$29.99
METRA;957340B;DASH KIT;STANDARD;Kia Sorento 2011-2013;1;1;0;0;0;3;086429222124;$14.33;$29.99
METRA;957339B;DASH KIT;STANDARD;Hyundai Genesis Coupe 2.0 2010-2012 w/Ma;1;1;0;0;0;1;086429219551;$14.20;$29.99
METRA;957329;DASH KIT;STANDARD;Kia Rondo 2007-2010;2;2;0;0;0;1;086429166671;$9.00;$29.99
METRA;957328;DASH KIT;STANDARD;Kia Sorento 2007-2009;0;0;0;0;0;;086429165117;$9.00;$29.99
METRA;957325B;DASH KIT;STANDARD;Hyundai Santa Fe 2007-2012 - Black;1;1;0;0;0;5;086429274574;$12.00;$29.99
METRA;957323;DASH KIT;STANDARD;Hyundai/Kia 2006-2014;1;1;0;0;0;;086429160549;$10.60;$29.99
METRA;957319;DASH KIT;STANDARD;Kia Amanti 2004-2006;1;1;0;0;0;;086429351862;$9.01;$29.99
METRA;957309;DASH KIT;STANDARD;Hyundai 1995-2006;1;1;0;0;0;;086429151080;$6.12;$29.99
METRA;957022HG;DASH KIT;STANDARD;Mitsubishi Outlander Sport 2020-Up;1;1;0;0;0;;086429439409;$37.00;$59.99
METRA;957021HG;DASH KIT;STANDARD;Mitsubishi Outlander 2020-2021;1;1;0;0;0;;086429435746;$13.00;$39.99
METRA;957019;DASH KIT;ADV;Mitsubishi Mirage 2017-2022 / Mirage G4;0;0;0;0;0;;086429411375;$30.00;$74.99
METRA;957018B;DASH KIT;STANDARD;Mitsubishi Outlander Sport 2015 - 2022;1;1;0;0;0;;086429319237;$10.07;$44.99
METRA;957015CHG;DASH KIT;STANDARD;Mitsubishi Outlander 2014-2021;1;1;0;0;0;;086429287963;$14.42;$44.99
METRA;956554B;DASH KIT;ADV;2-DIN KIT Jeep Cherokee 1997-2001;1;1;0;0;0;;086429395859;$55.34;$89.99
METRA;956553B;DASH KIT;ADV;Chysler 300 2015-Up;1;1;0;0;0;;086429412150;$425.00;$564.99
METRA;956552B;DASH KIT;ADV;7 In. Touchscreen Display/ Includes Axxe;0;0;0;0;0;;;$425.00;$559.99
METRA;956551;DASH KIT;STANDARD;Dodge Ram 1500 1998-2001/ Dodge Ram 2500;3;3;0;0;0;;086429375073;$11.00;$44.99
METRA;956549;DASH KIT;ADV;Jeep Wrangler 1997-2002;0;0;0;0;0;;086429367993;$61.20;$119.99
METRA;956547B;DASH KIT;ADV;Dodge Dakota 2001-2004 / Durango 2001-20;2;2;0;0;0;1;086429362691;$35.50;$59.99
METRA;956546B;DASH KIT;ADV;Jeep Grand Cherokee 1999-2004;1;1;1;0;0;1;086429361489;$46.24;$69.99
METRA;956545B;DASH KIT;ADV;Jeep Compass Sport 2017.5-2018;0;0;0;0;0;1;086429359691;$20.00;$49.99
METRA;956544B;DASH KIT;STANDARD;Fiat 500 2016-up;1;1;0;0;0;;086429352722;$10.07;$29.99
METRA;956542;DASH KIT;ADV;Dodge - Durango 1997-2000 / Dakota 1998-;1;1;0;0;0;1;086429333462;$28.94;$69.99
METRA;956541;DASH KIT;ADV;Jeep Wrangler 2003-2006;1;1;0;0;0;;086429333455;$62.26;$119.99
METRA;956539;DASH KIT;ADV;Dodge Caravan 2001-2007 / Chrysler Town;0;0;0;0;0;;086429329137;$61.48;$159.99
METRA;956535B;DASH KIT;STANDARD;Fiat 500X 2016-Up DDin Kit;1;1;0;0;0;;086429319602;$14.00;$39.99
METRA;956532B;DASH KIT;STANDARD;Jeep Renegade 2015-2020;0;0;0;0;0;2;086429315390;$10.07;$29.99
METRA;956531HG;DASH KIT;STANDARD;2015-up RAM Promaster City DDIN radio in;1;1;0;0;0;;086429316281;$15.00;$39.99
METRA;956524B;DASH KIT;ADV;Jeep Liberty 2002-2007;1;1;0;0;0;;086429307371;$43.30;$89.99
METRA;956522B;DASH KIT;ADV;Ram Trucks 2002-2005;1;1;0;0;0;1;086429288366;$49.75;$74.99
METRA;956517HG;DASH KIT;STANDARD;Dodge Dart 2013-2016 (without Factory 8.;1;1;0;0;0;3;086429285716;$13.00;$39.99
METRA;956511;DASH KIT;STANDARD;Chrysler Multi-Kit 2007-Up - Improved De;0;0;0;0;0;;086429164509;$7.40;$29.99
METRA;956506B;DASH KIT;STANDARD;Chrysler Pacifica 2004-2008;1;1;1;0;0;;086429343034;$15.00;$34.99
METRA;955861;DASH KIT;ADV;Ford Transit Connect 2019-Up;1;1;0;0;0;;086429427123;$61.00;$149.99
METRA;955845S;DASH KIT;ADV;Lincoln Navigator 4x4 2007-2014 (w/o Fac;1;1;0;0;0;1;086429340675;$37.50;$74.99
METRA;955844S;DASH KIT;ADV;Lincoln Navigator 4x2 2007-2014 (w/o Fac;1;1;0;0;0;;086429340668;$37.50;$84.99
METRA;955822B;DASH KIT;ADV;Ford F-150 2009-10 (Lariat/Platinum) Kit;1;1;0;0;0;;086429204922;$28.10;$59.99
METRA;955820B;DASH KIT;STANDARD;Ford F-150 2009-2014;0;0;0;0;0;2;086429275939;$19.03;$49.99
METRA;955818;DASH KIT;STANDARD;Ford/Lincoln 1997-2004;2;2;0;0;0;1;086429186617;$9.12;$29.99
METRA;955817;DASH KIT;STANDARD;Ford/Lincoln/Mercury/Mazda Multi-Kit 199;1;1;0;0;0;5;086429182886;$8.47;$29.99
METRA;955810;DASH KIT;STANDARD;Lincoln Town Car 2003-2011;1;1;0;0;0;2;086429168033;$8.00;$29.99
METRA;955703B;DASH KIT;ADV;Ford Mustang 1994-2000;0;0;0;0;0;1;086429375530;$50.50;$64.99
METRA;955028;DASH KIT;STANDARD;Ford Expedition/Lincoln Navigator 2003-2;1;1;0;0;0;;086429285402;$10.34;$29.99
METRA;953528B;DASH KIT;STANDARD;Pontiac GTO 2004-2006 - Black;1;1;0;0;0;;086429314850;$15.00;$34.99
METRA;953315B;DASH KIT;ADV;GMC TERRAIN 2018-2024;1;1;0;0;0;;086429441891;$60.00;$104.99
METRA;953314G;DASH KIT;STANDARD;Chevrolet Malibu with Manual Climate 201;0;0;0;0;0;;086429304486;$14.84;$49.99
METRA;953302;DASH KIT;STANDARD;GM Multi-Kit 2005-2012 - Black;1;1;0;0;0;;086429151042;$7.30;$29.99
METRA;953107G;DASH KIT;STANDARD;Saturn Astra 2008-2009 - Gray;1;1;0;0;0;;086429182923;$10.16;$29.99
METRA;953020B;DASH KIT;ADV;Chevrolet Cruze 2016-2019;1;1;0;0;0;;086429331932;$29.90;$59.99
METRA;953019B;DASH KIT;STANDARD;Chevy Malibu 2016-Up (excluding Malibu l;1;1;0;0;0;1;086429326891;$9.01;$29.99
METRA;953016G;DASH KIT;STANDARD;Chevy Colorado / GMC Canyon 2015-up;1;1;0;0;0;2;086429312375;$14.00;$34.99
METRA;953003G;DASH KIT;STANDARD;GM SUV / Truck 1995-2002;0;0;0;0;0;;086429320912;$8.00;$29.99
METRA;953000;DASH KIT;ADV;GM SUV/ Full Size Trucks 1988-1994;0;0;0;0;0;1;086429333448;$15.42;$59.99
METRA;952005B;DASH KIT;STANDARD;Cadillac 1996-2005;1;1;0;0;0;1;086429186600;$9.00;$29.99
METRA;952004;DASH KIT;STANDARD;Cadillac 1996-2001;1;1;0;0;0;;086429213191;$10.00;$29.99
METRA;951006;DASH KIT;STANDARD;Kia Sorento 2003-2006;0;0;0;0;0;;086429313150;$8.00;$29.99
JL AUDIO;8W3V34;SUB;REG;8 Poly Subwoofer (250W, 4 Ohm)-Built in;0;0;2;0;0;;699440921480;$193.00;$349.99
INSTALLBAY;8S;ACCESSORY;HARDWARE;8 Gauge Spade Terminals;50;50;0;0;0;10;;$0.75;$2.00
INSTALLBAY;8R;ACCESSORY;HARDWARE;8 Gauge Ring Terminals;125;125;0;0;0;21;;$0.75;$2.00
MISC;8GW;WIRE;CCA;8 Gauge Wire;9;919;0;0;0;;609098821407;$0.70;$1.50
RAPTOR;8G;SUB;GRILLE;GRILLS 8;11;11;0;0;0;2;;$2.00;$5.99
METRA;899400;DASH KIT;STANDARD;Trim Plate Land Rover Discovery 1994-200;0;0;0;0;0;;086429123728;$7.00;$29.99
METRA;89303900;ACCESSORY;ADAPTER;Universal 3/8in Single-DIN Spacer;1;1;0;0;0;;086429153800;$3.00;$16.99
METRA;89300900;ACCESSORY;ADAPTER;4 Pack Single-DIN Trim Rings;2;2;0;0;0;;086429009909;$6.25;$17.99
METRA;89300750;ACCESSORY;ADAPTER;Universal DIN Trim 3/4in Border;1;1;0;0;0;;086429005550;$3.00;$17.99
METRA;89300500;ACCESSORY;ADAPTER;Universal DIN Trim 1/2in Border;4;4;0;0;0;;086429005543;$3.00;$17.99
METRA;89300250;ACCESSORY;ADAPTER;Universal DIN Trim 1/4in Border;3;3;0;0;0;;086429005536;$3.00;$17.99
METRA;88007803;DASH KIT;STANDARD;Honda Accord 2003-2007 Lower Pocket;0;0;0;0;0;;086429274062;$13.55;$39.99
METRA;869001;ACCESSORY;;Radio Removal Tool - Volkswagen/Audi/Mer;1;1;0;0;0;8;086429059706;$7.17;$21.99
METRA;865618;ACCESSORY;;Ford Radio Removal Tool 1987-2011;2;2;0;0;0;2;086429012480;$6.23;$19.99
METRA;859012;SUB;GRILLE;12 Waffle Grille With Hardware;2;2;0;0;0;4;;$6.00;$13.99
METRA;859010;SUB;GRILLE;10 Waffle Grille With Hardware;4;4;0;0;0;2;;$6.00;$11.99
METRA;829600;ACCESSORY;ADAPTER;Speaker Adapters - 6 - 6.5, Harley Dav;1;1;0;0;0;2;086429288465;$15.00;$29.99
METRA;828705;ACCESSORY;ADAPTER; Speaker Adapter Mercedes 2014-2020;2;2;0;0;0;;086429427185;$12.00;$27.99
METRA;828701;ACCESSORY;ADAPTER;Mercedes-Benz C-Class 2007-2017 Speaker;2;2;0;0;0;;086429352005;$11.00;$29.99
METRA;828154;ACCESSORY;ADAPTER;Toyota Speaker Adapter 2012-2019 - 6x9 I;2;2;0;0;0;2;086429378869;$6.00;$29.99
METRA;828153;ACCESSORY;ADAPTER;Toyota Speaker Adapters 6-6.75 Inch 2001;1;1;0;0;0;;086429375554;$9.00;$29.99
METRA;828148;ACCESSORY;ADAPTER;Lexus/Scion/Toyota 1998-Up 6-6.75 Inch P;1;1;0;0;0;4;086429288267;$11.34;$29.99
METRA;828146;ACCESSORY;ADAPTER;Toyota Multi 2002-Up 6x9 Plate - Pair;1;1;0;0;0;12;086429288236;$11.00;$29.99
METRA;827501;ACCESSORY;ADAPTER;Mazda Multi-Application 2013-Up Speaker;2;2;0;0;0;2;086429317455;$13.72;$29.99
METRA;827402;ACCESSORY;ADAPTER;Nissan Titan 2016-Up Front Speaker Adapt;2;2;0;0;0;;086429412044;$12.00;$29.99
METRA;827400;ACCESSORY;ADAPTER;Nissan/Infiniti Multi 2000-Up Speaker Pl;1;1;0;0;0;1;086429307470;$11.00;$29.99
METRA;827303;ACCESSORY;ADAPTER;Kia 2014-Up Speaker Adapters - 6 to 6 3/;3;3;0;0;0;2;086429343010;$11.00;$29.99
METRA;827302;ACCESSORY;ADAPTER;Hyundai/Kia Multi 2001-2013 Speaker Plat;2;2;0;0;0;2;086429307456;$11.00;$29.99
METRA;827301;ACCESSORY;ADAPTER;Hyundai Genesis CP 10-up Spk Plate - 6 t;1;1;0;0;0;1;086429307449;$11.00;$29.99
METRA;826901;ACCESSORY;ADAPTER;Univeral 6 Inch x 9 Inch- 6.5 Inch Speak;2;2;0;0;0;1;086429084661;$8.00;$29.99
METRA;825606;ACCESSORY;ADAPTER;F-150 15-Up Front Speaker Plate 6x9 Inch;0;0;0;0;0;4;086429320790;$9.00;$29.99
METRA;825605;ACCESSORY;ADAPTER;Ford 2015-2022 Speaker Plate 6.5 Inch;2;2;0;0;0;13;086429320783;$8.00;$29.99
METRA;824201;ACCESSORY;ADAPTER;Toyota/Chrysler Speaker Adapters - 2.5 I;1;1;0;0;0;;086429324675;$6.10;$21.99
METRA;823022;ACCESSORY;ADAPTER;GM Speaker Adapter 6-6.75 Inch 2002-2009;1;1;0;0;0;2;086429374670;$10.00;$29.99
METRA;823021;ACCESSORY;ADAPTER;GM Speaker Adapters 6-6.75 Inch 2002-200;1;1;0;0;0;2;086429374663;$9.26;$29.99
METRA;823020;ACCESSORY;ADAPTER;Chevrolet Silverado / GMC Sierra 2007-20;2;2;0;0;0;4;086429351961;$8.00;$29.99
METRA;823019;ACCESSORY;ADAPTER;Chevrolet Camaro 2010-2015 Speaker Adapt;2;2;0;0;0;6;086429351947;$8.00;$29.99
METRA;823018;ACCESSORY;ADAPTER;Camaro 2016-up Speaker Adapter - Front D;4;4;0;0;0;;086429325283;$9.15;$29.99
METRA;823017;ACCESSORY;ADAPTER;Camaro 2016-up Speaker Adapter - Front D;3;3;0;0;0;;086429325276;$10.00;$29.99
METRA;823016;ACCESSORY;ADAPTER;GM Speaker Adapters - 2.5 Inch to Tweete;7;7;0;0;0;2;086429324637;$5.06;$21.99
METRA;823014;ACCESSORY;ADAPTER;Corvette 2005-2013 Speaker Adapters - 6;1;1;0;0;0;3;086429317431;$12.37;$29.99
METRA;823006;ACCESSORY;ADAPTER;GM Multi 2005-Up Speaker Adapter - 6 to;1;1;0;0;0;;086429288434;$9.33;$29.99
METRA;823005;ACCESSORY;ADAPTER;GM Trucks/Malibu 2014-Up Speaker Adapter;2;2;0;0;0;0;086429288427;$10.42;$29.99
METRA;823004;ACCESSORY;ADAPTER;GM Trucks/Malibu 2014-Up Speaker Adapter;2;2;0;0;0;3;086429288410;$9.33;$29.99
INSTALLBAY;80A;ACCESSORY;FUSE;5-Pack Agu Fuses 80 Amp;3;3;0;0;0;12;;$3.00;$11.99
QPOWER;804ECFS09B;BOX;FORD TRUCK;Quad 8 2009-Up Ford Super Crew;1;1;0;0;0;;;$150.00;$279.99
BASS MAXX;804DQCB19P;CUST POLY;DODGE / RAM TRUCK;QUAD 8 RAM QUAD-CAB 2019-UP;1;1;0;0;0;;;$211.00;$349.00
ATREND;804DQC19;BOX;CUSTOM CARPET;4-8 DODGE RAM 2019-UP;1;1;0;0;0;;;$100.00;$249.99
QPOWER;804CCGM08B;BOX;GM TRUCK;Quad 8 2007-Up GM Crew Cab Box;1;1;0;0;0;2;;$150.00;$279.99
QPOWER;802PB;UNIV POLY;PORTED;Dual 8 Poly Ported;2;2;0;0;0;-1;;$110.00;$219.99
QPOWER;802ECFS09B;BOX;FORD TRUCK;Dual 8 2009-Up Ford Super Crew;1;1;0;0;0;;;$150.00;$279.99
QPOWER;802CCGM08B;BOX;GM TRUCK;Dual 8 2007-Up GM Crew Cab Box;1;1;0;0;0;;;$185.00;$279.99
QPOWER;801T;UNIV CARP;TRUCK;SINGLE 8 INCH TRUCK BOX;0;0;0;0;0;5;;$15.00;$39.99
QPOWER;801S;UNIV CARP;SEALED;SINGLE 8 INCH SUB BOX;0;0;0;0;0;;;$30.00;$54.99
QPOWER;801PBL;UNIV CARP;PORTED;Single 8 Extra Large Side Ported;1;1;0;0;0;2;;$80.00;$149.99
METRA;760201;HARNESS;STANDARD;2-way Waterproof Connector;2;2;0;0;0;;086429352586;$11.00;$29.99
METRA;728110;HARNESS;SPKR;Subaru/Toyota 2008-Up - Speaker Harness;3;3;0;0;0;9;086429409402;$4.24;$15.99
METRA;728109;HARNESS;SPKR;Toyota 2020 Speaker harness - pair;4;4;0;0;0;2;086429388783;$5.00;$15.99
METRA;728105;HARNESS;SPKR;Toyota Tacoma 1996 Speaker Harness;6;6;0;0;0;;086429027927;$6.00;
METRA;728104;HARNESS;SPKR;Toyota 1987-Up Speaker Harness - Pair;6;6;0;0;0;44;086429019281;$5.00;$15.99
METRA;727902;HARNESS;STANDARD;Mazda 1998-Up Chrysler/Dodge/Jeep/Hyunda;5;5;0;0;0;23;086429018642;$5.00;$15.99
METRA;727800;HARNESS;SPKR;Honda 1982-Up Speaker Harness - Pair;3;3;0;0;0;58;086429017102;$5.00;$15.99
METRA;727401;HARNESS;SPKR;Nissan Speaker Harness - Pair;6;6;0;0;0;27;086429318278;$5.00;$15.99
METRA;727400;HARNESS;SPKR;Nissan Speaker Harness - Pair;9;9;0;0;0;8;086429017096;$5.00;$15.99
METRA;727303;HARNESS;SPKR;Speaker Harness - Kia/Hyundai 2014-2018;8;8;0;0;0;3;086429405497;$5.00;$15.99
METRA;727302;HARNESS;SPKR;Hyundai Kia 2016-Up Speaker Harness - Pa;7;7;0;0;0;1;086429339853;$5.00;$15.99
METRA;727301;HARNESS;SPKR;HYUNDAI | KIA 11-Up Speaker Harness - Pa;9;9;0;0;0;;086429232406;$5.00;$15.99
METRA;727300;HARNESS;SPKR;Hyundai/Kia 1998-Up Speaker Harness - Pa;8;8;0;0;0;12;086429232390;$5.00;$15.99
METRA;726516;HARNESS;SPKR;Ram 2015-Up Speaker Harness;6;6;0;0;0;;086429408016;$5.00;$15.99
METRA;726514;HARNESS;SPKR;Chrysler/Dodge 1990-Up Speaker Harness -;6;6;0;0;0;80;086429115334;$5.00;$15.99
METRA;725602;HARNESS;SPKR;Ford/Mazda 2010-Up Speaker Harness - Pai;8;8;0;0;0;58;086429287192;$6.00;$19.99
METRA;725601;HARNESS;SPKR;Ford 1998-Up Speaker Harness - Pair;8;8;0;0;0;4;086429339778;$5.00;$15.99
METRA;725600;HARNESS;SPKR;Ford 1998-Up Speaker Harness - Pair;6;4;0;2;0;90;086429074754;$5.00;$15.99
METRA;725512;HARNESS;SPKR;Ford 1987-Up Speaker Harness - Pair;6;6;0;0;0;4;086429017010;$5.00;$15.99
METRA;724573;HARNESS;STANDARD;GM 7 Tweeter Speaker Harness;5;5;0;0;0;1;086429416035;$5.00;$15.99
METRA;724572;HARNESS;SPKR;GM 2010-2017 Speaker Harness - Pair;8;8;0;0;0;71;086429352555;$5.00;$15.99
METRA;724570;HARNESS;SPKR;GM Speaker Harness - Pair;6;6;0;0;0;;086429016983;$5.00;$15.99
METRA;724569;HARNESS;SPKR;GM Speaker Harness - Pair;6;6;0;0;0;;086429016976;$4.16;$15.99
METRA;724568;HARNESS;SPKR;GM 1988-Up Speaker Harness - Pair;7;4;6;3;0;198;086429016969;$5.00;$15.99
METRA;716523;HARNESS;ADV;Chrysler Dodge 2013-Up OEM Harness;1;1;0;0;0;1;086429278497;$9.00;$59.99
METRA;716522;HARNESS;STANDARD;Chrysler 07-Up OEM Harness;1;1;0;0;0;;086429167104;$13.09;$34.99
METRA;716502;HARNESS;STANDARD;OEM HARNESS CHRYSLER 02-UP;1;1;0;0;0;;086429082346;$9.08;$34.99
METRA;715520;HARNESS;STANDARD;Ford Lincoln Mercury 2003-Up OEM Harness;1;1;0;0;0;;086429117741;$12.35;$34.99
METRA;712108;HARNESS;STANDARD;GM 2016-Up OEM Harness;1;1;0;0;0;;086429338924;$7.31;$34.99
METRA;712107;HARNESS;STANDARD;GM Full Size Truck and SUVs 2015-Up OEM;1;1;0;0;0;;086429287741;$12.16;$34.99
METRA;712106;HARNESS;ADV;GM 2010-Up OEM Harness;1;1;0;0;0;;086429250080;$12.00;$49.99
METRA;7121031;HARNESS;STANDARD;GM 2004-2009 OEM Harness;0;0;0;0;0;1;086429138432;$16.00;$34.99
METRA;711729;HARNESS;STANDARD;Honda 2008-Up OEM Harness;1;1;0;0;0;;086429177202;$9.00;$34.99
METRA;711722;HARNESS;STANDARD;Honda Civic (excluding DX models) 2006-2;1;1;0;0;0;;086429157167;$10.00;$34.99
METRA;711721;HARNESS;STANDARD;Honda Acura Suzuki 1998-2013 OEM Harness;1;1;0;0;0;;086429071210;$9.26;$34.99
METRA;709500;HARNESS;STANDARD;Jaguar/Land Rover 20 Pin Harness;1;1;0;0;0;3;086429213443;$9.00;$23.99
METRA;709223;HARNESS;STANDARD;Volvo 1999-2009 Amp Harness;0;0;0;0;0;;086429328727;$7.00;$29.99
METRA;708114;HARNESS;STANDARD;SWC add-on harness with AUX-IN for Toyot;1;1;0;0;0;;086429230822;$5.18;$24.99
METRA;707903;HARNESS;STANDARD;Mazda 2001-Up Harness;3;3;0;0;0;;086429084739;$3.00;$21.99
METRA;707863;HARNESS;ADV;Honda Element 2003-2011 Amp Retention Ha;1;1;0;0;0;3;086429238859;$25.00;$59.99
METRA;707554;HARNESS;REG;Nissan 2010-Up Bose Amp Integration Harn;0;0;0;0;0;;086429238606;$18.00;$39.99
METRA;707307;HARNESS;STANDARD;Hyundai/Kia Wiring Harness (with Base Ra;1;1;0;0;0;;086429364237;$11.13;$39.99
METRA;707306;HARNESS;ADV;Hyundai/Kia (without NAV, with Display R;2;2;0;0;0;1;086429327577;$22.00;$49.99
METRA;707305;HARNESS;STANDARD;Hyundai Kia 2010-Up Amplifier Bypass Har;1;1;0;0;0;;086429230839;$12.00;$29.99
METRA;707302;HARNESS;STANDARD;Hyundai Kia 2007-2009 Harness;0;0;0;0;0;;086429162031;$12.00;$24.99
METRA;707004;HARNESS;SPKR;Mitsubishi 1994-2007 4 Speaker with Amp;2;2;0;0;0;;086429164585;$8.16;$29.99
METRA;706506;HARNESS;ADV;Chyrsler Pacifica 2004-2008 Amp Bypass;1;1;0;0;0;;086429106233;$22.56;$59.99
METRA;705524;HARNESS;STANDARD;Ford Lincoln 2011-Up (without SYNC) Harn;2;2;0;0;0;;086429250981;$9.00;$21.99
METRA;705523;HARNESS;STANDARD;Ford Transit 2010-2012 Harness;0;0;0;0;0;;086429201983;$10.00;$21.99
METRA;702202;HARNESS;STANDARD;Saturn Vue/Ion 2006-UP Harness;1;1;0;0;0;;086429158447;$13.04;$29.99
METRA;702054;HARNESS;ADV;GM 1998-2007 Amplifier Bypass Harness;0;0;0;0;0;;086429117703;$38.16;$59.99
METRA;701777;HARNESS;STANDARD;Ford Focus 00-04 Mercury Cougar 99-02 Ha;1;1;0;0;0;;086429285440;$5.18;$29.99
METRA;701776;HARNESS;STANDARD;Ford Expedition Lincoln Navigator 2003-2;1;1;0;0;0;;086429281220;$13.63;$29.99
METRA;701765;HARNESS;ADV;Toyota (without Amp) 2018-Up;2;2;0;0;0;;086429364220;$22.00;$49.99
METRA;701731;HARNESS;STANDARD;Honda Civic LX 2016-Up Integration Harne;2;2;0;0;0;1;086429324910;$16.19;$34.99
METRA;701727;HARNESS;ADV;Honda Civic 2006-2011 Amp Bypass Harness;1;1;0;0;0;;086429160327;$19.00;$59.99
METRA;701003;HARNESS;STANDARD;Kia 1995-2003 Harness;2;2;0;0;0;;086429060269;$5.00;$21.99
PUTCO;700H13;LIGHTS;LED;PUTCO H13 LED SLIVER LUX;0;0;0;0;0;1;;$136.00;$269.99
PUTCO;700007;LIGHTS;LED;Nitro Lux Projector H7 LED;0;0;0;0;0;1;;$190.00;$295.55
PUTCO;700004;LIGHTS;LED;PUTCO H4 LED SLIVER LUX;1;1;0;0;0;;;$158.00;$269.99
QPOWER;6X9S;SPKR BOX;6X9;6X9 BOXES [ SOLD IN PAIR ];7;7;0;0;0;23;;$35.00;$59.99
FOCAL;690AC;SPKR;COAX;6 X 9 Coaxial Kit;1;1;0;0;0;3;3544056750672;$210.00;$419.99
VIPER;6826T;AL/RS;ALARM;Viper DEI 2-WAY Antenna;2;2;0;0;0;;;$25.00;$59.99
QPOWER;65S;SPKR BOX;6.5;6.5 BOXES [ SOLD IN PAIR ];0;0;1;0;0;2;;$35.00;$59.99
INSTALLBAY;60A;ACCESSORY;FUSE;Fuse 60 Amp;3;3;0;0;0;6;;$3.00;$11.99
MISC;5WIRE;WIRE;CCA;5 Conductor Speedwire;2;280;0;0;0;;609098796286;$0.43;$1.50
INSTALLBAY;5MR;LIGHTS;GLOW;Installbay 5M Led Strip Red;1;1;0;0;0;;;$22.00;$59.99
INSTALLBAY;5MG;LIGHTS;GLOW;Installbay 5M Led Strip Green;1;1;0;0;0;;;$23.00;$59.99
LABOR;5CH;LABOR;AMP;5-CH  AMP;0;0;0;0;0;;;$0.00;$450.00
VIPER;5908VM;AL/RS;COMBO;2-Way Remote Start and Security System M;0;0;0;0;0;;;$183.00;$695.00
VIPER;5707VM;AL/RS;COMBO;MESA 2-Way LCD SEC/RS 1-Mile Range;1;1;0;0;0;10;093207096716;$200.00;$695.00
DIRECTED;556UW;AL/RS;RS;DEI UNIVERSAL KEY INTERFACE;0;0;0;0;0;;;$22.00;$59.99
DIRECTED;535T;AL/RS;ALARM;Power Window Automation System;1;1;0;0;0;1;093207025570;$70.00;$250.00
KICKER;52GR12;SUB;GRILLE;Kicker Round 12  Grille;2;2;0;0;0;;713034094340;$15.00;$29.99
KICKER;51LX5004;AMP;4CH;LX-Series 4 Channel Amp 500w RMS;0;0;0;0;0;;713034020301;$370.00;$599.99
KICKER;51LX30001;AMP;MONO;LX-Series Monoblock Amp 3000w RMS;4;4;0;0;0;;713034020264;$554.00;$899.99
KICKER;51LX13007;AMP;7CH;LX-Series 7 Channel Amp 1300w RMS;4;4;0;0;0;;713034020240;$586.00;$949.99
KICKER;51KSS6504;SPKR;CMP;6.5-Inch cmp. sys. w/ 1-Inch Twts, 4-Ohm;4;4;0;0;0;5;713034045335;$155.00;$249.99
KICKER;51KSS369;SPKR;CMP;6x9, 2.75 and 1 Twt, 3-way Component,;2;2;0;0;0;1;713034044970;$245.00;$399.99
KICKER;51KSS365;SPKR;CMP;6.5, 2.75, and 1 Twt, 3-way Component;3;3;0;0;0;1;713034058366;$215.00;$399.99
KICKER;51KSS269;SPKR;CMP;KS Series 6 x 9 & 2.75 Component Sets;2;2;0;0;0;2;713034045373;$163.00;$299.99
KICKER;51KSC6904;SPKR;COAX;6x9-Inch coax w/ 1-Inch Twts, 4-Ohm;6;6;0;0;0;2;713034011491;$98.00;$159.99
KICKER;51KSC6804;SPKR;COAX;6x8-Inch coax w/ .75-Inch Twts, 4-Ohm;1;1;0;0;0;3;713034058434;$80.00;$129.99
KICKER;51KSC6504;SPKR;COAX;6.5-Inch coax w/.75-Inch Twts, 4-Ohm;5;5;0;0;0;18;713034011040;$80.00;$129.99
KICKER;51KSC504;SPKR;COAX;5.25-Inch coax w/.75-Inch Twts, 4-Ohm;0;0;0;0;0;;713034011026;$80.00;$129.99
KICKER;51KSC4604;SPKR;COAX;4x6-Inch coax w/.5-Inch Twts, 4-Ohm;2;2;0;0;0;11;713034010968;$60.00;$99.99
KICKER;51KSC404;SPKR;COAX; 4-Inch (100mm) Coaxial Speakers;2;2;0;0;0;5;713034010715;$60.00;$99.99
KICKER;51KSC3504;SPKR;COAX; 3.5-Inch coax w/.5-Inch Twts, 4-Ohm;4;4;0;0;0;6;713034010456;$48.00;$79.99
KICKER;51KSC2704;SPKR;COAX;2.75-Inch (70mm) Speakers, 4-Ohm;3;3;0;0;0;1;713034010425;$53.00;$79.99
KICKER;51HS10;ENCLOSURE;POWERED;Hideaway Powered 10 Subwoofer;2;1;0;1;0;2;;$265.00;$369.99
KICKER;51CWQ154;SUB;REG;CompQ 15 Subwoofer, DVC, 4-ohm, 1200w;2;2;0;0;0;2;713034090083;$259.00;$429.99
KICKER;51CWQ124;SUB;REG;CompQ 12 Subwoofer, DVC, 4-ohm;2;2;0;0;0;;713034090069;$199.00;$329.99
KICKER;51CWQ122;SUB;REG;CompQ 12 Subwoofer, DVC, 2-ohm, 1000w;1;1;0;0;0;5;713034090052;$199.00;$329.99
KICKER;51CWQ104;SUB;REG;CompQ 10 Subwoofer, DVC, 4-ohm, 800w;0;0;0;0;0;; 713034090045;$169.00;$279.99
VIPER;5107VM;AL/RS;COMBO;MESA 4-Btn 1-Way SEC/RS 1/2 Mile;1;1;0;0;0;2;;$120.00;$595.00
KICKER;50HPFD4;ACCESSORY;DIST BLOCK;0/1GA IN & OUT 4-Way Distribution Block;2;2;0;0;0;1;713034089711;$60.00;$109.99
KICKER;50HPFD2;ACCESSORY;DIST BLOCK;0/1GA IN & OUT 2-Way Distribution Block;2;2;0;0;0;1;713034089704;$40.00;$79.99
KICKER;50HPBT6;ACCESSORY;DIST BLOCK;6 OUTPUT 0/1GA Battery Terminal;2;2;0;0;0;3;713034089698;$36.00;$69.99
KICKER;50CWCS84;SUB;REG;8 COMP -C / 4-OHM;2;2;0;0;0;3;713034039716;$56.00;$89.99
KICKER;50CWCS124;SUB;REG;CompC 12 600W Max Single 4-Ohm;4;4;0;0;0;;713034039693;$81.00;$129.99
KICKER;50CWCS104;SUB;REG;KICKER COMP C 10 4-OHM;4;4;0;0;0;8;;$69.00;$109.99
KICKER;50CSC4104;SPKR;COAX;kicker 4x10 2-way speaker;1;1;0;0;0;2;713034038801;$56.00;$99.99
KICKER;50BT4S;ACCESSORY;DIST BLOCK;4 OUT 0GA Battery Terminal W/ SIDE POST;2;2;0;0;0;2;713034089681;$30.00;$59.99
VIPER;508D;AL/RS;ALARM;Proximity Sensor;1;1;0;0;0;3;;$48.00;$89.99
METRA;50012;ACCESSORY;ADAPTER;Adapter 4X10 To 6X9;0;0;0;0;0;;;$8.00;$24.99
INSTALLBAY;4S;ACCESSORY;HARDWARE;4 Gauge Spade Terminals;74;74;0;0;0;29;;$0.25;$2.99
INSTALLBAY;4R;ACCESSORY;HARDWARE;4 Gauge Ring Terminals;37;37;0;0;0;69;;$0.75;$2.99
MISC;4GW;WIRE;CCA;4 Gauge Wire;7;720;0;0;0;;609098821377;$0.70;$2.50
LABOR;4CH;LABOR;AMP;4-CH AMP;0;0;0;0;0;;;$0.00;$295.00
INSTALLBAY;4C;ACCESSORY;HARDWARE;4 Gauge Connectors;20;20;0;0;0;;;$1.00;$3.99
KICKER;49WXA36001;AMP;MONO;3600 Watt Mono @ 1 Class D Warhorse Amp;2;2;0;0;0;2;713034013105;$678.00;$1,299.99
KICKER;49VUL7X12;BOX;CUSTOM CARPET;KICKER 12 SOLO-X SINGLE BOX 31HZ;1;1;0;0;0;;713034093756;$315.00;$495.00
KICKER;49L7X181RK;SUB;RECONE;18 Re-Cone kit w/1-Ohm DVC;0;0;0;0;0;;713034093350;$224.00;$279.99
KICKER;49L7X181;SUB;REG;solo-x 18 sub (No Warranty);0;0;0;0;0;;713034038788;$540.00;$895.00
KICKER;49L7X151RK;SUB;RECONE;15 Re-Cone kit w/1-Ohm DVC;2;1;0;1;0;; 713034018421;$184.00;$229.99
KICKER;49L7X151;SUB;REG;SoloX 15 Sub (No Warranty);4;4;4;0;0;5;713034012832;$450.00;$749.99
KICKER;49L7X121RK;SUB;RECONE;12 Re-Cone kit w/1-Ohm DVC;2;2;0;0;0;;713034018384;$176.00;$219.99
KICKER;49L7X121;SUB;REG;SoloX 12 Sub (No Warranty);4;4;0;0;0;15;713034012870;$420.00;$699.99
KICKER;49L7X101RK;SUB;RECONE;10 Re-Cone kit w/1-Ohm DVC;0;0;0;0;0;;713034018346;$160.00;$209.99
KICKER;49L7X101;SUB;REG;SoloX 10 Sub (No Warranty);4;4;0;0;0;;713034012856;$400.00;$649.99
KICKER;49L7TDF122;ENCLOSURE;LOADED;L7T 12 Down Firing Subwoofer Enclosure;3;3;0;0;0;16;713034031062;$229.00;$379.99
KICKER;49L7TDF102;ENCLOSURE;LOADED;L7T 10 Down Firing Subwoofer Enclosure;2;2;0;0;0;9;713034030645;$199.00;$349.99
KICKER;49DUL7X12;BOX;CUSTOM CARPET;KICKER DUAL 12 SOLO-X  BOX 31HZ;0;0;0;0;0;;713034093749;$560.00;$849.00
KICKER;49DTC;BOX;SPKR; KICKER DUAL TERMINAL CUP 8-AWG;3;3;0;0;0;1;713034093763;$30.00;$59.99
KICKER;48VCWR122;ENCLOSURE;LOADED;KICKER COMP R VENTED BOX;2;2;0;0;0;12;713034019961;$193.00;$319.99
KICKER;48PXA4004;MARINE;AMP; 4 x100-Watt Full-Range Amplifier;1;2;0;-1;0;1;713034088479;$319.00;$479.99
KICKER;48KXMA8008;AMP;8CH;MARINE GRADE 8-CH AMP;1;1;0;0;0;;713034020653;$444.00;$719.99
KICKER;48DCWR122;ENCLOSURE;LOADED;KICKER DUAL COMP-R BOX;4;4;0;0;0;14;713034019626;$290.00;$479.99
KICKER;48CWRT84;SUB;THIN;CompRT 8 Subwoofer 300W RMS;0;0;0;0;0;6;713034019237;$105.00;$169.99
KICKER;48CWRT82;SUB;THIN;CompRT 8 Subwoofer 300W RMS;2;2;0;0;0;10;713034019220;$105.00;$169.99
KICKER;48CWRT672;SUB;THIN;CompRT 6.75-Inch Subwoofer 150w RMS;2;2;0;0;0;9;713034019206;$74.00;$119.99
KICKER;48CWRT124;SUB;THIN;CompRT 12 4-Ohm DVC Shallow Subwoofer;2;2;0;0;0;6;713034019190;$142.00;$229.99
KICKER;48CWRT122;SUB;THIN;CompRT 12 Subwoofer 500W RMS;7;7;0;0;0;49;713034019183;$142.00;$229.99
KICKER;48CWRT102;SUB;THIN;CompRT 10 2-Ohm DVC Shallow Subwoofer;5;5;0;0;0;48;713034019169;$123.00;$199.99
KICKER;48CWR84;SUB;REG;CompR Series 8 Dual 4-Ohm Voice Coil;1;1;0;0;0;15;713034019152;$62.00;$119.99
KICKER;48CWR82;SUB;REG;CompR Series 8 Dual 2-Ohm Voice Coil;4;4;0;0;0;;713034019145;$62.00;$119.99
KICKER;48CWR154;SUB;REG;KICKER COMP 15 DVC 4-OHM;3;3;0;0;0;8;713034019138;$185.00;$299.99
KICKER;48CWR124;SUB;REG;KICKER COMP 12 DVC 500W RMS;4;4;0;0;0;23;713034019114;$105.00;$169.99
KICKER;48CWR122;SUB;REG;KICKER COMP 12 DVC 500W RMS;8;8;0;0;0;49;713034019107;$105.00;$169.99
KICKER;48CWR104;SUB;REG;KICKER COMP 10 DVC 4-OHM;1;1;0;0;0;25;713034019091;$92.00;$149.99
KICKER;48CWR102;SUB;REG;KICKER COMP 10 DVC 2-OHM;5;5;0;0;0;15;713034019084;$92.00;$149.99
KICKER;47QL7R12;ENCLOSURE;LOADED;KICKER QUAD L7R12 VENTED BOX;0;0;0;0;0;;;$1,057.00;$1,499.99
KICKER;47PSMB32;MOTORCYCLE;SPKR;KICKER 3 MOTORCYCLE SPEAKER;1;1;0;0;0;;;$120.00;$199.99
KICKER;47KSMT2504;SPKR;TWT;Dual Pod Component System w/ 2.5 and 1;1;1;0;0;0;1;713034021285;$180.00;$299.99
KICKER;47KPB1;ATV;POWERED; 21 Bluetooth Powered SOUND BAR 150W;1;1;0;0;0;;713034013020;$368.00;$599.99
KICKER;47KMPK8;MARINE;KIT;Marine 8Awg Amp Power Kit;0;0;0;0;0;;713034013549;$74.00;$119.99
KICKER;47KMPK4;MARINE;KIT;Marine 4Awg Amp Power Kit;0;0;0;0;0;;713034013525;$150.00;$249.99
KICKER;47KEY5001;AMP;MONO;KEY500.1 Compact Amp w/ Auto-Tuning;0;0;1;0;0;8;713034013280;$187.00;$279.99
KICKER;47KEY2004;AMP;4CH;KICKER SMART 4-CH AMP 50WX4;10;10;0;0;0;49;713034013174;$187.00;$279.99
KICKER;46TL7T122;ENCLOSURE;LOADED;KICKER BOX L7 THIN 12 SQ 600W;2;2;0;0;0;21;713034000402;$211.00;$349.99
KICKER;46TL7T102;ENCLOSURE;LOADED;KICKER BOX L7 THIN 10 SQ 500W;2;2;0;0;0;28;713034000389;$181.00;$299.99
KICKER;46L7T124;SUB;THIN;KICKER L7 THIN 12 SQ 600W;3;3;0;0;0;0;713034085836;$185.00;$299.99
KICKER;46L7T122;SUB;THIN;KICKER L7 THIN 12 SQ 600W;1;1;0;0;0;2;713034085829;$185.00;$299.99
KICKER;46L7T104;SUB;THIN;KICKER L7 THIN 10 SQ 500W;3;3;0;0;0;2;713034085812;$155.00;$249.99
KICKER;46KST2504;SPKR;TWT;KICKER TWEETER / 75 RMS;3;2;0;1;0;8;713034088233;$72.00;$119.99
KICKER;46KB6B;MARINE;SPKR;Black Indoor/Outdoor Full-range Speakers;1;1;0;0;0;1;713034004011;$83.00;$129.99
KICKER;46CXARCT;ACCESSORY;KNOB;KICKER CX REMOTE GAIN;5;5;0;0;0;89;713034012825;$26.00;$44.99
KICKER;46CXA8001T;AMP;MONO;CX CLASS-D MONO 800W RMS;7;7;0;0;0;102;713034012818;$199.00;$299.99
KICKER;46CXA6605T;AMP;5CH;KICKER 5-CH AMP;1;1;0;0;0;6;713034012795;$298.00;$449.99
KICKER;46CXA4001T;AMP;MONO;KICKER CLASS-D AMP 400W RMS / 800 MAX;2;2;0;0;0;28;713034012788;$133.00;$199.99
KICKER;46CXA3604T;AMP;4CH;KICKER 4-CH AMP;2;2;0;0;0;7;713034012771;$153.00;$229.99
KICKER;46CXA18001T;AMP;MONO;KICKER CLASS-D MONO 1800W RMS;4;4;0;0;0;17;713034012764;$332.00;$499.99
KICKER;46CXA12001T;AMP;MONO;KICKER CLASS-D MONO 1200W RMS;9;9;0;0;0;86;713034012757;$266.00;$399.99
KICKER;46CST204;SPKR;TWT;CS TWEETER 3/4 50w RMS;3;3;0;0;0;17;713034088448;$42.00;$79.99
KICKER;46CSC6934;SPKR;COAX;KICKER COMP S 6X9 3-WAY;7;7;0;0;0;38;713034088394;$80.00;$129.99
KICKER;46CSC684;SPKR;COAX;KICKER 6X8 / 5X7 2-WAY;7;5;0;2;0;49;713034088387;$56.00;$89.99
KICKER;46CSC654;SPKR;COAX;KICKER 6.5 2-WAY;16;16;0;0;0;132;713034088363;$56.00;$89.99
KICKER;46CSC54;SPKR;COAX;KICKER 5.25 /  2-WAY;3;3;0;0;0;18;713034088356;$56.00;$89.99
KICKER;46CSC464;SPKR;COAX;CS 4 X 6 Coaxial Speaker;5;5;0;0;0;54;713034088349;$42.00;$69.99
KICKER;46CSC44;SPKR;COAX;KICKER COMP S 4;2;2;0;0;0;17;713034088332;$42.00;$69.99
KICKER;46CSC354;SPKR;COAX;KICKER COMP S 3.5;3;3;0;0;0;22;713034088325;$36.00;$59.99
KICKER;45VL7R122;ENCLOSURE;LOADED;KICKER 12L7R LOADED 600W RMS;4;4;0;0;0;24;713034087342;$229.00;$379.99
KICKER;45L7R154;SUB;REG;KICKER 15 L7R;2;0;0;2;0;2;713034085744;$211.00;$349.99
KICKER;45L7R124;SUB;REG;KICKER 12 L7R 12;4;4;0;0;0;0;713034085720;$155.00;$249.99
KICKER;45L7R122;SUB;REG;KICKER 12 L7R 12;2;2;0;0;0;0;713034085713;$155.00;$249.99
KICKER;45L7R104;SUB;REG;KICKER 10 L7R 10;3;3;0;0;0;1;713034085706;$135.00;$219.99
KICKER;45KM84L;MARINE;SPKR;KICKER 8 MARINE LED;2;2;0;0;0;2;713034085119;$148.00;$239.99
KICKER;45KM654L;MARINE;SPKR;KICKER 6.5 MARINE LED;5;5;0;0;0;6;713034085102;$129.00;$209.99
KICKER;45KM124;MARINE;SUB;KICKER 12 MARINE SUB;1;1;1;0;0;2;713034084761;$141.00;$229.99
KICKER;45KM104;MARINE;SUB;KICKER 10 MARINE SUB;2;2;0;0;0;1;713034084747;$123.00;$199.99
KICKER;45DL7R122;ENCLOSURE;LOADED;KICKER DUAL 12 L7R 1200 RMS;3;3;0;0;0;23;713034087311;$362.00;$599.99
KICKER;44VL7S122;ENCLOSURE;LOADED;KICKER BOX 12 L7 SOLOBARIC;0;0;0;0;0;;713034081135;$272.00;$449.99
KICKER;44L7S84;SUB;REG;8 L7S 450-Watt Dual 4-Ohm Voice;0;0;0;0;0;4;;$130.00;$199.99
KICKER;44L7S154;SUB;REG;KICKER L7 15 DUAL VOICE COIL;0;0;0;0;0;4;713034081166;$271.00;$449.99
KICKER;44L7S124;SUB;REG;KICKER 12 L7 SOLOBARIC DVC-4;2;2;0;0;0;5;713034081180;$217.00;$349.99
MATRA;44EC96;ANTENNA;EXTENSION;Extension Cable 96;0;0;0;0;0;;086429007400;$4.39;$19.99
METRA;44EC204;ANTENNA;EXTENSION;Extension Cable 17 Feet;3;3;0;0;0;1;086429015405;$7.00;$24.99
KICKER;44DL7S122;ENCLOSURE;LOADED;KICKER 2-12 BOX L7 SOLOBARIC;1;1;0;0;0;3;713034081128;$483.00;$799.99
KICKER;44CWCS154;SUB;REG;KICKER COMP C 15 4-OHM;4;4;0;0;0;3;713034078937;$112.00;$179.99
KICKER;44CWCD124;SUB;REG;KICKER COMP C 12 DVC 4-OHM;1;1;0;0;0;3;713034078968;$75.00;$119.99
WEATHERTECH;444781;ACCESSORY;FLOOR MAT;WEATHERTECH FRONT DODGE RAM;0;0;0;0;0;1;;$77.00;$119.99
WEATHERTECH;442163;ACCESSORY;FLOOR MAT;WEATHERTECH REAR-MAT 09-18 RAM;1;1;0;0;0;;;$49.99;$109.99
KICKER;43CWR12G;SUB;GRILLE;Kicker 12-Inch Grille guard;4;4;0;0;0;38;;$15.00;$29.99
KICKER;43CWR10G;SUB;GRILLE;Kicker 10-Inch Grille guard;4;4;0;0;0;23;;$17.00;$29.99
KICKER;42PSC654;MOTORCYCLE;SPKR;6.5-Inch PowerSports Weather-Proof Coax;2;2;0;0;0;2;713034076957;$111.00;$199.99
VIPER;4115V;AL/RS;RS;VIPER 1WAY 1BTN REMOTE START;2;2;0;0;0;1;093207094927;$80.00;$349.99
VIPER;4107VM;AL/RS;RS;MESA 1-Way 4-Btn Remote Start System;8;8;0;0;0;14;093207094934;$73.00;$350.00
METRA;40UV43;ANTENNA;ADAPTER;Universal Antenna Adapter - Male to 2 Fe;1;1;0;0;0;1;086429007158;$5.00;$17.99
METRA;40UV42;ANTENNA;ADAPTER;Universal Antenna Adapter - Male to Male;2;2;0;0;0;;086429007141;$5.00;$17.99
METRA;40UV41;ANTENNA;ADAPTER;Universal Antenna Adapter - Female to Fe;2;2;0;0;0;;086429007134;$5.00;$17.99
METRA;40KI21;ANTENNA;ADAPTER;Hyundai/Kia 2009-up Into OE Radio;1;1;0;0;0;;086429174829;$6.00;$23.99
METRA;40KI11;ANTENNA;ADAPTER;Hyundai/Kia Antenna Adapter 2009-Up;2;2;0;0;0;;086429174812;$5.00;$23.99
METRA;40GM20;ANTENNA;ADAPTER;GM Antenna Adapter Into OEM Radio;2;2;0;0;0;;086429007042;$5.00;$16.99
METRA;40EU20;ANTENNA;ADAPTER;European Vehicle Reverse Antenna Adapter;1;1;0;0;0;1;086429084616;$8.00;$21.99
METRA;40CR20;ANTENNA;ADAPTER;Chrysler/Dodge/Ford/GM/Jeep Antenna Adap;3;3;0;0;0;2;086429083916;$10.00;$21.99
METRA;40CR10;ANTENNA;ADAPTER;Chrysler/Dodge/Ford/GM/Jeep Antenna Adap;6;6;0;0;0;19;086429082971;$7.00;$21.99
INSTALLBAY;40A;ACCESSORY;FUSE;Fuse 40 Amp;1;1;0;0;0;;;$3.00;$11.99
MISC;3X5P;ACCESSORY;;PORT 3X5;6;6;0;0;0;;;$3.00;$8.99
MISC;3X2GT;ACCESSORY;HARDWARE;GOLD TERMINAL 3X2 FOR BOX;62;62;0;0;0;;;$7.00;$14.99
METRA;3M177610;ACCESSORY;TAPE;Vinyl Electrical Tape 3/4 inch X 60 feet;1;10;0;0;0;;086429415311;$1.38;$3.99
MISC;3IN1USBV2;ACCESSORY;;USB-C, Lightning, Micro-USB to USB-A;3;3;0;0;0;;;$5.00;$14.99
VIPER;3307VM;AL/RS;ALARM;MESA 2-Way Responder LCD Security System;1;1;0;0;0;6;093207064746;$130.00;$449.99
VIPER;3121V;AL/RS;ALARM;VIPER MOTORCYCLE / ATV ALARM;4;4;0;0;0;;;$120.00;$349.99
VIPER;3107VM;AL/RS;ALARM;MESA 1-way security;1;1;0;0;0;7;093207064715;$80.00;$349.00
FOCAL;30A4;SUB;REG;Focal 12 Subwoofer;0;0;0;0;0;2;;$115.00;$229.99
MISC;2X2PT;ACCESSORY;HARDWARE;PLASTIC TERMINAL 2X2 FOR BOX;44;42;0;2;0;;;$4.00;$9.99
PUTCO;289012;LIGHTS;LED;PUTCO 9012 LED SLIVER LUX;0;0;0;0;0;1;;$158.00;$269.99
PUTCO;280011;LIGHTS;LED;PUTCO H11 LED SLIVER LUX;0;0;0;0;0;1;;$158.00;$269.99
PUTCO;280010;LIGHTS;LED;PUTCO H10 LED SLIVER LUX;1;1;0;0;0;;;$158.00;$269.99
MISC;27A;ACCESSORY;BATTERY;GP 27A BATTERIES;4;4;0;0;0;;;$0.80;$4.99
FOCAL;25A4;SUB;REG;Focal 10 Subwoofer;2;2;0;0;0;;;$100.00;$199.99
ROSTRA;2501836;SAFETY;RADAR;ROSTRA TOYOTA CRUISE CONTROL;0;0;0;0;0;;;$155.00;$489.99
MISC;23AE;ACCESSORY;BATTERY;ALARM BATTERY;3;3;0;0;0;;;$1.70;$4.99
INSTALLBAY;1700;ACCESSORY;;Electrical Tape;19;19;0;0;0;8;;$1.00;$3.99
MISC;16GW;WIRE;CCA;16/18 Gauge Remote Wire;0;362;0;0;0;;609098795449;$0.13;$0.35
MISC;16GS;WIRE;CCA;16 Gauge Speaker Wire;13;1311;0;3;0;;609098821445;$0.60;$0.75
FOCAL;165AS;SPKR;CMP;6.5 2-Way Component Kit;5;5;0;0;0;4;3544054750670;$220.00;$439.99
FOCAL;165AC;SPKR;COAX;6.5 Coaxial Kit;2;2;0;0;0;8;044476139376;$165.00;$329.99
JL AUDIO;15W0V34;SUB;REG;15-Inch Subwoofer Driver (500W, 4 ohm);2;2;0;0;0;;699440921671;$171.00;$299.99
RAPTOR;15GD;SUB;GRILLE;GRILLS 15 DEEP;3;3;0;0;0;1;;$10.00;$24.99
RAPTOR;15G;SUB;GRILLE;GRILLS 15;6;6;0;0;0;;;$2.00;$11.99
QPOWER;1504PK;UNIV CARP;SQUARE;QUAD 15 SQUARE PORTED BOX;0;0;0;0;0;;;$300.00;$499.99
QPOWER;1502S;UNIV CARP;SEALED;DUAL 15 SUB BOX;1;1;0;0;0;1;;$130.00;$249.99
QPOWER;1502PLB;BOX;UNIV POLY;DUAL 15 SPL PORTED BEDLINER X-LARGE;2;2;0;0;0;-2;;$180.00;$449.99
QPOWER;1502PL;UNIV CARP;PORTED;DUAL 15 PORTED X-LARGE;1;1;0;0;0;0;;$170.00;$349.99
QPOWER;1502PKB;UNIV POLY;SQUARE;DUAL 15 SQUARE KICKER L7;0;0;0;0;0;1;;$168.00;$349.99
QPOWER;1502PK;UNIV CARP;SQUARE;DUAL 15 PORTED KICKER L5/L7;1;0;0;1;0;2;;$150.00;$295.00
QPOWER;1502PB;UNIV POLY;PORTED;DUAL 15 SLOTTED PORT BEDLINER;1;1;0;0;0;3;;$140.00;$295.00
QPOWER;1502P;UNIV CARP;PORTED;DUAL 15 SLOTTED PORT;2;2;0;0;0;4;;$150.00;$249.99
QPOWER;1502AVB;CUST POLY;GM TRUCK;DUAL15 POLY AVALANCHE 01-07;0;0;0;0;0;;;$300.00;$649.99
QPOWER;1501S;UNIV CARP;SEALED;SINGLE 15 INCH SUB BOX;0;0;0;0;0;3;;$25.00;$89.99
QPOWER;1501PLB;UNIV POLY;PORTED;SINGLE 15' LARGE PORTED BEDL;3;3;0;0;0;1;;$168.00;$299.00
QPOWER;1501PL;UNIV CARP;PORTED;SINGLE 15 SLOTTED PORT LARGE Carpet;0;0;0;0;0;;;$110.00;$199.99
QPOWER;1501PKL;UNIV CARP;SQUARE;Single 15 Large Ported Solo L7/L5 Box;0;0;0;0;0;;;$100.00;$199.99
QPOWER;1501PKB;UNIV POLY;SQUARE;SINGLE 15 PORTED SOLO L7/L5;0;0;0;0;0;;;$168.00;$295.00
QPOWER;1501PK;UNIV CARP;SQUARE;SINGLE 15 PORTED SOLO L7/L5;1;1;0;0;0;0;;$120.00;$199.99
QPOWER;1501PB;UNIV POLY;PORTED;SINGLE 15 SLOTTED PORTED Bedliner;1;1;0;0;0;2;;$138.00;$249.99
QPOWER;1501P;UNIV CARP;PORTED;SINGLE 15 SLOTTED PORT Carpet;1;1;0;0;0;16;;$85.00;$159.99
ATREND;1301P;BOX;UNIV CARPET;Single Vented Enclosure  ROCKFORD T13;2;2;0;0;0;;;$125.00;$249.99
JL AUDIO;12W7AE3;SUB;REG;12 Poly Subwoofer (1000W, 3 Ohm)-Built;0;0;0;0;0;;699440921152;$731.00;$1,399.99
JL AUDIO;12W6V3D4;SUB;REG;12 dia.subwoofer (600W,dual 4ohm voice;2;2;0;0;0;;699440921411;$470.00;$899.99
JL AUDIO;12W3V34;SUB;REG;12 Poly Subwoofer (500W, 4 Ohm)-Built i;4;4;2;0;0;;699440921541;$248.00;$449.99
JL AUDIO;12W1V34;SUB;REG;12  Subwoofer (300 Watt, 4 Ohm);2;2;0;0;0;2;699440920834;$138.00;$249.99
JL AUDIO;12W0V34;SUB;REG;12-Inch Subwoofer Driver (300W, 4 ohm);4;4;0;0;0;;699440921664;$85.00;$149.99
JL AUDIO;12TW3D8;SUB;THIN;12 Thin Line Subwoofer driver (400W,Dua;6;6;0;0;0;;699440921947;$304.00;$549.99
JL AUDIO;12TW12;SUB;THIN;12 thin-line Subwoofer Driver, 2 ohm;2;2;0;0;0;;699440921893;$248.00;$449.99
MISC;12GS;WIRE;CCA;12 Gauge Speaker Wire;6;1536;0;6;0;;609098821414;$0.26;$0.99
RAPTOR;12GD;SUB;GRILLE;GRILLS 12 DEEP;3;3;0;0;0;14;;$3.00;$19.99
QPOWER;1204SB;UNIV POLY;SEALED;FOUR 12 BEDLINER BOX;1;1;0;0;0;1;;$175.00;$349.99
QPOWER;1203T;UNIV CARP;TRUCK;TRIPLE 12 TRUCK BOX;0;0;0;0;0;1;;$55.00;$149.99
QPOWER;1203P;UNIV CARP;PORTED;TRIPLE 12 SUB BOX VENTED;1;1;0;0;0;0;;$75.00;$249.99
QPOWER;1202TTDCB;CUST POLY;TOYOTA TRUCK;DUAL 12 TACOMA DOUBLE CAB 2005-2023;0;0;0;0;0;;;$180.00;$350.00
QPOWER;1202T;UNIV CARP;TRUCK;DUAL 12 REG TRUCK BOX;1;1;0;0;0;3;;$85.00;$159.99
QPOWER;1202SUVB;CUST POLY;GM SUV;DUAL 12 SUV 3rd-Row Bedliner Ported Box;2;2;0;0;0;3;;$135.00;$279.99
BASS MAXX;1202SOLOX;UNIV POLY;SQUARE;DUAL 12 PORTED POLY BOX KICKER SOLO-X;1;1;0;0;0;;;$230.00;$695.00
QPOWER;1202S;UNIV CARP;SEALED;DUAL 12 SEALED SUB BOX;1;1;0;0;0;3;;$77.00;$129.99
QPOWER;1202PLB;UNIV POLY;PORTED;DUAL 12 PORTED POLY X-LARGE;0;0;0;0;0;1;;$225.00;$495.00
QPOWER;1202PL;UNIV CARP;PORTED;DUAL 12 PORTED X-LARGE;1;1;0;0;0;4;;$95.00;$199.99
BASS MAXX;1202PKB;UNIV POLY;SQUARE;DUAL 12 PORTED POLY BOX SQUARE KICKER;1;1;0;0;0;;;$120.00;$249.99
QPOWER;1202PK;UNIV CARP;SQUARE;DUAL 12 SQUARE KICKER L7;0;0;0;0;0;3;;$60.00;$179.99
QPOWER;1202PB;UNIV POLY;PORTED;DUAL 12 PORTED POLY COATED;0;0;0;0;0;7;;$98.00;$219.99
QPOWER;1202P2B;UNIV POLY;PORTED;DUAL 12 PORTED T-HORN LINER;5;5;0;0;0;2;;$109.00;$249.99
QPOWER;1202P2;UNIV CARP;PORTED;DUAL 12  Slotted Port Box 1 wood;0;0;0;0;0;9;;$95.00;$179.99
QPOWER;1202P;UNIV CARP;PORTED;DUAL 12 PORTED BOX;0;0;0;0;0;6;;$70.00;$149.99
QPOWER;1202NA;CUST CARP;NISSAN ALTIMA;DUAL 12 07-UP ALTIMA;0;0;0;0;0;;;$49.00;$179.99
QPOWER;1202N370Z;CUST CARP;NISSAN 370Z;DUAL 12 2010-UP NISSAN 370Z;0;0;0;0;0;;;$85.00;$179.99
QPOWER;1202JEEPB;CUST POLY;JEEP;DUAL12 2007-2018 JEEP WRANGLER 4-door;0;0;0;0;0;;;$195.00;$349.99
QPOWER;1202JEEP;CUST CARP;JEEP;DUAL12 JEEP WRANGLER;0;0;0;0;0;;;$95.00;$219.99
QPOWER;1202G354D;CUST CARP;INFINITI G35;DUAL 12 BOX 03-06 G35 4-D;0;0;0;0;0;1;;$59.00;$179.99
QPOWER;1202FRC04;CUST CARP;FORD TRUCK;DUAL 12FORD REGULAR C 04-UP;0;0;0;0;0;;;$74.00;$179.99
QPOWER;1202FMC;CUST CARP;FORD MUSTANG;DUAL 12 MUSTANG CONVERTIBLE;1;1;0;0;0;1;;$80.00;$179.99
QPOWER;1202FM05;CUST CARP;FORD MUSTANG;DUAL 12 MUSTANG/ 05-15;1;1;0;0;0;1;;$70.00;$179.99
QPOWER;1202FM04;CUST CARP;FORD MUSTANG;DUAL 12  FORD MUSTANG 94-04;0;0;0;0;0;;;$85.00;$179.99
QPOWER;1202F250CCB;CUST POLY;FORD TRUCK;DUAL 12 F250 CREW 2000-2016 /BL;0;0;0;0;0;2;;$160.00;$349.99
BASS MAXX;1202ECNB;CUST POLY;NISSAN TRUCK;DUAL 12 NISSAN EX-CAB OR 4-DR;0;0;0;0;0;;;$240.00;$349.99
QPOWER;1202ECN;CUST CARP;NISSAN TRUCK;DUAL 12 NISSAN EX-CAB OR 4-DO;0;0;0;0;0;1;;$100.00;$195.00
QPOWER;1202ECGM99B;CUST POLY;GM TRUCK;DUAL 12 GMC EXT CAB 99-06;3;3;0;0;0;0;;$130.00;$295.00
QPOWER;1202ECGM99;CUST CARP;GM TRUCK;DUAL 12 Ext-Cab GM Truck 99-06;0;0;0;0;0;;;$100.00;$195.00
QPOWER;1202ECGM8898;CUST CARP;GM TRUCK;DUAL 12 GMC EXT CAB  1988-98;0;0;0;0;0;;;$130.00;$249.99
QPOWER;1202ECFSB;CUST POLY;FORD TRUCK;DUAL12 F150 EX-4D/04+BEDLINER;1;1;0;0;0;1;;$130.00;$295.00
BASS MAXX;1202ECFS09PBSQ;CUST POLY;FORD TRUCK;Dual 12 F-150 09-UP/F-250 17-UP Crew SQ;0;0;0;0;0;1;;$238.00;$395.00
QPOWER;1202ECFS09PB;CUST POLY;FORD TRUCK;Dual 12 F-150 09-UP/F-250 17-UP CrewCAB;2;2;0;0;0;2;;$187.00;$395.00
QPOWER;1202ECFS09B;CUST POLY;FORD TRUCK;Dual 12 FORD 4-D/EX 09-Up Bedliner;1;1;0;0;0;1;;$165.00;$295.00
QPOWER;1202ECFS09;CUST CARP;FORD TRUCK;DUAL 12 FORD BOX CREW CAB;1;1;0;0;0;5;;$110.00;$249.99
QPOWER;1202ECFS;CUST CARP;FORD TRUCK;DUAL 12 F150 EXT/CREW/04-08;0;0;0;0;0;2;;$105.00;$249.99
QPOWER;1202DRCB;BOX;CUSTOM POLY;DUAL 12 CUSTOM DODGE REG CAB BEDLINER;0;0;0;0;0;;;$250.00;$395.00
QPOWER;1202DRC;CUST CARP;DODGE / RAM TRUCK;DUAL 12 CUSTOM DODGE REG CAB;0;0;0;0;0;;;$70.00;$179.99
BASS MAXX;1202DQCBSQ;CUST POLY;DODGE / RAM TRUCK;DUAL 12 RAM QUAD-C 2002-2018 SQUARE SUB;0;0;0;0;0;;;$202.00;$395.00
BASS MAXX;1202DQCBPSQ;CUST POLY;DODGE / RAM TRUCK;DUAL 12 DODGE Q-CAB PORTED SQUARE SUB;1;1;0;0;0;;;$288.00;$595.00
QPOWER;1202DQCBP;CUST POLY;DODGE / RAM TRUCK;DUAL 12 DODGE Q-CAB PORTED;1;1;0;0;0;-1;;$288.00;$595.00
BASS MAXX;1202DQCB19SQ;CUST POLY;DODGE / RAM TRUCK;DUAL 12 RAM QUAD-C 2019-UP SQUARE SUB;1;1;0;0;0;;;$211.00;$395.00
QPOWER;1202DQCB19;CUST POLY;DODGE / RAM TRUCK;DUAL 12 DODGE RAM 2019-UP;3;3;0;0;0;3;;$185.00;$349.99
QPOWER;1202DQCB;CUST POLY;DODGE / RAM TRUCK;DUAL DODGE QUAD C 02+ BEDLINER;2;2;0;0;0;12;;$130.00;$295.00
QPOWER;1202DCTTB;BOX;CUSTOM POLY;Dual 12 D-CAB Toyota Tundra 07-24;0;0;0;0;0;;;$160.00;$279.99
QPOWER;1202CRCPB;CUST POLY;GM TRUCK;DUAL 12 CHEVY REG CAB PORTED;2;2;0;0;0;0;;$120.00;$295.00
QPOWER;1202CRCB;CUST POLY;GM TRUCK;DUAL 12 CHEVY REG CAB;0;0;0;0;0;1;;$130.00;$295.00
QPOWER;1202CRC;CUST CARP;GM TRUCK;DUAL 12 CHEVY REG CAB CUSTOM;0;0;0;0;0;2;;$110.00;$219.99
QPOWER;1202CDCB;CUST POLY;GM TRUCK;2-12 CHEVY DOUBLE CAB 2014-UP / 07 EXT;0;0;0;0;0;3;;$133.00;$295.00
QPOWER;1202CCTTB;BOX;CUSTOM POLY;DUAL 12 Crew Cab Toyota Tundra 07-13;1;1;0;0;0;;;$180.00;$349.99
QPOWER;1202CCGM08B;CUST POLY;GM TRUCK;DUAL 12 CHEVY 4-D 07-13;3;2;0;1;0;3;;$147.00;$295.00
QPOWER;1202CCCBS;CUST CARP;GM TRUCK;DUAL 12 GM CC 04-07 Behind Seat;1;1;0;0;0;3;;$85.00;$219.99
QPOWER;1202CCC19PB;CUST POLY;GM TRUCK;DUAL 12 Ported 2019-Up Chevy Crew;1;1;0;0;0;5;;$180.00;$349.99
BASS MAXX;1202CCC19BPSQ;CUST POLY;GM TRUCK;DUAL 10 2019-UP CHEVY 4DR PORTED/SQUARE;0;0;0;0;0;1;;$230.00;$450.00
QPOWER;1202CCC19B;CUST POLY;GM TRUCK;DUAL 12 2019-UP CHEVY 4DR;2;2;0;0;0;4;;$180.00;$295.00
BASS MAXX;1202CCC14BSQ;CUST POLY;GM TRUCK;Dual 12 GM CC BEDLINER 14-Up square cut;1;1;0;0;0;;;$187.00;$395.00
QPOWER;1202CCC14B;CUST POLY;GM TRUCK;Dual 12 GM CC BEDLINER 14-Up;3;3;0;0;0;16;;$150.00;$349.99
QPOWER;1202C10P;CUST CARP;CHEVY CAMARO;DUAL 12 PORTED CAMARO10-UP;3;3;0;0;0;6;;$180.00;$295.00
QPOWER;1202AVB;CUST POLY;GM TRUCK;DUAL 12 AVALANCHE 2002-2013;0;0;0;0;0;;;$250.00;$495.00
QPOWER;1201TPB;UNIV POLY;PORTED;SINGLE 12 TRUCK PORTED POLY;0;0;0;0;0;1;;$125.00;$249.99
QPOWER;1201TP;UNIV CARP;PORTED;SINGLE 12 TRUCK PORTED;0;0;0;0;0;5;;$30.00;$79.99
QPOWER;1201TB;UNIV POLY;TRUCK;SINGLE 12 REG CAB TRUCK POLY;0;0;0;0;0;;;$30.00;$79.99
QPOWER;1201T;UNIV CARP;TRUCK;SINGLE 12 INCH TRUCK BOX;4;4;0;0;0;13;;$34.00;$69.99
BASS MAXX;1201SOLOX;UNIV POLY;SQUARE;SINGLE 12 PORTED POLY BOX KICKER SOLO-X;2;2;0;0;0;;;$150.00;$295.00
QPOWER;1201SK;UNIV CARP;SQUARE;SINGLE 12 SQ BOX;1;1;0;0;0;2;;$0.00;$79.99
QPOWER;1201S;UNIV CARP;SEALED;SINGLE 12 INCH SUB BOX;0;0;0;0;0;5;;$29.00;$79.99
QPOWER;1201PL;UNIV CARP;PORTED;SINGLE 12 SLOTTED PORT LARGE;0;0;0;0;0;3;;$95.00;$219.99
QPOWER;1201PKB;UNIV POLY;SQUARE;SINGLE 12 VENTED SQUARE POLY;1;1;0;0;0;1;;$99.00;$179.99
QPOWER;1201PK;UNIV CARP;SQUARE;SINGLE 12 SQ KICKER PORTED;1;1;0;0;0;1;;$45.00;$119.99
QPOWER;1201PBL;UNIV POLY;PORTED;SINGLE LARGE 12' PORTED POLY;1;1;0;0;0;7;;$136.00;$299.00
QPOWER;1201PB;UNIV POLY;PORTED;SINGLE 12' PORTED POLY COATED;0;0;0;0;0;9;;$94.00;$179.99
QPOWER;1201P;UNIV CARP;PORTED;SINGLE 12 SLOTTED PORT;1;1;0;0;0;23;;$63.00;$119.99
QPOWER;1201ECGM99;CUST CARP;GM TRUCK;SINGLE 12 GMC EXT CAB 99-UP;1;1;0;0;0;1;;$48.00;$119.99
QPOWER;1201ECFS09;CUST CARP;FORD TRUCK;SINGLE 12 FORD EXT/CREW 09-UP;2;2;0;0;0;;;$60.00;$119.99
QPOWER;1201ECFS;CUST CARP;FORD TRUCK;SINGLE 12 FORD EXT/CREW 04-UP;0;0;0;0;0;;;$65.00;$119.99
QPOWER;1201DQC;CUST CARP;DODGE / RAM TRUCK;SINGLE 12 DODGE QUAD CAB;1;1;0;0;0;1;;$80.00;$149.99
QPOWER;1201CDC;CUST CARP;GM TRUCK;SINGLE 12 CHEVY DOUBLE/EXTCAB;0;0;0;0;0;;;$60.00;$119.99
QPOWER;1201CCGM08;CUST CARP;GM TRUCK;SINGLE 12 CHEVY CREW CAB;1;1;0;0;0;;;$65.00;$119.99
QPOWER;1201CCC14;CUST CARP;GM TRUCK;SINGLE 12 CHEVY CREW  2014-U;0;0;0;0;0;;;$50.00;$119.99
ROCKFORD;11307463701;HARNESS;STANDARD;rockford speakers 4-pin connector;3;3;0;0;0;;;$15.00;$24.99
ROCKFORD;11305923201;ACCESSORY;KNOB;Rockford Wiring Kit for Amplified Loaded;1;1;0;0;0;2;;$49.90;$89.99
JL AUDIO;10W3V34;SUB;REG;10 Poly Subwoofer (500W, 4 Ohm)-Built i;4;4;0;0;0;2;699440921510;$221.00;$399.99
JL AUDIO;10W1V34;SUB;REG;10 Subwoofer(300 Watt,4 Ohm);2;2;0;0;0;4;699440920810;$127.00;$229.99
JL AUDIO;10W0V34;SUB;REG;10-Inch Subwoofer Driver (300W, 4 ohm);2;2;0;0;0;-1;699440921657;$74.00;$129.99
JL AUDIO;10TW3D8;SUB;THIN;10 Thin Line Subwoofer driver (400W,Dua;4;4;0;0;0;4;699440921930;$276.00;$499.99
JL AUDIO;10TW12;SUB;THIN;10 thin-line SubwooferDriver, 2 ohm;2;2;0;0;0;;699440921886;$221.00;$399.99
KICKER;10PS5250;SPKR;COAX;Kicker Power Series 2 Ohm Coaxial Speake;0;0;0;0;0;3;;$99.00;$159.99
MISC;10GS;WIRE;CCA;10 Gauge Speaker Wire;3;353;0;15;0;;086429300754;$0.28;$1.50
RAPTOR;10GD;SUB;GRILLE;GRILL 10 DEEP;0;0;0;0;0;8;;$3.00;$14.99
METRA;108TO3B;DASH KIT;ADV;Toyota Highlander 2008-2012 (w/o NAV) -;0;0;0;0;0;;086429395804;$34.75;$64.99
METRA;108TO2CHG;DASH KIT;ADV;Toyota Tacoma 2012-2015 - Pioneer 8-inch;0;0;0;0;0;;086429377169;$38.50;$64.99
METRA;108TO1CHG;DASH KIT;ADV;Tundra 2007-2013 Sequoia 2008-Up - Pione;1;1;0;0;0;;086429377145;$33.30;$59.99
METRA;108GM2B;DASH KIT;ADV;GM SUV/Truck 2007-2014 - Pioneer 8 Inch;1;1;0;0;0;;086429387823;$38.50;$64.99
METRA;108GM1G;DASH KIT;ADV;Chevrolet Silverado/GMC Sierra 2014-2019;1;1;0;0;0;;086429377213;$38.50;$64.99
METRA;108FD4CH;DASH KIT;ADV;Ford Mustang 2010-2014 - Pioneer 8 Inch;0;0;0;0;0;;086429377220;$368.57;$384.99
METRA;108FD3B;DASH KIT;ADV;Ford F-150 2009-2014 - Pioneer 8-inch Ra;1;1;0;0;0;;086429377206;$33.30;$59.99
METRA;108FD2B;DASH KIT;ADV;Ford F-150 (w/4.2 Inch screen) 2013-2014;0;0;0;0;0;;086429377190;$340.00;$434.99
METRA;108FD1CH;DASH KIT;ADV;Ford F-150 2015-2017 - Pioneer 8-inch Ra;0;0;0;0;0;;086429377183;$413.00;$504.99
METRA;108CH2B;DASH KIT;ADV;Ram 1500/2500/3500 13-17 (W/ factory scr;0;0;0;0;0;;086429377176;$340.00;$384.99
METRA;108CH1B;DASH KIT;ADV;Jeep Wrangler 2011-2018 - Pioneer 8-inch;1;1;0;0;0;;086429377121;$30.80;$64.99
METRA;107TO7HG;DASH KIT;STANDARD;Toyota Highlander 2020-Up;1;1;0;0;0;;086429411290;$38.00;$59.99
METRA;107GM5B;DASH KIT;ADV;Cadillac SRX 2010-2012;0;0;0;0;0;;086429411559;$375.00;$489.99
METRA;107GM4B;DASH KIT;ADV;GM Trucks 2019-Up w/ 8 Dash Kit;0;0;0;0;0;1;086429401925;$48.00;$69.99
METRA;107CH3B;DASH KIT;ADV;Jeep Wrangler JL 2018-Up / Gladiator 202;1;1;0;0;0;1;086429400584;$51.33;$94.99
BASS MAXX;1002TT4DB;CUST POLY;TOYOTA TRUCK;DUAL 10 TACOMA CREW CAB 2005-2023;1;1;0;0;0;0;;$180.00;$350.00
QPOWER;1002T;UNIV CARP;TRUCK;DUAL 10IN TRUCK BOX;0;0;0;0;0;3;;$85.00;$149.99
QPOWER;1002S;UNIV CARP;SEALED;DUAL 10 INCH SUB BOX;0;0;0;0;0;3;;$65.00;$129.99
QPOWER;1002PK;UNIV CARP;SQUARE;DUAL 10 SQUARE PORTED BOX;0;0;0;0;0;;;$86.00;$159.99
QPOWER;1002PB;UNIV POLY;PORTED;Dual 10 Poly Ported Box;0;0;0;0;0;4;;$110.00;$219.99
QPOWER;1002P;UNIV CARP;PORTED;DUAL 10 DUAL PORT BOX;0;0;0;0;0;9;;$75.00;$149.99
QPOWER;1002N350Z;CUST CARP;NISSAN 350Z / INFINITI G35;DUAL 10 NISSAN 350Z / G35;0;0;0;0;0;1;;$76.00;$179.99
BASS MAXX;1002JG18B;CUST POLY;JEEP;DUAL 10 JEEP GLADIATOR 2018-UP;1;1;0;0;0;1;;$170.00;$349.00
QPOWER;1002JEEPB;CUST POLY;JEEP;DUAL 10 JEEP WRANGLER BEDLINER;1;1;0;0;0;;;$130.00;$295.00
QPOWER;1002HRL;CUST CARP;HONDA TRUCK;DUAL 10 HONDA RIDGELINE TRUCK;1;1;0;0;0;;;$75.00;$179.99
QPOWER;1002G354D;CUST CARP;INFINITI G35;DUAL 10 G35 SEDAN 4-D;1;1;0;0;0;;;$85.00;$179.99
QPOWER;1002FRC04;CUST CARP;FORD TRUCK;DUAL 10 FORD REG CAB 04 - UP;0;0;0;0;0;1;;$65.00;$179.99
QPOWER;1002F250EC;CUST CARP;FORD TRUCK;DUAL 10 F250/350 EXT 2000-2016;0;0;0;0;0;1;;$100.00;$199.99
QPOWER;1002F250CCB;CUST POLY;FORD TRUCK;DUAL 10 F250 CREW 2000-2016 /BL;1;1;0;0;0;4;;$156.00;$349.99
QPOWER;1002F150;CUST CARP;FORD TRUCK;DUAL10 FORD F150 EXT 00-03;1;1;0;0;0;0;;$75.00;$179.99
QPOWER;1002ECN;CUST CARP;NISSAN TRUCK;DUAL 10 NISSAN EX-CAB OR 4-DO;0;0;0;0;0;;;$110.00;$199.99
QPOWER;1002ECGM99B;CUST POLY;GM TRUCK;DUAL 10 GMC E/C 99-06;2;2;0;0;0;;;$90.00;$239.99
QPOWER;1002ECGM99;CUST CARP;GM TRUCK;DUAL 10 Ext-Cab GM Truck 99-06;0;0;0;0;0;1;;$110.00;$199.99
QPOWER;1002ECFSBP;CUST POLY;FORD TRUCK;DUAL10 F-150 4D EXT /2004-2008 PORTED;1;1;0;0;0;;;$130.00;$295.00
QPOWER;1002ECFSB;CUST POLY;FORD TRUCK;DUAL10 F150 EX-4D/ 04-08;0;0;0;0;0;4;;$130.00;$295.00
QPOWER;1002ECFS09PB;CUST POLY;FORD TRUCK;DUAL10 F-150 09-UP/F-250 17-UP Crew Cab;1;1;0;0;0;1;;$185.00;$395.00
QPOWER;1002ECFS09B;CUST POLY;FORD TRUCK;Dual 10 FORD 4-D/EXT 2009-2023;0;0;0;0;0;;;$165.00;$295.00
QPOWER;1002ECFS09;CUST CARP;FORD TRUCK;DUAL10 FORD 4-D EXT 2009-2023;3;3;0;0;0;1;;$110.00;$199.99
QPOWER;1002DQCB19;CUST POLY;DODGE / RAM TRUCK;DUAL 10 DODGE RAM 2019-UP POR;1;1;0;0;0;1;;$165.00;$319.99
QPOWER;1002DQCB;CUST POLY;DODGE / RAM TRUCK;DUAL DODGE QUAD C 02+ BEDLINER;1;1;0;0;0;7;;$130.00;$295.00
QPOWER;1002DCTTB;CUST POLY;TOYOTA TRUCK;DUAL 10 D-CAB TUNDRA  07-24;0;0;0;0;0;;;$130.00;$279.99
QPOWER;1002CRCB;CUST POLY;GM TRUCK;DUAL 10 CHEVY SINGLE CAB POLY;1;1;0;0;0;;;$90.00;$239.99
QPOWER;1002CDCB;CUST POLY;GM TRUCK;2-10 CHEVY DOUBLE CAB 2014-UP / 07 EXT;1;1;0;0;0;3;;$130.00;$295.00
QPOWER;1002CDC;BOX;CUSTOM CARPET;2-10 CHEVY DOUBLE CAB 2014-UP / 07 EXT;2;2;0;0;0;3;;$100.00;$249.99
QPOWER;1002CCTT14BP;CUST POLY;TOYOTA TRUCK;DUAL 10 Toyota Tundra CREW CAB 2014-21;1;1;0;0;0;1;;$165.00;$349.99
QPOWER;1002CCTT;CUST CARP;TOYOTA TRUCK;DUAL 10 TUNDRA CREW 07-13;1;1;0;0;0;;;$140.00;$249.99
QPOWER;1002CCOB;CUST POLY;GM TRUCK;DUAL 10 CHEVY COLORADO 15-U;0;0;0;0;0;2;;$131.00;$279.99
QPOWER;1002CCNF;CUST CARP;NISSAN TRUCK;DUAL 10 NISSAN FRONTIER 4-D;1;1;0;0;0;;;$100.00;$195.00
QPOWER;1002CCHD;CUST CARP;GM TRUCK;DUAL 10 CHEVY CREW HD 2001-2006;2;2;0;0;0;1;;$70.00;$179.99
BASS MAXX;1002CCGM08BSQ;CUST POLY;GM TRUCK;Dual 10 square GMC truck 07-13 4-DR;0;0;0;0;0;;;$187.00;$395.00
QPOWER;1002CCGM08BP;CUST POLY;GM TRUCK;DUAL 10CHEVY4-D 07 BL PORTED;0;0;0;0;0;2;;$130.00;$295.00
QPOWER;1002CCGM08B;CUST POLY;GM TRUCK;DUAL 10CHEVY4-D 2007-13 BEDLINER;1;1;0;0;0;1;;$145.00;$295.00
QPOWER;1002CCCBS;CUST POLY;GM TRUCK;DUAL 10 GM CC/HD 04-07 BEHIND;1;1;0;0;0;0;;$110.00;$219.99
QPOWER;1002CCCB;CUST POLY;GM TRUCK;DUAL 10 CHEVY CREW-CAB 2001-2006;0;0;0;0;0;;;$105.00;$239.99
QPOWER;1002CCC19PB;CUST POLY;GM TRUCK;DUAL 10 CHEVY CREW CAB 2019-UP PORDTED;1;1;0;0;0;0;;$195.00;$349.99
BASS MAXX;1002CCC19BPSQ;CUST POLY;GM TRUCK;DUAL 10 2019-UP CHEVY 4DR PORTED/SQUARE;0;0;0;0;0;;;$230.00;$450.00
QPOWER;1002CCC19B;CUST POLY;GM TRUCK;DUAL 10 2019-UP CHEVY 4DR;1;1;0;0;0;1;;$180.00;$349.99
BASS MAXX;1002CCC14BSQ;CUST POLY;GM TRUCK;Dual 10 GMC truck 2014-19 4-DR SQUARE;0;0;0;0;0;;;$187.00;$395.00
QPOWER;1002CCC14B;CUST POLY;GM TRUCK;DUAL 10 CHEVY4-D BEDLINER 14+;1;1;0;0;0;5;;$150.00;$349.99
QPOWER;1002CCC;CUST CARP;GM TRUCK;DUAL 10 CHEVY CREW-CAB;2;2;0;0;0;;;$90.00;$195.00
QPOWER;1002C10P;CUST CARP;CHEVY CAMARO;DUAL 10 PORTED CAMARO10-UP;2;2;0;0;0;1;;$100.00;$249.99
QPOWER;1002C10;CUST CARP;CHEVY CAMARO;DUAL 10 CAMARO 2010-UP;1;1;0;0;0;0;;$95.00;$249.99
QPOWER;1001TP;UNIV CARP;TRUCK;SINGLE 10 TRUCK PORTED BOX;1;1;0;0;0;2;;$40.00;$79.99
QPOWER;1001TB;UNIV POLY;TRUCK;SINGLE 10 REG CAB TRUCK POLY;0;0;0;0;0;;;$30.00;$79.99
QPOWER;1001T;UNIV CARP;TRUCK;SINGLE 10 INCH TRUCK BOX;5;5;0;0;0;6;;$34.00;$69.99
QPOWER;1001SK;UNIV CARP;SQUARE;SINGLE 10 SQ BOX;0;0;0;0;0;;;$38.00;$79.99
QPOWER;1001SH;UNIV CARP;TRUCK;SINGLE 10 SHALLOW FACE DOWN;1;1;0;0;0;;;$18.00;$69.99
QPOWER;1001S;UNIV CARP;SEALED;SINGLE 10 INCH SUB BOX;0;0;0;0;0;2;;$35.00;$79.99
QPOWER;1001PLB;UNIV POLY;PORTED;SINGLE 10 PORTED LARGE BOX;1;1;0;0;0;;;$75.00;$239.99
QPOWER;1001PL;UNIV CARP;PORTED;SINGLE 10 SLOTTED PORT LARGE;2;2;0;0;0;1;;$85.00;$149.99
QPOWER;1001PK;UNIV CARP;SQUARE;SINGLE 10 SQ KICKER PORTED;0;0;0;0;0;1;;$50.00;$119.99
QPOWER;1001PB;UNIV POLY;PORTED;SINGLE 10 SLOTTED PORT BEDLINER;1;1;0;0;0;3;;$80.00;$169.99
QPOWER;1001P;UNIV CARP;PORTED;SINGLE 10 SLOTTED PORT;1;1;0;0;0;3;;$55.00;$109.99
QPOWER;1001FS;CUST CARP;FORD TRUCK;SINGLE 10 FORD SPORT TRACK;1;1;0;0;0;;;$60.00;$99.99
QPOWER;1001ECGM99;CUST CARP;GM TRUCK;SINGLE 10 GMC EXT CAB 99-UP;0;0;0;0;0;;;$50.00;$119.99
QPOWER;1001ECGM07;CUST CARP;GM TRUCK;SINGLE 10 SILVERADO 07-UP;0;0;0;0;0;;;$60.00;$119.99
QPOWER;1001ECFS09;CUST CARP;FORD TRUCK;SINGLE 10 FORD EXT /CREW 09;1;1;0;0;0;;;$60.00;$119.99
QPOWER;1001ECFS;CUST CARP;FORD TRUCK;SINGLE 10 EXT FORD/04-2008 CREW;1;1;0;0;0;;;$50.00;$119.99
QPOWER;1001ECF;CUST CARP;FORD TRUCK;SINGLE 10 FORD EXTCAB 99-DOWN;0;0;0;0;0;2;;$19.00;$59.99
QPOWER;1001DQC;CUST CARP;DODGE / RAM TRUCK;SINGLE 10 DODGE QUAD CAB;1;1;0;0;0;1;;$75.00;$149.99
QPOWER;1001CDC;CUST CARP;GM TRUCK;SINGLE 10 CHEVY DOUBLE/EXTCAB;0;0;0;0;0;2;;$50.00;$119.99
QPOWER;1001CCHD;CUST CARP;GM TRUCK;SINGLE 10 CHEVY HD2500-3500;0;0;0;0;0;1;;$50.00;$119.99
QPOWER;1001CCGM08;CUST CARP;GM TRUCK;SINGLE 10 GM CREW CAB 08;1;1;0;0;0;1;;$58.00;$119.99
QPOWER;1001CCC14;CUST CARP;GM TRUCK;SINGLE 10 CHEVY CREW  2014-U;0;0;0;0;0;;;$50.00;$119.99
QPOWER;1001CCC;CUST CARP;GM TRUCK;SINGLE 10 CHEVY AV/CREW CAB;0;0;0;0;0;1;;$55.00;$119.99
QPOWER;1001CC13;CUST CARP;CHEVY CAMARO;SINGLE 10 CAMARO R-SIDE 13-UP;1;1;0;0;0;;;$70.00;$179.99
PAC;0R;ACCESSORY;HARDWARE;0/1 GAUGE RING TERMINALS;103;103;0;0;0;99;;$0.85;$5.99
MISC;0GW;WIRE;CCA;0 Gauge Wire;4;240;0;0;0;;609098821339;$1.52;$5.99
KICKER;08GL715;SUB;GRILLE;KICKER Q-CLASS L7/ 15 GRILLE;2;2;0;0;0;;713034041238;$30.00;$49.99
KICKER;08GL712;SUB;GRILLE;KICKER Q-CLASS L7/ 12 GRILLE;2;2;0;0;0;15;713034041245;$24.00;$39.99
KICKER;08GL710;SUB;GRILLE;Square 10-Inch Grille;2;2;0;0;0;1;;$20.00;$39.99
