description,model,type,DEPT,CATEGORY,SIZE,PACK_QTY,COST,PRICE,available,vendor,REORDER_NO,MIN_ORDER
8 OZ SCREEN SHINE,31008MLSSR,STANDARD,ACCESSORIES,,,1,2.49,4.99,0,WHOLESALE HOUSE,,
30 OZ SCREEN SHINE,31030MLSSR,STANDARD,ACCESSORIES,,,1,4.99,9.99,3,WHOLESALE HOUSE,,
BEST KITS HONDA ANTENNA ADAP,BAA28,STANDARD,ACCESSORIES,,,1,4.49,19.99,4,AMERICAN INTERNATIONAL,,
FORD HARNESS,BHA5520,STANDARD,ACCESSORIES,,,1,4.09,19.99,-1,AMERICAN INTERNATIONAL,,
BEST KITS CHRYSLER HARNESS 07,BHA6522,STANDARD,ACCESSORIES,,,1,5.44,24.99,4,AMERICAN INTERNATIONAL,,
BEST KITS HONDA HARNESS,BHA7712,STANDARD,ACCESSORIES,,,1,2,19.99,1,AMERICAN INTERNATIONAL,,
DODGE CHARGER  KIT,BKCDK639B,STANDARD,ACCESSORIES,,,1,30,79.99,0,AMERICAN INTERNATIONAL,,
BEST KITS DODGE DD KIT,BKCDK642,STANDARD,ACCESSORIES,,,1,8.33,29.99,12,AMERICAN INTERNATIONAL,,
BEST KITS GM 06-UP DD,BKGMK318,STANDARD,ACCESSORIES,,,1,7.55,34.99,1,AMERICAN INTERNATIONAL,,
HONDA ACCORD 08-UP KIT,BKHONK852D,STANDARD,ACCESSORIES,,,1,35.06,99.99,2,AMERICAN INTERNATIONAL,,
MERCEDES DD KIT C CLASS 05-07,BKMBK102C,STANDARD,ACCESSORIES,,,1,6,39.99,0,AMERICAN INTERNATIONAL,,
TOYOTA HIGHLANDER KIT,BKTOYK989,STANDARD,ACCESSORIES,,,1,13,49.99,1,AMERICAN INTERNATIONAL,,
BYPASS PARKING BREAK,BYPASS,STANDARD,ACCESSORIES,,,1,5.64,19.99,10,PIONEER,,
PIONEER MHL ANDROID KIT,CDAH200,STANDARD,ACCESSORIES,,,1,42,99.99,0,PIONEER,,
KENWOOD BACKUP CAMERA,CMOS130,STANDARD,ACCESSORIES,,,1,40,119.99,1,KENWOOD,,
BATTERY,CR2016,BULK,ACCESSORIES,,,1,0.95,3.49,-4,AMERICAN INTERNATIONAL,,
BATTERY,CR2025,BULK,ACCESSORIES,,,1,1.21,3.99,12,AMERICAN INTERNATIONAL,,
BATTERY,CR2032,BULK,ACCESSORIES,,,1,0.95,3.49,-7,AMERICAN INTERNATIONAL,,
LED HEADLIGHT BULB,DL9005,STANDARD,ACCESSORIES,,,1,34.45,99.99,0,SANTA FE,,
LED HEADLIGHT BULBS,DL9006,STANDARD,ACCESSORIES,,,1,37,99.99,1,SANTA FE,,
DAYTON LED BULB,DL9012,STANDARD,ACCESSORIES,,,1,36.75,99.99,1,SANTA FE,,
LED HEADLIGHT BULBS,DLH11,STANDARD,ACCESSORIES,,,1,37,99.99,1,SANTA FE,,
DAYTON LED BULB,DLH8,STANDARD,ACCESSORIES,,,1,36.75,99.99,1,SANTA FE,,
PIONEER DD CD USB BLUETOOTH,FHS500BT,STANDARD,ACCESSORIES,,,1,88,109.99,0,PIONEER,,
HDMI 6FT CABLE,HDMI,STANDARD,ACCESSORIES,,,1,2,14.99,0,WHOLESALE HOUSE,,
LED,HLW9RE,STANDARD,ACCESSORIES,,,1,8,19.99,1,WHOLESALE HOUSE,,
AUDIOPIPE AUX  JACK 3.5MM,IP35356,STANDARD,ACCESSORIES,,,1,1.63,6.99,-2,WHOLESALE HOUSE,,
ISIMPLE UNIVERSAL AUX USB,IS32,STANDARD,ACCESSORIES,,,1,42.46,89.99,0,AMERICAN INTERNATIONAL,,
ISIMPLE 6' LIGHTNING CABLE,IS9405,STANDARD,ACCESSORIES,,,1,14.94,34.99,0,AMERICAN INTERNATIONAL,,
ISIMPLE BLUTOOTH AUX,ISBT32,STANDARD,ACCESSORIES,,,1,17.56,39.99,0,AMERICAN INTERNATIONAL,,
ISIMPLE BLUETOOTH CALL/AUDIO,ISFM2201,STANDARD,ACCESSORIES,,,1,80.71,179.99,1,AMERICAN INTERNATIONAL,,
NISSAN AUX ADAPTOR,ISNI571,STANDARD,ACCESSORIES,,,1,80,179.99,1,AMERICAN INTERNATIONAL,,
ISIMPLE UNIVERSAL PHONE MOUNT,ISSH73,STANDARD,ACCESSORIES,,,1,8.46,24.99,0,AMERICAN INTERNATIONAL,,
ISIMPLE IPHONE PHONE MOUNT,ISSH74,STANDARD,ACCESSORIES,,,1,8.46,24.99,0,AMERICAN INTERNATIONAL,,
KENWOOD IPOD VIDEO CABLE,KCAIP202,STANDARD,ACCESSORIES,,,1,24,59.99,0,KENWOOD,,
PAC LOC PRO LINE OUT CONV,LP72R,STANDARD,ACCESSORIES,,,1,30.33,59.99,1,AMERICAN INTERNATIONAL,,
4PCS 7 COLOR INTERIOR LIGHTS,LUIN47C2,STANDARD,ACCESSORIES,,,1,30,79.99,2,CARTOYZ,,
4PC EXPANDABLE INTERIOR LIGHT,LUINMPC,STANDARD,ACCESSORIES,,,1,50,99.99,1,CARTOYZ,,
UNDER CAR LED MILLION COLOR,LUMO1,STANDARD,ACCESSORIES,,,1,85,199.99,1,,,
ANDROID HDMI TO MHL,MHL,STANDARD,ACCESSORIES,,,1,5.2,29.99,1,,,
PIPEDREAM NEON MULTI-COLOR,NL7LEDX,STANDARD,ACCESSORIES,,,1,35,99.99,1,WHOLESALE HOUSE,,
PIPEDREAM FLEX SLIM LED KIT,NLF3648SLM,STANDARD,ACCESSORIES,,,1,70,199.99,1,WHOLESALE HOUSE,,
OBD2 T CONNECTOR,OBDHAR,STANDARD,ACCESSORIES,,,1,20,39.99,0,AUDIOVOX,,
ROCKFORD P1 GRILL,P1G12,STANDARD,ACCESSORIES,,,1,13,21.99,0,ROCKFORD FOSGATE,,
ROCKFORD P2 GRILL,P2P3G12,STANDARD,ACCESSORIES,,,1,13,24.99,0,ROCKFORD FOSGATE,,
ROCKFORD PUNCH,PLC2,STANDARD,ACCESSORIES,,,1,15.5,34.99,2,ROCKFORD,,
ROADGEAR BACKUP CAM,RC1,STANDARD,ACCESSORIES,,,1,16.25,59.99,0,SANTA FE,,
ROCKFORD BLUTOOTH AUX ADAP,RFTBRCA,STANDARD,ACCESSORIES,,,1,25,49.99,0,ROCKFORD,,
TOYOTA  PAC AMP HARNESS,RP32TY11,STANDARD,ACCESSORIES,,,1,43,99.99,0,AMERICAN INTERNATIONAL,,
STINGER MIDI FUSE HOLDER,SPD5801,STANDARD,ACCESSORIES,,,1,9.55,34.99,0,AMERICAN INTERNATIONAL,,
SOUNDQUEST  17FT RCA,SPRCA17,STANDARD,ACCESSORIES,,,1,3.22,11.99,-2,AMERICAN INTERNATIONAL,,
SOUND QUEST 2F 1M RCA,SSPRCA2F,STANDARD,ACCESSORIES,,,1,1.84,6.99,12,AMERICAN INTERNATIONAL,,
SOUND QUEST 3FT RCA,SSPRCA3,STANDARD,ACCESSORIES,,,1,2.5,8.99,2,AMERICAN INTERNATIONAL,,
MIRROR CAST DONGLE,X7,STANDARD,ACCESSORIES,,,1,25,79.99,5,CHINA,,
COBRA RADAR DETECTOR,XRS9345,STANDARD,ACCESSORIES,,,1,70,179.99,0,WHOLESALE HOUSE,,
AVITAL REMOTE START KEYLESS,4105L,STANDARD,ALARM,,,1,42,99.99,0,DEI,,
AVITAL REMOTE START,4105L,STANDARD,ALARM,,,1,44,99.99,18,DEI,,
VIPER REMOTE START 1 WAY 4 BUT,4105V,STANDARD,ALARM,,,1,67.93,149.99,0,AUDIOVOX,,
HONDA REMOTE START HARNESS,ADSTHRHA3,STANDARD,ALARM,,,1,35,99.99,0,AMERICAN INTERNATIONAL,,
T-HARNESS VW1,ADSTHRVW1,STANDARD,ALARM,,,1,48.99,99.99,1,SANTA FE,,
CAR LINK SMART START,ASCL2,STANDARD,ALARM,,,1,182,399.99,0,AUDIOVOX,,
CARLINK PHONE APP RECIEVER,ASCL6,STANDARD,ALARM,,,1,80,199.99,0,AUDIOVOX,,
ALARM ADD ON FLRSBA,BASEC,STANDARD,ALARM,,,1,35,99.99,0,AUDIOVOX,,
ALARM BATTARY,BATTARYA,STANDARD,ALARM,,,1,1.25,2.99,0,WHOLESALE HOUSE,,
CODE ALARM KEYLESS,CA1053,STANDARD,ALARM,,,1,35.25,149.99,0,AUDIOVOX,,
CODE ALARM,CA1055,STANDARD,ALARM,,,1,36,99.99,0,AUDIOVOX,,
CODE ALRAM 2-WAY,CA1554,STANDARD,ALARM,,,1,90,179.99,1,AUDIOVOX,,
CODE KEYLESS ENTRY,CA2051,STANDARD,ALARM,,,1,30,89.99,0,AUDIOVOX,,
CODE ADD ON 2 WAY REMOTE,CA2LCD5,STANDARD,ALARM,,,1,65,119.99,-1,AUDIOVOX,,
CODE ALAEM ELITE 2WAY REMOTE,CA2LCD5E,STANDARD,ALARM,,,1,65,119.99,1,AUDIOVOX,,
CODE REMOTE START ONE BUTTON,CA4055,STANDARD,ALARM,,,1,45,139.99,1,AUDIOVOX,,
CODE ALARM REMOTE START 2-WAY,CA4552,STANDARD,ALARM,,,1,73,199.99,0,AUDIOVOX,,
CODE 2-WAY ONE BUTTON RMS,CA4553,STANDARD,ALARM,,,1,78.75,199.99,0,AUDIOVOX,,
CODE REMOTE START 2-WAY,CA4554,STANDARD,ALARM,,,1,78.75,249.99,0,AUDIOVOX,,
CODE 4 BUTTON ADD ON REMOTES,CA4B5,STANDARD,ALARM,,,1,45,99.99,0,AUDIOVOX,,
CODE REMOTE START KEYLESS,CA5055,STANDARD,ALARM,,,1,4,119.99,2,AUDIOVOX,,
CODE ALARM REMOTE START,CA6154,STANDARD,ALARM,,,1,63,199.99,0,AUDIOVOX,,
CODE ALARM REMOTE START 2-WAY,CA6554,STANDARD,ALARM,,,1,126.5,299.99,1,AUDIOVOX,,
CODE ALARM DATA REMOTE START,CASECRS,STANDARD,ALARM,,,1,43.75,99.99,3,AUDIOVOX,,
CODE 1-WAY REPLACEMENT REMOTE,CATX4,STANDARD,ALARM,,,1,15,49.99,-2,AUDIOVOX,,
CODE 2-WAY REPLACEMENT REMOTE,CATXMLC,STANDARD,ALARM,,,1,56,119.99,0,AUDIOVOX,,
AUDIOVOX CAR CONNECTION,CCOB225L,STANDARD,ALARM,,,1,99.95,199.99,0,AUDIOVOX,,
CAR CONNECTION PRO,CCPRO,STANDARD,ALARM,,,1,110,199.99,1,AUDIOVOX,,
1 WAY 1 BUTTON AD/ON REMOTE,D9116V,STANDARD,ALARM,,,1,25.14,79.99,5,DEI,,
1 WAY 4 BUTTON AD/ON REMOTE,D9146V,STANDARD,ALARM,,,1,31.21,99.99,1,DEI,,
5 BUTTON 1 WAY VIPER REM,D9656,STANDARD,ALARM,,,1,53,99.99,-1,,,
VIPER 2WAY LCD REMOTE,D9756V,STANDARD,ALARM,,,1,100.29,199.99,0,DEI,,
TWO WAY AD/ON REMOTE 1 MILE RA,D9857V,STANDARD,ALARM,,,1,75.83,179.99,1,DEI,,
DEI REMOTE START MODULE,DB3,STANDARD,ALARM,,,1,48,99.99,3,DEI,,
DOOR LOCK ACTUATOR,DLA,STANDARD,ALARM,,,1,0,69.99,0,SANTAFE,,
DIRECTED DS4 SECURITY UPGRADE,DS4SU,STANDARD,ALARM,,,1,32.13,129.99,1,AUDIOVOX,,
ALARM SIREN AD ON DS4/DS4+,DS4WS,STANDARD,ALARM,,,1,79.2,159.99,2,AUDIOVOX,,
FLASHLOGIC INTERFACE,FLCAN,STANDARD,ALARM,,,1,48,99.99,5,AUDIOVOX,,
DODGE CHRYSLER BYPASS HARNEES,FLCH5H,STANDARD,ALARM,,,1,19.99,39.99,0,AUDIOVOX,,
CHRYSLER HARNESS,FLCHH,STANDARD,ALARM,,,1,19,39.99,0,AUDIOVOX,,
VW REMTE START,FLCMVW,STANDARD,ALARM,,,1,100,199.99,1,SANTA FE,,
FLASHLOGIC DOORLOCK TRANSPONDE,FLDL1,STANDARD,ALARM,,,1,34,79.99,7,AUDIOVOX,,
FLASHLOGIC TELEMATICS HARNESS,FLHRNTM,STANDARD,ALARM,,,1,7,19.99,1,PIONEER,,
CODE ADD ON 1 BUTTON,FLRF1,STANDARD,ALARM,,,1,40,99.99,0,AUDIOVOX,,
CODE 2 WAY UPGRADE KIT,FLRF2,STANDARD,ALARM,,,1,67.5,149.99,1,AUDIOVOX,,
CODE 4BUTTON UPGRADE,FLRF4,STANDARD,ALARM,,,1,36,99.99,0,AUDIOVOX,,
CHRYSLER DODGE REMOTE START,FLRSCH10,STANDARD,ALARM,,,1,108,219.99,0,AUDIOVOX,,
FLASHLOGIC RMS CHRYSLER,FLRSCH4,STANDARD,ALARM,,,1,75,209.99,2,AUDIOVOX,,
FLASHLOGIC CHRYSLER RMS,FLRSCH5,STANDARD,ALARM,,,1,71,199.99,0,SANTA FE,,
FLASHLOGIC  CHRYSLER REMOTE,FLRSCH7,STANDARD,ALARM,,,1,79.2,219.99,1,AUDIOVOX,,
REMOTE START FORD,FLRSF01,STANDARD,ALARM,,,1,108,249.99,1,AUDIOVOX,,
REOMTE START BYPASS,FLRSGM10,STANDARD,ALARM,,,1,73.7,199.99,1,AUDIOVOX,,
FLASHLOGIC REMOTE START GM,FLRSGM2,STANDARD,ALARM,,,1,82,219.99,0,AUDIOVOX,,
FLASHLOGIC GM REMOTE START,FLRSGM7,STANDARD,ALARM,,,1,108,219.99,1,AUDIOVOX,,
FLASHLOGIC HONDA REMOTE START,FLRSHA7,STANDARD,ALARM,,,1,90,199.99,0,AUDIOVOX,,
FLASHLOGIC TRANSPONDER,FLTB1,STANDARD,ALARM,,,1,21,69.99,4,AUDIOVOX,,
FLASHLOGIC BYPASS,FLTB2,STANDARD,ALARM,,,1,27,69.99,0,AUDIOVOX,,
FLASHLOGIC FORD TRANSPONDER,FLTBF,STANDARD,ALARM,,,1,25,79.99,0,AUDIOVOX,,
CODE MOTION SENSOR,MV3,STANDARD,ALARM,,,1,17,49.99,0,AUDIOVOX,,
ALARM BYPASS,PLJX,STANDARD,ALARM,,,1,18,49.99,0,SANTA FE,,
CODE 1-MILE RANGE ALARM,PROCOMP,STANDARD,ALARM,,,1,300,599.99,0,AUDIOVOX,,
ALARM RELAY,RELAY,BULK,ALARM,,,1,1.49,6.99,58,SANTAFE,,
ALARM SOCKET,SOCKET,BULK,ALARM,,,1,0.76,6.99,24,WHOLESALE HOUSE,,
CODE 2-WAY REMOTE START 1 MILE,SRT9000,STANDARD,ALARM,,,1,175,399.99,0,AUDIOVOX,,
T-HARNESS CHRYSLER/DODGE,THCHN2,STANDARD,ALARM,,,1,14.18,79.99,1,AUDIOVOX,,
DODGE AND CHRYSLER T-HARNESS,THCHN3,STANDARD,ALARM,,,1,29.03,99.99,0,AUDIOVOX,,
GM DS4 HARNESS,THGMN1,STANDARD,ALARM,,,1,16.5,79.99,4,AUDIOVOX,,
T-HARNESS DS4 ACURA HONDA,THHON10,STANDARD,ALARM,,,1,16.49,79.99,1,AUDIOVOX,,
T-HARNESS DS4 ACURA HONDA,THHON7,STANDARD,ALARM,,,1,26.99,79.99,1,AUDIOVOX,,
T-HARNESS DS4+ HYUNDAI KIA,THHYN3,STANDARD,ALARM,,,1,29.61,99.99,-2,AUDIOVOX,,
T-HARNESS MAZDA DS4,THMAN1,STANDARD,ALARM,,,1,30.99,99.99,0,AUDIOVOX,,
T-HARNESS NISSAN,THNIN5,STANDARD,ALARM,,,1,47.74,79.99,3,DEI,,
T-HARNESS SUBARU DS4+,THSUN1,STANDARD,ALARM,,,1,50.95,129.99,2,AUDIOVOX,,
T-HARNESS DS4 SUBARU,THSUN2,STANDARD,ALARM,,,1,29.99,99.99,1,DEI,,
T-HARNESS DS4 TOYOTA LEXUS,THTON10,STANDARD,ALARM,,,1,16.49,79.99,1,AUDIOVOX,,
T-HARNESS DS4+ TOYOTA SCION,THTON8,STANDARD,ALARM,,,1,49.99,119.99,2,AUDIOVOX,,
VOLKSWAGON AUDI DS4 HARNESS,THVWN1,STANDARD,ALARM,,,1,30,99.99,1,AUDIOVOX,,
VOLKSWAGON AUDI DS4 HARNESS,THVWN2,STANDARD,ALARM,,,1,30,99.99,1,AUDIOVOX,,
DIRECTED SMART START PRO,VSM550,STANDARD,ALARM,,,1,108.9,199.99,0,DEI,,
DEI IMOBILZER MODLE,XK05,STANDARD,ALARM,,,1,26,69.99,4,DEI,,
PYRAMID UNIVERSAL ANTENNA,1305,STANDARD,AMP,,,1,3.99,19.99,0,WHOLESALE HOUSE,,
PLANET AUDIO 1125W MONO AMP,AC15001M,STANDARD,AMP,,,1,62.99,149.99,0,SANTA FE,,
PLANET AUDIO MONO AMP 4000 WAT,AC40001D,STANDARD,AMP,,,1,130,329.99,0,WHOLESALE HOUSE,,
AUTOTEK 2-CH 2000W AMP,ATA20002,STANDARD,AMP,,,1,54.99,149.99,0,WHOLESALE HOUSE,,
AUTOTEK 1000 WATT AMP,AXL10502,STANDARD,AMP,,,1,59,149.99,0,WHOLESALE HOUSE,,
AUTOTEK 2500 W 1-OHM AMP,AXL25501,STANDARD,AMP,,,1,125,279.99,0,WHOLESALE HOUSE,,
JBL CLUB 1000W AMP,CLUBA1000,STANDARD,AMP,,,1,200,399.99,0,JBL,,
JBL DSP AMP 8 CHANNEL,DSP4086,STANDARD,AMP,,,1,225,439.99,0,JBL,,
DUB 480WATT AMP,DUB2100A,STANDARD,AMP,,,1,44.1,119.99,1,AUDIOVOX,,
DUB 900 WATT AMP MONO,DUBA1450,STANDARD,AMP,,,1,80,199.99,0,AUDIOVOX,,
4CH DUB AMP,DUBA4100,STANDARD,AMP,,,1,65,149.99,0,AUDIOVOX,,
"SUNDOWN 15"" D4 500RMS",E15D4,STANDARD,AMP,,,1,99.75,249.99,0,SUNDOWN,,
EPIC 1000 WATT MANO AMP,EPIC1000,STANDARD,AMP,,,1,125.43,249.99,0,AMERICAN INTERNATIONAL,,
EPIC 1500 RMS AMP,EPIC1500,STANDARD,AMP,,,1,153.18,319.99,1,AMERICAN INTERNATIONAL,,
EPIC 2000 WATT RMS AMP,EPIC2000,STANDARD,AMP,,,1,205.35,419.99,1,AMERICAN INTERNATIONAL,,
AUDIOCONTROL 750 WATT MONO AMP,EPIC750,STANDARD,AMP,,,1,104,199.99,2,PAC,,
AMP FAN,FAN,STANDARD,AMP,,,1,2,24.99,2,WHOLESALE HOUSE,,
PIONEER 4CH MINI AMP,GMD1004,STANDARD,AMP,,,1,85.35,159.99,-1,PIONEER,,
PIONEER 4 CH AMP,GMD8604,STANDARD,AMP,,,1,126,249.99,0,PIONEER,,
PIONEER 1200 W RMS 1OHM,GMD9601,STANDARD,AMP,,,1,159.4,279.99,0,PIONEER,,
PIONEER 800W RMS,GMDX871,STANDARD,AMP,,,1,144,279.99,3,PIONEER,,
PIONEER 4CH AMP 100X4,GMDX874,STANDARD,AMP,,,1,138,249.99,0,PIONEER,,
PIONEER 1200 RMS AMP 1OHM,GMDX971,STANDARD,AMP,,,1,202.65,379.99,3,PIONEER,,
"JBL 12"" SUB AMP PACKAGE",GTBASSPRO12,STANDARD,AMP,,,1,165,329.99,0,JBL,,
"PIONEER 10"" SUB/ AMP PACKAGE",GXT3504D,STANDARD,AMP,,,1,100,289.99,0,PIONEER,,
HIFONICS 2400 WATT MONO AMP,HFA24001D,STANDARD,AMP,,,1,180,399.99,0,WHOLESALE HOUSE,,
JENSEN MONO APP AMP,JA1B,STANDARD,AMP,,,1,75,149.99,2,JENSEN,,
KENWOOD 2CH 1000W,KAC7205,STANDARD,AMP,,,1,116,219.99,0,KENWOOD,,
KENWOOD MONO 1000W,KAC8105D,STANDARD,AMP,,,1,116,219.99,0,KENWOOD,,
KENWOOD 4CH 600W,KAC8405,STANDARD,AMP,,,1,116,219.99,0,KENWOOD,,
KENWOOD 1800W AMP CLASS D,KAC9105D,STANDARD,AMP,,,1,170,299.99,0,KENWOOD,,
KENWOOD MINI AMP 45X4,KACM1804,STANDARD,AMP,,,1,110,149.99,0,KENWOOD,,
KENWOOD BLUETOOTH 4CH AMP,KACM1824BT,STANDARD,AMP,,,1,154,279.99,0,KENWOOD,,
KENWOOD AMP KNOB,KCARC01A,STANDARD,AMP,,,1,15,29.99,0,KENWOOD,,
KENWOOD SLIM SUB AMP ENCLOSURE,KSCW11,STANDARD,AMP,,,1,157,279.99,0,KENWOOD,,
LINK 6 CHANNEL WITH SUM PROCES,LINK6,STANDARD,AMP,,,1,110,229.99,1,SANTA FE,,
ROCKFORD  MARINE 4 CHANNEL AMP,M5800X4,STANDARD,AMP,,,1,413,689.99,1,ROCKFORD,,
POWER ACOUSTIK MONO AMP 3000 W,OD13000,STANDARD,AMP,,,1,90,199.99,0,WHOLESALE HOUSE,,
POWER ACOUSTIK MONO AMP 3500MA,OD13500D,STANDARD,AMP,,,1,93,219.99,0,WHOLESALE HOUSE,,
ROCKFORD FOSGATE PUNCH 1000W,P1000X1BD,STANDARD,AMP,,,1,300,499.99,0,ROCKFORD,,
ROCKFORD PUNCH 300.1 AMP,P3001,STANDARD,AMP,,,1,150,249.99,0,ROCKFORD FOSGATE,,
ROCKFORD FOSGATE SUB PACKAGE,P30012T,STANDARD,AMP,,,1,239,389.99,0,ROCKFORD,,
"ROCKFORD 8"" LOADED SUB AND AMP",P3008P,STANDARD,AMP,,,1,191,309.99,1,ROCKFORD,,
ROCKFORD PUNCH,P400X4,STANDARD,AMP,,,1,209.99,349.99,1,ROCKFORD,,
ROCKFORD PUNCH 500X1,P500X1BD,STANDARD,AMP,,,1,239.99,399.99,-1,ROCKFORD,,
ROCKFORD FOSGATE BOOSTED RAIL,PBR300X1,STANDARD,AMP,,,1,150,249.99,1,ROCKFORD FOSGATE,,
ROCKFORD 4CH BOOSTED  RAIL AMP,PBR300X4,STANDARD,AMP,,,1,137,249.99,0,ROCKFORD FOSGATE,,
ROCKFORD BOOSTED RAIL AMP 4CH,PBR400X4D,STANDARD,AMP,,,1,212,309.99,1,ROCKFORD,,
ROCKFORD BOOSTED RAIL AMP,PBR500X1,STANDARD,AMP,,,1,220,399.99,1,ROCKFORD,,
PUNCH BASS KNOB,PEQ,STANDARD,AMP,,,1,26,49.99,0,ROCKFORD FOSGATE,,
PLANET AUDIO 4000  WATT AMP,PL40001D,STANDARD,AMP,,,1,108,249.99,0,SANTA FE,,
JENSEN 500 WATT 2CH,POWER250X2,STANDARD,AMP,,,1,45.1,99.99,3,AUDIOVOX,,
JENSEN 400 WATT 4-CH,POWER400X4,STANDARD,AMP,,,1,55,129.99,0,PIONEER,,
JENSEN 1000 WATT MONO,POWER500X1,STANDARD,AMP,,,1,65,129.99,1,AUDIOVOX,,
KENWOOD SUB/AMP PACKAGE,PW120B,STANDARD,AMP,,,1,135,269.99,0,KENWOOD,,
CADENCE 1000 WATT MONO AMP,Q10001D,STANDARD,AMP,,,1,100,229.99,0,SANTA FE,,
ROCKFORD FOSGATE 1200WATT D,R12001D,STANDARD,AMP,,,1,274,439.99,0,ROCKFORD,,
PRIME 1200 WATT MONOBLOCK,R21200X1,STANDARD,AMP,,,1,248,429.99,-1,ROCKFORD,,
ROCKFORD PRIME 250WATTS,R2250X1,STANDARD,AMP,,,1,137,229.99,1,ROCKFORD,,
ROCKFORD 4 CHANNEL 300WATT,R23004,STANDARD,AMP,,,1,165,279.99,1,ROCKFORD,,
ROCKFORD PRIME 500X1,R2500X1,STANDARD,AMP,,,1,165,279.99,1,ROCKFORD,,
ROCKFORD 4-CHANNEL AMP 500WATT,R2500X4,STANDARD,AMP,,,1,212,359.99,0,ROCKFORD,,
ROCKFORD PRIME 750 WATT MONO,R2750X1,STANDARD,AMP,,,1,210,349.99,2,ROCKFORD,,
ROCKFORD 750X5 AMP,R2750X5,STANDARD,AMP,,,1,249,499.99,0,ROCKFORD,,
ROCKFORD FOSGATE PRIME 4-CH,R4004D,STANDARD,AMP,,,1,173,279.99,0,ROCKFORD,,
ROCKFORD PRIME 750X1 1OHM,R7501D,STANDARD,AMP,,,1,237,359.99,0,ROCKFORD,,
ROCKFORD BT LIGHTER ADAP,RFBTAUX,STANDARD,AMP,,,1,27,49.99,0,ROCKFORD,,
RENEGADE 1000 WATT DUAL 12 SYS,RG1000KIT,STANDARD,AMP,,,1,160,299.99,0,ROCKFORD,,
RENEGADE SINGLE 12 SYS,RG550KIT,STANDARD,AMP,,,1,110,199.99,0,ROCKFORD,,
CRUNCH 1000 WATT MONO,SA11001,STANDARD,AMP,,,1,65,149.99,0,WHOLESALE HOUSE,,
SUNDOWN MONO FULL RANGE 1000W,SFB1000D,STANDARD,AMP,,,1,118,249.99,0,SUNDOWN AUDIO,,
SUNDOWN MONO FULL RANGE 1500W,SFB1500D,STANDARD,AMP,,,1,134.55,299.99,1,SUNDOWN,,
SUNDOWN 5 CHANNEL FULL RANGE,SFB18005D,STANDARD,AMP,,,1,300,599.99,0,AARON TINT,,
SUNDOWN MONO FULL RANGE 2000W,SFB2000D,STANDARD,AMP,,,1,175,349.99,-1,SUNDOWN,,
SUNDOWN FULL RANGE 3000W AMP,SFB3000D,STANDARD,AMP,,,1,250,499.99,0,ROCKFORD,,
SUNDOWN 4 CHANNEL 500W,SFB500X4D,STANDARD,AMP,,,1,206,399.99,0,SUNDOWN,,
SUNDOWN 600WATT MONO CLASS D,SFB600D,STANDARD,AMP,,,1,81,199.99,3,SUNDOWN,,
SUNDOWN SA 1250RMS MONO AMP,SIA1250D,STANDARD,AMP,,,1,180,359.99,1,SUNDOWN,,
SUNDOWN 1750WATT AMP,SIA1750D,STANDARD,AMP,,,1,175,349.99,0,SUNDOWN,,
SUNDOWN 3500RMS MONO BLOCK,SIA3500D,STANDARD,AMP,,,1,250,499.99,0,SUNDOWN,,
JBL STADIUM 600,STADIUM600AM,STANDARD,AMP,,,1,150,249.99,0,JBL,,
ROCKFORD POWER 1000.1 AMP,T10001BDCP,STANDARD,AMP,,,1,525,879.99,0,ROCKFORD  FOSGATE,,
ROCKFORD FOSGATE T MINI AMP 5C,T1000X5AD,STANDARD,AMP,,,1,440,729.99,0,ROCKFORD,,
ROCKFORD FOSGATE POWER 1500.1,T1500BDCP,STANDARD,AMP,,,1,514,859.99,0,ROCKFORD,,
ROCKFORD POWER 400.4 AMP,T4004,STANDARD,AMP,,,1,264,439.99,0,ROCKFORD  FOSGATE,,
ROCKFOR POWER MINI 4CH,T400X4AD,STANDARD,AMP,,,1,263,439.99,0,ROCKFORD,,
ROCKFORD POWER 500.1 AMP,T5001BDCP,STANDARD,AMP,,,1,321,539.99,0,ROCKFORD  FOSGATE,,
ROCKFORD POWER SERIES AMP,T6004,STANDARD,AMP,,,1,385,639.99,0,ROCKFORD,,
ROCKFORDPOWER MARINE 400X4 AMP,TM400X4AD,STANDARD,AMP,,,1,347,569.99,-1,ROCKFORD,,
POWER ACOUSTIK,VA14000D,STANDARD,AMP,,,1,100,249.99,0,WHOLESALE HOUSE,,
POWER ACOUSTIK MONO AMP 6000W,VA16000D,STANDARD,AMP,,,1,120,299.99,0,WHOLESALE HOUSE,,
KENWOOD EXCELON 4CH AMP,X3014,STANDARD,AMP,,,1,120,199.99,0,KENWOOD,,
KENWOOD EXCELON 4-CHANNEL,X3024,STANDARD,AMP,,,1,110,199.99,1,KENWOOD,,
KENWOOD EXCELON 4-CH AMP,X4504,STANDARD,AMP,,,1,153,279.99,0,KENWOOD,,
KENWOOD EXCELON MONO 500X1,X5001,STANDARD,AMP,,,1,110,199.99,0,KENWOOD,,
KENWOOD EXCELON 500 WATT MONO,X5011,STANDARD,AMP,,500,1,110,199.99,0,KENWOOD,,
KENWOOD 500 WATT MONO AMP,X5021,STANDARD,AMP,,,1,110,199.99,0,KENWOOD,,
KENWOOD EXCELON 500 WAT AMP,X5031,STANDARD,AMP,,,1,125,249.99,2,KENWOOD,,
KENWOOD EXCELON 5-CH,X7005,STANDARD,AMP,,,1,193,349.99,0,KENWOOD,,
KENWOOD 5 CH AMP,X8035,STANDARD,AMP,,,1,192.5,429.99,1,KENWOOD,,
SONY GS 4CH AMP,XMGS4,STANDARD,AMP,,,1,120,249.99,0,SONY,,
KENWOOD EXCELON 100X4,XR4014,STANDARD,AMP,,,1,190,379.99,0,KENWOOD,,
KENWOOD EXCELON 5-CH AMP,XR5S,STANDARD,AMP,,,1,316,599.99,0,KENWOOD,,
KENWOOD EXCELON 600X1 AMP,XR6011,STANDARD,AMP,,,1,190,379.99,0,KENWOOD,,
KENWOOD EXCELON 5-CH,XR9005,STANDARD,AMP,,,1,341,549.99,0,KENWOOD,,
EXCELON XR 5CH,XR9015,STANDARD,AMP,,,1,290,579.99,2,KENWOOD,,
ORION 1500 WATT AMP 2 CH,ZO15002,STANDARD,AMP,,,1,60,149.99,0,WHOLESALE HOUSE,,
1200 WATT 12V POWER CELL,JB1217,STANDARD,BATTERY,,,1,120.23,249.99,0,SANTA FE,,
INTERSTATE BATTERY,M24F,STANDARD,BATTERY,,,1,84.35,129.95,0,INTERSTATE,,
INTERSTATE BATTERY,M75,STANDARD,BATTERY,,,1,84.35,124.95,0,INTERSTATE BATTERY,,
INTERSTATE BATTERY M-LINE,M96R,STANDARD,BATTERY,,,1,94.79,139.95,1,INTERSTATE,,
SHURiKEN 500 WATT BATTERY,SKBT18,STANDARD,BATTERY,,,1,40,119.99,1,METRA,,
SHURIKEN 800WATT BATTERY,SKBT35,STANDARD,BATTERY,,,1,150,249.99,1,METRA,,
"10""SIGLE PORTED",1001P,STANDARD,BOXES,,,1,47.93,99.99,1,SANTA FE,,
"10""SINGLE SEALED",1001S,STANDARD,BOXES,,,1,41.93,84.99,1,SANTA FE,,
"10"" TRUCK SEALED",1001T,STANDARD,BOXES,,,1,15.99,32.99,-1,SANTA FE,,
"10"" DUAL CHEVY TRUCK BOX",1002CHEVY,STANDARD,BOXES,,,1,115,229.99,0,SANTA FE,,
"10""DAUL PORTED",1002P,STANDARD,BOXES,,,1,35,99.99,0,SANTA FE,,
"10""DAUL SEALED",1002S,STANDARD,BOXES,,,1,47.95,99.99,1,SANTA FE,,
"10"" EXTENDER",10EXT,STANDARD,BOXES,,,1,2.5,9.99,0,WHOLESALE HOUSE,,
"12""SINGLE PORTED",1201P,STANDARD,BOXES,,,1,32.99,99.99,0,SANTA FE,,
"12"" PREMIUM SINGLE PORTED BOX",1201PP,STANDARD,BOXES,,,1,51.93,109.99,2,SANTA FE,,
"12"" SINGLE PREMIUM BOX",1201PREM,STANDARD,BOXES,,,1,23,59.99,0,SANTA FE,,
"12""SINGLE SEALED",1201S,STANDARD,BOXES,,,1,55.95,84.99,0,SANTA FE,,
"12""TRUCK SINGLE SEALED",1201T,STANDARD,BOXES,,,1,15.99,34.99,2,SANTA FE,,
CAMARO BOX DUAL 12,1202CAMARO,STANDARD,BOXES,,,1,49,209.99,1,SANTA FE,,
"DODGE DUAL 12"" BOX 02-UP",1202DODGE02UP,STANDARD,BOXES,,,1,102.95,219.99,-3,SANTA FE,,
"FORD DUAL 12"" BOX 04-07",1202FORD0407,STANDARD,BOXES,,,1,55,209.99,0,SANTA FE,,
"FORD DUAL 12"" BOX 09-UP",1202FORD09UP,STANDARD,BOXES,,,1,79.99,209.99,-1,SANTA FE,,
"GM DUAL 12"" BOX 99-03",1202GM9903,STANDARD,BOXES,,,1,53,209.99,1,SANTA FE,,
"12""DAUL PORTED",1202P,STANDARD,BOXES,,,1,73.93,179.99,0,SANTA FE,,
"12"" DUAL PREMIUM SUB BOX",1202PREM,STANDARD,BOXES,,,1,32,89.99,0,SANTA FE,,
"12"" RIHNO-LINED PORTED BOX",1202PREMIUM,STANDARD,BOXES,,,1,132.95,269.99,0,SANTA FE,,
"12""DAUL SEALED",1202S,STANDARD,BOXES,,,1,55.93,119.99,0,SANTA FE,,
"CHEVY SILVERADO 2 12"" RHINO BO",1202STRUCKRHINO,STANDARD,BOXES,,,1,91,179.99,-1,SANTA FE,,
"DUAL 12"" SUV BOX",1202SUV,STANDARD,BOXES,,,1,52.99,119.99,0,SANTA FE,,
"12"" DUAL TRUCK BOX",1202T,STANDARD,BOXES,,,1,27,89.99,0,SANTA FE,,
"15""SINGLE PORTED",1501P,STANDARD,BOXES,,,1,63.93,129.99,0,SANTA FE,,
"15""SINGLE SEALED",1501S,STANDARD,BOXES,,,1,35.99,74.99,0,SANTA FE,,
"15""DAUL PORTED",1502P,STANDARD,BOXES,,,1,99.93,249.99,-2,SANTA FE,,
"Q BOMB 7.5QF DUAL 15"" BOX",1502PB,STANDARD,BOXES,,,1,174.99,349.99,-1,SANTA FE,,
"15""DAUL SEALED",1502S,STANDARD,BOXES,,,1,43.99,99.99,-1,SANTA FE,,
"15""TRUCK DAUL",1502T,STANDARD,BOXES,,,1,20,79.99,0,SANTA FE,,
6X9 BOX SINGLE,6X9B,STANDARD,BOXES,,,1,10,34.99,2,SANTAFE,,
"8""TRUCK SEALED",801TS,STANDARD,BOXES,,,1,12,30,0,SANTAFE,,
"8""TRUCK SEALED",802S,STANDARD,BOXES,,,1,20,59.99,0,SANTAFE,,
"GMC 12"" DUAL TRUCK BOX",GMC122004,STANDARD,BOXES,,,1,54.99,129.99,1,SANTA FE,,
REIKKEN 650WATT 12V POWER CELL,JB617,STANDARD,CAP,,,1,56.44,129.99,-1,SANTA FE,,
SONY MARINE POWERED AMP CD PLA,MEXM100BT,STANDARD,CAP,,,1,160,279.99,1,SONY,,
PIONEER CD USB BLUETOOTH,DEHS4120BT,STANDARD,CD,,,1,72,99.99,0,PIONEER,,
PIONEER CD USB BLUETOOTH,DEHS4220BT,STANDARD,CD,,,1,96,149.99,1,PIONEER,,
PIONEER CD USB BLUETOOTH,DEHS5120BT,STANDARD,CD,,,1,80,99.99,0,PIONEER,,
PIONEER BLUETOOTH CD,DEHX3910BT,STANDARD,CD,,,1,72,89.99,0,PIONEER,,
KENWOOD DD CD USB BLUETHOOTH,DPX792BH,STANDARD,CD,,,1,136,199.99,0,KENWOOD,,
SONY BT/USB/AUX MEDIA PLAYER,DSXA415BT,STANDARD,CD,,,1,0,99.99,0,WALMART,,
PIONEER DDIN BLUETOOTH CD PLAY,FHS5520BT,STANDARD,CD,,,1,90,129.99,0,PIONEER,,
PIONEER DD CD BLUETOOTH,FHS701BS,STANDARD,CD,,,1,114,139.99,0,CARTOYZ,,
PIONEER DD CD USB BLUETOOTH,FHX720BT,STANDARD,CD,,,1,114,179.99,0,PIONEER,,
PIONEER DD BLUETOOTH,FHX830BHS,STANDARD,CD,,,1,130,179.99,0,PIONEER,,
KENWOOD CD AUX RADIO,KDC118U,STANDARD,CD,,,1,65,89.99,0,KENWOOD,,
KENWOOD CD USB AUX,KDC165U,STANDARD,CD,,,1,60,89.99,0,KENWOOD,,
KENWOOD CD BLUETOOTH RECEIVER,KDCBT278U,STANDARD,CD,,,1,77,109.99,0,KENWOOD,,
KENWOOD CD/BT/USB RECEIVER,KDCBT360U,STANDARD,CD,,,1,0,129.99,-1,WALMART,,
KENWOOD SINGLE DN BLUETOOTH CD,KDCX305,STANDARD,CD,,,1,0,169.99,0,KENWOOD,,
KENWOOD EXELON BLUETOOTH HD,KDCX704,STANDARD,CD,,,1,114,159.99,0,KENWOOD,,
JVC CD BLUETOOTH,KDR890BT,STANDARD,CD,,,1,60,99.99,0,SANTA FE,,
JVC CD BLUETOOTH RECIEVER,KDT915BTS,STANDARD,CD,,,1,95,129.99,0,SANTA FE,,
KENWOOD BLUETOOTH,KMMBT225U,STANDARD,CD,,,1,55,79.99,0,KENWOOD,,
KENWOOD BLUETOOTH RADIO,KMMBT228U,STANDARD,CD,,,1,68,99.99,0,KENWOOD,,
KENWOOD BLUETOOTH RADIO,KMMBT232U,STANDARD,CD,,,1,0,119.99,2,KENWOOD,,
KENWOOD BLUETOOTH RADIO,KMMBT332U,STANDARD,CD,,,1,0,129.99,3,KENWOOD,,
KENWOOD EXCELON USB BLUETOOTH,KMMX704,STANDARD,CD,,,1,121.5,219.99,0,KENWOOD,,
KENWOOD BLUETOOTH HD RADIO,KMMX705,STANDARD,CD,,,1,0,179.99,0,KENWOOD,,
KENWOOD MARINE CD USB,KMRD358,STANDARD,CD,,,1,82,129.99,1,KENWOOD,,
KENWOOD CD MARINE,KMRD365BT,STANDARD,CD,,,1,110,149.99,1,KENWOOD,,
JENSEN BLUETOOTH RADIO,MPR2110,STANDARD,CD,,,1,25,49.99,3,JENSEN,,
PIONEER MEDIA PLAYER,SPH10BT,STANDARD,CD,,,1,114,149.99,0,PIONEER,,
AUDIOCONTROL EPIC KNOB,ACR1,STANDARD,EQX,,,1,25.8,59.99,0,AUDIOCONTROL,,
AUDIOCONTROL KNOB,ACR2,STANDARD,EQX,,,1,30,59.99,0,CARTOYZ,,
EPIC CENTER,EPICCENTER,STANDARD,EQX,,,1,120,259.99,1,AUDIOCONTROL,,
MEMPHIS 7 BAND EQ,EQL7,STANDARD,EQX,,,1,63,149.99,0,SANTA FE,,
CLARION 7 BAND EQ,EQS746,STANDARD,EQX,,,1,55.69,129.99,0,SANTA FE,,
AUDIOCONTROL OEM LINE OUTPUT,LC2I,STANDARD,EQX,,,1,79.39,99.99,0,AUDIOVOX,,
AUDIOCONTROL SIX CHANNEL PROC,LC6I,STANDARD,EQX,,,1,105,199.99,0,CARTOYZ,,
AUDIOCONTROL OEM PROCESSOR,LC7I,STANDARD,EQX,,,1,120,199.99,0,AUDIOVOX,,
AUDIOCONTROL 6CH LINE OUT CONV,LCQ1,STANDARD,EQX,,,1,180,299.99,1,AUDIOCONTROL,,
AUDIO MOBILE 4-CH HIGH CONV,LDQ4,STANDARD,EQX,,,1,62,119.99,0,SANTA FE,,
AUDIOCONTROL 3.2 EQ,THREE2,STANDARD,EQX,,,1,180,299.99,0,AUDIOCONTROL,,
MEMPHIS LINE DRVER,VBF1,STANDARD,EQX,,,1,47.5,99.99,0,MEMPHIS,,
CADILLAC XLR 04-09 KIT&HARNESS,993030B,STANDARD,HEAD UNIT,,,1,211.75,399.99,0,METRA,,
"PIONEER DVD BLUETOOTH 6.2""",AVH120BT,STANDARD,HEAD UNIT,,,1,120,199.99,0,WALMART,,
PIONEER APPLE CAR PLAY DVD,AVH1550NEX,STANDARD,HEAD UNIT,,,1,255.5,349.99,0,PIONEER,,
"PIONEER 6.2"" DVD RECEIVER",AVH221EX,STANDARD,HEAD UNIT,,,1,152,199.99,0,PIONEER,,
"PIONEER 6.2"" USB MIRRORING DVD",AVH241EX,STANDARD,HEAD UNIT,,,1,201.47,299.99,2,PIONEER,,
PIONEER DDIN DVD CARPLAY/ANDRO,AVH2500NEX,STANDARD,HEAD UNIT,,,1,328.99,449.99,0,PIONEER,,
PIONEER DVD/CAR PLAY UNIT,AVH2550NEX,STANDARD,HEAD UNIT,,,1,328.99,449.99,0,PIONEER,,
PIONEER NEX RECIEVER,AVHW4400NEX,STANDARD,HEAD UNIT,,,1,511,699.99,1,PIONEER,,
"PIONEER 7"" DVD WIRELESS CARPLA",AVHW4500NEX,STANDARD,HEAD UNIT,,,1,0,749.99,1,PIONEER,,
"BOSS ELITE 10"" CARPLAY ANDROID",BE10ACP,STANDARD,HEAD UNIT,,,1,259,399.99,0,SANTA FE,,
BOSS 7' ELITE CARPLAY/AND UNIT,BE7ACP,STANDARD,HEAD UNIT,,,1,170,299.99,0,BOSS,,
"BOSS 9"" CARPLAY ANDROID SCREEN",BE9ACP,STANDARD,HEAD UNIT,,,1,0,399.99,0,BOSS,,
PIONEER CD USB BLUETOOTH,BKTOYK967GB,STANDARD,HEAD UNIT,,,1,93.6,119.99,1,PIONEER,,
BOSS DVD BLUETOOTH RECIEVER,BV9695B,STANDARD,HEAD UNIT,,,1,95,179.99,0,WALMART,,
"JENSEN 10"" APPLE ANDROID WIREL",CAR1013,STANDARD,HEAD UNIT,,,1,230,399.99,2,JENSEN,,
JENSON USB CARPLAY ANDROID AUT,CAR70V,STANDARD,HEAD UNIT,,,1,147.05,219.99,0,JENSEN,,
"JENSEN 7"" CARPLAY/AND RECIEVER",CAR710,STANDARD,HEAD UNIT,,,1,164.25,279.99,0,JENSEN,,
JENSEN APPLE ANDROID WIRELESS,CAR723W,STANDARD,HEAD UNIT,,,1,130,249.99,2,JENSEN,,
"JENSEN WIRELESS CARPLAY 9""",CAR910W,STANDARD,HEAD UNIT,,,1,311,529.99,0,JENSEN,,
"JENSEN 9"" CARPLAY ANDRIOD",CAR910X,STANDARD,HEAD UNIT,,,1,230.61,379.99,1,JENSEN,,
"JENSEN 6.2"" 2DIN DVD REVEIVER",CDR5620,STANDARD,HEAD UNIT,,,1,85.42,139.99,0,JENSEN,,
JBL SINGLE DIN BLUTOOTH RADIO,CELEBRITY150,STANDARD,HEAD UNIT,,,1,0,79.99,2,JBL,,
"JENSEN 7"" MIRRORING UNIT",CM701MIR,STANDARD,HEAD UNIT,,,1,140,239.99,0,JENSEN,,
"JENSEN 9"" MIRRORING SCREEN",CM901MIR,STANDARD,HEAD UNIT,,,1,259,399.99,0,KENWOOD,,
JENSEN 2 DIN TOUCHSCREEN,CMR2629,STANDARD,HEAD UNIT,,,1,75,119.99,0,JENSEN,,
"JENSEN 7"" FLIP OUT BLUETOOTH",CMR3710,STANDARD,HEAD UNIT,,,1,90,149.99,0,JENSEN,,
POWER ACOUSTIC DVD APPLE RECIE,CPAA70D,STANDARD,HEAD UNIT,,,1,90,199.99,0,POWER ACOUSTIC,,
POWER 7 WIRELESS APPLE ANDROID,CPAA70MW,STANDARD,HEAD UNIT,,,1,120,249.99,3,POWER ACOUSTIK,,
"SSL 6.75"" CARPLAY/ANDROID UNIT",DD988ACP,STANDARD,HEAD UNIT,,,1,200.99,299.99,0,SANTA FE,,
"SSL 6.2"" CARPLAY UNIT ONLY",DDCP62,STANDARD,HEAD UNIT,,,1,159.99,259.99,0,SANTA FE,,
KENWOOD DVD APPLE ANDRIOD AUTO,DDX6706S,STANDARD,HEAD UNIT,,,1,350,689.99,0,KENWOOD,,
"KENWOOD 7"" DUAL ZONE CARPLAY",DDX9907XR,STANDARD,HEAD UNIT,,,1,744,1149.99,0,KENWOOD,,
PIONEER CD PLAYER AUX,DEH150MP,STANDARD,HEAD UNIT,,,1,56,79.99,0,PIONEER,,
PIONEER BLUETOOTH RECIEVER,DEHS21BT,STANDARD,HEAD UNIT,,,1,70,119.99,2,WALMART,,
PIONEER CD BLUETOOTH SINGLEDIN,DEHS31BT,STANDARD,HEAD UNIT,,,1,81,129.99,-2,WALMART,,
PIONEER CD USB BLUETOOTH,DEHS4000BT,STANDARD,HEAD UNIT,,,1,45,99.99,1,PIONEER,,
PIONEER CD USB BLUETOOTH,DEHS401BT,STANDARD,HEAD UNIT,,,1,70,89.99,0,PIONEER,,
PIONEER CD BLUETOOTH  USB,DEHS5200BT,STANDARD,HEAD UNIT,,,1,85,109.99,0,PIONEER,,
PIONEER CD BLUETOOTH,DEHS6010BS,STANDARD,HEAD UNIT,,,1,93.6,119.99,0,PIONEER,,
PIONEER CD USB AUX,DEHX2800UI,STANDARD,HEAD UNIT,,,1,72,89.99,0,PIONEER,,
PIONEER CD USB AUX,DEHX2900UI,STANDARD,HEAD UNIT,,,1,68,89.99,0,PIONEER,,
PIONEER CD USB COLOR CHANGING,DEHX3800UI,STANDARD,HEAD UNIT,,,1,80,99.99,0,PIONEER,,
PIONEER CD/AUX/USB/BT,DEHX4900BT,STANDARD,HEAD UNIT,,,1,88,109.99,0,,,
PIONEER CD BLUETOOTH,DEHX6800BS,STANDARD,HEAD UNIT,,,1,90,119.99,0,PIONEER,,
PIONEER BLUETOOTH USB MIRROR,DMH130BT,STANDARD,HEAD UNIT,,,1,0,299.99,-1,WALMART,,
PIONEER CARPLAY USB MIRROR,DMH160BT,STANDARD,HEAD UNIT,,,1,266.81,429.99,0,WALMART,,
PIONEER CARPLAY ANDROID AUTO,DMH1770NEX,STANDARD,HEAD UNIT,,,1,263.67,349.99,0,PIONEER,,
"PIONEER 6.8"" CARPLAY",DMH2000NEX,STANDARD,HEAD UNIT,,,1,0,369.99,1,PIONEER,,
PIONEER AV RECEIVER,DMH220EX,STANDARD,HEAD UNIT,,,1,120,169.99,0,PIONEER,,
"PIONEER 6.2"" USB MIRRORING",DMH241EX,STANDARD,HEAD UNIT,,,1,150,249.99,0,PIONEER,,
"PIONEER 6.8"" USB MIRRORING",DMH341EX,STANDARD,HEAD UNIT,,,1,201.47,299.99,2,PIONEER,,
PIONEER NEX MEDIA PLAYER,DMHC2550NEX,STANDARD,HEAD UNIT,,,1,328,449.99,0,PIONEER,,
"PIONEER 8"" MULTIMEDIA UNIT",DMHC5500NEX,STANDARD,HEAD UNIT,,,1,475,649.99,1,PIONEER,,
PIONEER 6.2 WIRELESS CARPLAY/A,DMHW2700NEX,STANDARD,HEAD UNIT,,,1,279.99,429.99,0,PIONEER,,
"PIONEER 6.8"" CARPLAY",DMHW3000NEX,STANDARD,HEAD UNIT,,,1,0,399.99,1,PIONEER,,
"PIONEER 6.8"" WIRELESS CARPLAY",DMHWC5700NEX,STANDARD,HEAD UNIT,,,1,542.29,799.99,1,PIONEER,,
PIONEER MULTIMEDIA PLAYER,DMHWT3800NEX,STANDARD,HEAD UNIT,,,1,584,699.99,2,PIONEER,,
"PIONEER 6.8"" WIRELESS CARPALY",DMW3050NEX,STANDARD,HEAD UNIT,,,1,0,449.99,1,PIONEER,,
"KENWOOD 10"" EXCELON HALO",DMX1057XR,STANDARD,HEAD UNIT,,,1,750,1599.99,1,KENWOOD,,
KENWOOD DD USB ANDR MIRRORING,DMX125BT,STANDARD,HEAD UNIT,,,1,165,279.99,0,KENWOOD,,
KENWOOD CARPLAY/ ANDROID AUTO,DMX47S,STANDARD,HEAD UNIT,,,1,278,399.99,2,SANTA FE,,
KENWOOD WIRELESS CARPLAY ANDRO,DMX5710S,STANDARD,HEAD UNIT,,,1,0,379.99,1,KENWOOD,,
"KENWOOD 6.95"" ANDROID AUTO",DMX706S,STANDARD,HEAD UNIT,,,1,376,549.99,0,KENWOOD,,
KENWOOD APPLE CARPLAY,DMX957XR,STANDARD,HEAD UNIT,,,1,670,1099.99,0,KENWOOD,,
"KENWOOD 6.8"" NAV NO DVD",DNR476S,STANDARD,HEAD UNIT,,,1,501,699.99,1,KENWOOD,,
KENWWOD DVD CARPLAY,DNX697S,STANDARD,HEAD UNIT,,,1,730,1199.99,1,KENWOOD,,
KENWOOD EXL DDIN RADIO,DPX395MBT,STANDARD,HEAD UNIT,,,1,0,159.99,0,KENWOOD,,
KENWOOD DDIN CD PLAYER,DPX505BT,STANDARD,HEAD UNIT,,,1,100,179.99,0,KENWOOD,,
KENWOOD DD CD BT USB HU,DPX795BH,STANDARD,HEAD UNIT,,,1,140,239.99,2,KENWOOD,,
KENWOOD CD BLUETOOTH PLAYER,KDCBT778HD,STANDARD,HEAD UNIT,,,1,99.99,149.99,0,,,
KENWOOD EXCELON CD BLUETOOTH,KDCX300,STANDARD,HEAD UNIT,,,1,95,129.99,0,KENWOOD,,
KENWOOD EXCELON USB BLUETOOTH,KDCX303,STANDARD,HEAD UNIT,,,1,93,129.99,0,KENWOOD,,
KENWOOD EXCELON,KDCX500,STANDARD,HEAD UNIT,,,1,108,149.99,0,KENWOOD,,
KENWOOD EXCELON CD USB BLUE,KDCX501,STANDARD,HEAD UNIT,,,1,107,149.99,0,KENWOOD,,
KENWOOD EXCELON CD  BLUETOOH,KDCX998,STANDARD,HEAD UNIT,,,1,172,259.99,0,KENWOOD,,
JVC CD BLUETOOTH RADIO,KDSR86BT,STANDARD,HEAD UNIT,,,1,84,129.99,0,WALMART,,
JVC SINGLE DIN BLUETOOTH,KDSX26BT,STANDARD,HEAD UNIT,,,1,64,109.99,0,WALMART,,
JVC CD PLAYER WITH BLUETOOTH,KDT710BT,STANDARD,HEAD UNIT,,,1,69.99,99.99,0,SANTA FE,,
KENWOOD BLUETOOTH RADIO,KMMBT260U,STANDARD,HEAD UNIT,,,1,85,149.99,0,KENWOOD,,
KENWOOD BLUETOOTH RECIEVER,KMMBT328U,STANDARD,HEAD UNIT,,,1,71.4,149.99,0,KENWOOD,,
KENWOOD MARINE BLUETOOTH RECIE,KMRM328BT,STANDARD,HEAD UNIT,,,1,87,129.99,0,KENWOOD,,
JVC DDIN DVD CAR PLAY RECIEVER,KWV660BT,STANDARD,HEAD UNIT,,,1,272,379.99,0,SANTA FE,,
"JBL 7"" WIRELESS CARPLAY RECIEV",LEGEND700,STANDARD,HEAD UNIT,,,1,180,299.99,3,JBL,,
JENSEN BLUETOOTH COLOR CHANGE,MPR2121,STANDARD,HEAD UNIT,,,1,30,69.99,0,JENSEN,,
PIONEER BLUETOOTH SINGLE DIN,MVHS21BT,STANDARD,HEAD UNIT,,,1,55,109.99,0,WALMART,,
PIONEER USB BLUETOOTH HEADUNIT,MVHS312BT,STANDARD,HEAD UNIT,,,1,64,79.99,0,PIONEER,,
PIONEER BT USB RECEIVER,MVHS320BT,STANDARD,HEAD UNIT,,,1,70,119.99,0,PIONEER,,
PIONEER BLUETOOTH USB HEADUNIT,MVHS322BT,STANDARD,HEAD UNIT,,,1,64,79.99,0,PIONEER,,
"PLANET AUDIO 7"" CARPLAY ANDROI",P70CPA,STANDARD,HEAD UNIT,,,1,4,199.99,1,PLANET AUDIO,,
PLANET AUDIO ANDROID AUTO,P70CPAC,STANDARD,HEAD UNIT,,,1,79,199.99,0,,,
SONY 6.95 WIRELESS CARPLAY AND,XAVAX4000,STANDARD,HEAD UNIT,,,1,300,449.99,0,SONY,,
"SONY 7"" CARPLAY/ANDROID 20W X4",XAVAX5000,STANDARD,HEAD UNIT,,,1,266.39,399.99,0,SONY,,
"SONY 7"" CARPLAY",XAVAX5500,STANDARD,HEAD UNIT,,,1,340,499.99,0,SONY,,
"SONY 9"" CARPLAY",XAVAX8100,STANDARD,HEAD UNIT,,,1,532,749.99,0,SONY,,
DAUL DDIN CARPLAY ANDROID AUTO,XDCPA10BT,STANDARD,HEAD UNIT,,,1,155,279.99,-1,WALMART,,
"DUAL 10"" CARPLAY ANDROID AUTO",XDCPA11BT,STANDARD,HEAD UNIT,,,1,210,399.99,0,WALMART,,
"DUAL 7"" FLIP OUT DVD PLAYER",XDVD179BT,STANDARD,HEAD UNIT,,,1,40,119.99,1,WALMART,,
CARLINK BT REMOTE START,ASCLBTR,STANDARD,HEADUNIT,,,1,120,199.99,0,,,
PIONEER NEX DD DVD,AVH2300NEX,STANDARD,HEADUNIT,,,1,365,499.99,0,PIONEER,,
JENSEN CARPLAY DVD 10'',CAR8000,STANDARD,HEADUNIT,,,1,320,449.99,0,AUDIOVOX,,
"JENSEN 6.8"" TOUCH SCREEN BLUET",CMR8629,STANDARD,HEADUNIT,,,1,69.56,119.99,2,JENSEN,,
KENWOOD DVD BT,DDX26BT,STANDARD,HEADUNIT,,,1,176,249.99,0,KENWOOD,,
KENWOOD DVD CARPLAY,DDX5707S,STANDARD,HEADUNIT,,,1,470,619.99,1,KENWOOD,,
"KENWOOD  DVD WIFI MIRROR 7""",DDX9707S,STANDARD,HEADUNIT,,,1,500,729.99,0,KENWOOD,,
"PIONEER 7"" CAR PLAY/ANDROID",DMH1500NEX,STANDARD,HEADUNIT,,,1,260,379.99,1,PIONEER,,
PIONEER CARPLAY MEDIA HEADUNIT,DMH2660NEX,STANDARD,HEADUNIT,,,1,324,499.99,2,PIONEER,,
KENWOOD CD BLUETOOTH DD RADIO,DPX504BT,STANDARD,HEADUNIT,,,1,118,159.99,1,KENWOOD,,
KENWOOD DD CD BLUETHOOTH,DPX593BT,STANDARD,HEADUNIT,,,1,100,169.99,0,KENWOOD,,
CD BLUETOOTH USB RECEIVER,DPX594BT,STANDARD,HEADUNIT,,,1,141,229.99,0,KENWOOD,,
PIONEER CDP BLUETOOTH,FHS52BT,STANDARD,HEADUNIT,,,1,100,149.99,-1,,,
KENWOOD CD USB AUX,KDC168U,STANDARD,HEADUNIT,,,1,71,89.99,0,KENWOOD,,
KENWOOD CD BLUETOOTH RADIO,KDCBT278U,STANDARD,HEADUNIT,,,1,70,109.99,0,KENWOOD,,
KENWOOD CD BLUETOOTH RADIO,KDCBT378U,STANDARD,HEADUNIT,,,1,85,129.99,0,KENWOOD,,
KENWOOD EXCELON CD PLAYER BLUE,KDCX304,STANDARD,HEADUNIT,,,1,95,159.99,0,KENWOOD,,
KENWOOD BLUETOOTH HEADUNIT,KMMBT325U,STANDARD,HEADUNIT,,,1,70,99.99,0,KENWOOD,,
"JENSEN 6.2"" DVD BLUETHOOTH",VX3024,STANDARD,HEADUNIT,,,1,147.6,239.99,0,AUDIOVOX,,
"JENSEN 6.2"" NAV",VX7528,STANDARD,HEADUNIT,,,1,234,399.99,0,AUDIOVOX,,
"SONY 7"" APPLE CARPLAY ANDROID",XAVAX150,STANDARD,HEADUNIT,,,1,250,399.99,1,WALMART,,
DUAL MECHLESS SCREEN BLUETOOTH,XVM279BT,STANDARD,HEADUNIT,,,1,72,139.99,-1,,,
0 GUAGE BLACK,0GB,STANDARD,INSTALL,,,1,0,11,0,SANTA FE,,
0 GUAGE RED,0GR,BULK,INSTALL,,,1,0,11,899.75,SANTA FE,,
0GRING,0GRING,STANDARD,INSTALL,,,1,1.5,2.99,0,SANTA FE,,
0 GAUGE RING TERMANIL TSPEC,0GT,STANDARD,INSTALL,,,1,1.33,4.99,7,SANTA FE,,
DYNAMAT KIT,10415,STANDARD,INSTALL,,,1,10,24.99,0,WHOLESALE HOUSE,,
DYNAMAT XTREMEM 4 SQ FT,10425,STANDARD,INSTALL,,,1,18.66,49.99,0,WHOLESALE HOUSE,,
DYNAMAT 12SQ FT KIT,10435,STANDARD,INSTALL,,,1,50,99.99,0,WHOLESALE HOUSE,,
DYNAMAT KIT,10455,STANDARD,INSTALL,,,1,142,319.99,1,WHOLESALE HOUSE,,
"02UP 10"" DODGE RAM DUAL BOX",10DODGETRUCKBOX,STANDARD,INSTALL,,,1,65,189.99,1,SANTA FE,,
WIRE 10G,10GB,BULK,INSTALL,,,1,0,1,418,SANTA FE,,
"10"" HIGH EXUCUSION GRILL",10GD,STANDARD,INSTALL,,,1,4.5,24.99,2,WHOLESALE HOUSE,,
WIRE 10G,10GR,BULK,INSTALL,,,1,0,1,448.25,SANTA FE,,
"12"" EXTENDER",12EXT,STANDARD,INSTALL,,,1,2.5,9.99,0,WHOLESALE HOUSE,,
"12"" GRILL SET HIGH EXCURSION",12GD,STANDARD,INSTALL,,,1,5.5,29.99,0,WHOLESALE HOUSE,,
WIRE 12GS,12GS,BULK,INSTALL,,,1,0,1.5,561,SANTA FE,,
PYRAMID ANTENNA,1307,STANDARD,INSTALL,,,1,4,24.99,1,WHOLESALE HOUSE,,
14 GAUGE STINGER SPK WIRE,14GS,STANDARD,INSTALL,,,1,0.3,1.25,0,SANTA FE,,
WIRE SPKR 16G,16GS,BULK,INSTALL,,,1,0.1,0.75,-349,SANTA FE,,
WIRE REMOTE 18G,18R,BULK,INSTALL,,,1,0.06,0.25,859,WHOLESALEHOUSE,,
DYNAMAT LICENSE PLATE,19100,STANDARD,INSTALL,,,1,8,24.99,2,WHOLESALE HOUSE,,
DYNAMAT TRUNK KIT,19405,STANDARD,INSTALL,,,1,80,199.99,2,WHOLESALE HOUSE,,
CHRYSLER ANTENNA ADAPTER,40CR10,STANDARD,INSTALL,,,1,2.3,19.99,4,SANTA FE,,
EURO ANTENNA ADAPTER,40EU10,STANDARD,INSTALL,,,1,4.41,19.99,-7,SANTA FE,,
ANT ADPTR,40FD10,STANDARD,INSTALL,,,1,3,11.99,7,SANTAFE,,
GM ANTENNA ADAPTER,40GM10,STANDARD,INSTALL,,,1,1.42,11.99,9,SANTA FE,,
HYUNDAI ANTENNA ADAPTER,40KI11,STANDARD,INSTALL,,,1,0,24.99,-1,METRA,,
NISSAN ANTENNA ADAPTER,40NI12,STANDARD,INSTALL,,,1,4.33,19.99,2,SANTA FE,,
ANTENNA ADAPTER,40SB10,STANDARD,INSTALL,,,1,7.5,19.99,0,SANTA FE,,
ANTINA Y,40UV44,STANDARD,INSTALL,,,1,2,11.99,1,SANTAFE,,
ANTINA ADPTR VOLVO,40VL10,STANDARD,INSTALL,,,1,4,15.99,3,SANTAFE,,
EURO ANTENNA ADAPTER,40VW10,STANDARD,INSTALL,,,1,2.2,19.99,19,SANTA FE,,
ANTIN ADAPTR,40VW20,STANDARD,INSTALL,,,1,7,19.99,4,SANTAFE,,
ANT EXT,44EC144,STANDARD,INSTALL,,,1,4,15.99,0,SANTAFE,,
ANTENNA EXTENSION,44EC18,STANDARD,INSTALL,,,1,3.61,19.99,1,SANTA FE,,
METRA AMP ANTENNA,44UA20,STANDARD,INSTALL,,,1,20,49.99,0,SANTA FE,,
METRA ANTENNA,44UA200,STANDARD,INSTALL,,,1,23,59.99,0,SANTA FE,,
POWER WIRE GROUND,4GB,BULK,INSTALL,,,1,0,6,982,WHOLESALEHOUSE,,
POWER WIRE 4G,4GR,BULK,INSTALL,,,1,0,6,942,WHOLESALEHOUSE,,
LINE OUTPUT CONVERTER,55020,STANDARD,INSTALL,,,1,7.64,24.99,0,DEI,,
JEEP EAGLE,701002,STANDARD,INSTALL,,,1,5,15.99,2,SANTAFE,,
HARNES KIA,701003,STANDARD,INSTALL,,,1,7,15.99,4,SANTAFE,,
HARNES KIA,701004,STANDARD,INSTALL,,,1,7,17.99,0,SANTAFE,,
VOLVO HARNES,701119,STANDARD,INSTALL,,,1,5,19.99,8,SANTAFE,,
GM VOLVO240,701120,STANDARD,INSTALL,,,1,35,69.99,4,SANTAFE,,
HARNES HONDA,701388,STANDARD,INSTALL,,,1,7,17.99,2,SANTAFE,,
TOYOTA HARNES,701398,STANDARD,INSTALL,,,1,4,15.99,2,SANTAFE,,
701725 ACURA/HONDA AMP INTGRAT,701725,STANDARD,INSTALL,,,1,0,29.99,0,SANTA FE,,
HARNES HYUNDAI,701736,STANDARD,INSTALL,,,1,7,16.99,2,SANTAFE,,
HARNES MITSUBISHI,701743,STANDARD,INSTALL,,,1,7,15.99,2,SANTAFE,,
NISSAN,701763,STANDARD,INSTALL,,,1,5,17.99,1,SANTAFE,,
NISSAN,701764,STANDARD,INSTALL,,,1,5,24.99,4,SANTAFE,,
HARNES FORD,701768,STANDARD,INSTALL,,,1,8,25,1,SANTAFE,,
HARNESS FORD,701771,STANDARD,INSTALL,,,1,6,15,0,SANTAFE,,
FORD,701772,STANDARD,INSTALL,,,1,2,12.99,1,SANTAFE,,
SUBARU HARNES,701780,STANDARD,INSTALL,,,1,6,19.99,3,SANTAFE,,
MAZDA HARNES,701781,STANDARD,INSTALL,,,1,5,17.99,2,SANTAFE,,
HARNES 1782,701782,STANDARD,INSTALL,,,1,2,15,2,SANTAFE,,
VW HARNES,701784,STANDARD,INSTALL,,,1,5,17.99,0,SANTAFE,,
HARNES VW,701787,STANDARD,INSTALL,,,1,12,29.99,1,SANTAFE,,
GM TUNER BYBASS,701855,STANDARD,INSTALL,,,1,35,79.99,1,SANTAFE,,
TUNER BYBASS,701856,STANDARD,INSTALL,,,1,35,79.99,0,SANTAFE,,
GM BOSE INTER,701857,STANDARD,INSTALL,,,1,35,79.99,1,SANTAFE,,
HARNES,702002,STANDARD,INSTALL,,,1,8,25,0,SANTAFE,,
GM RETAIN,702003T,STANDARD,INSTALL,,,1,35,69.99,1,SANTAFE,,
HARNES GM,702004,STANDARD,INSTALL,,,1,8,25,0,SANTAFE,,
GM ONSTAR INTERGRTION,702005,STANDARD,INSTALL,,,1,35,79.99,0,SANTAFE,,
HARNESS GM,702006,STANDARD,INSTALL,,,1,8,25,3,SANTAFE,,
HARNESS,702021,STANDARD,INSTALL,,,1,8,25,1,SANTAFE,,
HARNES,702102,STANDARD,INSTALL,,,1,8,25,0,SANTAFE,,
METRA GM HARNESS,702103,STANDARD,INSTALL,,,1,8.28,24.99,0,SANTA FE,,
METRA GM 06-UP HARNESS,702104,STANDARD,INSTALL,,,1,13.45,34.99,4,SANTA FE,,
METRA 06 UP HARNESS NO ONSTAR,702105,STANDARD,INSTALL,,,1,10,29.99,6,SANTA FE,,
HARNES SATURN,702202,STANDARD,INSTALL,,,1,8,25,1,SANTAFE,,
HARNES FORD,705510,STANDARD,INSTALL,,,1,8.24,25.99,1,SANTAFE,,
HARNES FORD,705511,STANDARD,INSTALL,,,1,8.24,25.99,0,SANTAFE,,
HARNES FORD,705513,STANDARD,INSTALL,,,1,6,19.99,0,SANTAFE,,
HARNES FORD,705516,STANDARD,INSTALL,,,1,10.37,29.99,3,SANTAFE,,
HARNES FORD,705517,STANDARD,INSTALL,,,1,10.37,29.99,2,SANTAFE,,
HARNESS FORD,705518,STANDARD,INSTALL,,,1,9,25,2,SANTAFE,,
HARNES FORD,705519,STANDARD,INSTALL,,,1,9,25,0,SANTAFE,,
HARNES FORD,705521,STANDARD,INSTALL,,,1,12,25,0,SANTAFE,,
HARNES FORD,705600,STANDARD,INSTALL,,,1,2,15,3,SANTAFE,,
HARNES FORD,705603,STANDARD,INSTALL,,,1,9,25,2,SANTAFE,,
HARNES FORD,705700,STANDARD,INSTALL,,,1,6,15,3,SANTAFE,,
CHRYSLER  RCA,706503,STANDARD,INSTALL,,,1,7,24.99,1,SANTAFE,,
CHRYSLER BYBASS,706504,STANDARD,INSTALL,,,1,35,79.99,0,SANTAFE,,
CHRSLER BYBASS,706506,STANDARD,INSTALL,,,1,35,79.99,0,SANTAFE,,
CHRYSLER AMP BYBASS,706512,STANDARD,INSTALL,,,1,35,69.99,1,SANTAFE,,
CHRYSLER /D 07 UP,706522,STANDARD,INSTALL,,,1,8.19,29.99,0,SANTAFE,,
MITS 95-UP AMP ITEGRT,707003,STANDARD,INSTALL,,,1,12.48,29.99,0,SANTAFE,,
HYUNDAI,707300,STANDARD,INSTALL,,,1,5,17.99,6,SANTAFE,,
HYUNDAI HAR,707301,STANDARD,INSTALL,,,1,5,17.99,0,SANTAFE,,
HYUNDAI 07-,707302,STANDARD,INSTALL,,,1,6,24.99,0,SANTAFE,,
HYUNDAI HARNESS,707303,STANDARD,INSTALL,,,1,10.53,24.99,0,SANTAFE,,
NISSAN HAR,707552,STANDARD,INSTALL,,,1,5,17.99,0,SANTAFE,,
ISUZU HONDA  WRCA,707712,STANDARD,INSTALL,,,1,7,24.99,0,SANTAFE,,
ISUZ HONDA WRCA,707713,STANDARD,INSTALL,,,1,7,24.99,3,SANTAFE,,
HARNESS MAZDA,707901,STANDARD,INSTALL,,,1,7,17.99,0,SANTAFE,,
HARNES MAZDA,707903,STANDARD,INSTALL,,,1,7,17.99,0,SANTAFE,,
HARNES SUZUKI,707991,STANDARD,INSTALL,,,1,8,17.99,2,SANTAFE,,
HARNES SUZUKI,707992,STANDARD,INSTALL,,,1,7,17.99,0,SANTAFE,,
TOYOTA LEX AMP HARN,708113,STANDARD,INSTALL,,,1,8,29.99,-1,SANTAFE,,
HARNES GM /SUZUKI,708405,STANDARD,INSTALL,,,1,7,15.99,1,SANTAFE,,
HARNES BMW,708591,STANDARD,INSTALL,,,1,12,29.99,0,SANTAFE,,
HARNES SUBARO,708900,STANDARD,INSTALL,,,1,7,17.99,1,SANTAFE,,
HARNES,708901,STANDARD,INSTALL,,,1,7,17.99,0,SANTAFE,,
AUDI BMW,709003,STANDARD,INSTALL,,,1,5,17.99,1,SANTAFE,,
HARNES VOLVO,709220,STANDARD,INSTALL,,,1,7,24.99,1,SANTAFE,,
HARNES VOLVO,709221,STANDARD,INSTALL,,,1,7,24.99,0,SANTAFE,,
HARNESS LANDROVER,709400,STANDARD,INSTALL,,,1,13,29.99,1,SANTAFE,,
HARNES,709401,STANDARD,INSTALL,,,1,7,17.99,0,SANTAFE,,
6X9 SPACER,826900,STANDARD,INSTALL,,,1,5,15.99,0,SANTAFE,,
KIT,88003301,STANDARD,INSTALL,,,1,6,19.99,0,,,
WIRE 8GR,8GB,BULK,INSTALL,,,1,0,3,794,WHOLESALE HOUSE,,
WIRE 8GR,8GR,BULK,INSTALL,,,1,0,3,486.5,WHOLESALE HOUSE,,
KIT DD GM,952005,STANDARD,INSTALL,,,1,9,29.99,0,SANTAFE,,
GM DD KIT,952005B,STANDARD,INSTALL,,,1,8,29.99,0,,,
NISSAN VERSA DDIN KIT,952621,STANDARD,INSTALL,,,1,12.82,34.99,1,SANTA FE,,
METRA CHEVY DD KIT 95-98,953003G,STANDARD,INSTALL,,,1,10.16,29.99,1,SANTA FE,,
CHEVY ASTRO KIT 96-05,953005,STANDARD,INSTALL,,,1,20,49.99,0,SANTA FE,,
GM KIT,953302,STANDARD,INSTALL,,,1,9.51,29.99,2,SANTAFE,,
METRA GM KIT RETENTION,953303B,STANDARD,INSTALL,,,1,177,299.99,1,SANTA FE,,
GM 06+ MULTI KIT,953305,STANDARD,INSTALL,,,1,6.89,34.99,5,SANTA FE,,
13+ MALIBU W/ MANUAL CLIM KIT,953314G,STANDARD,INSTALL,,,1,19.08,59.99,1,SANTA FE,,
PONTIAC GTO KIT 04-06,953528,STANDARD,INSTALL,,,1,7.5,24.99,0,SANTA FE,,
DD KIT MUSTANG,955025,STANDARD,INSTALL,,,1,6.81,24.99,0,SANTAFE,,
DD DINKIT FORD,955026,STANDARD,INSTALL,,,1,6.81,24.99,0,SANTAFE,,
FORD MULTI KIT,955600,STANDARD,INSTALL,,,1,7.47,29.99,2,SANTA FE,,
99-2001 LINCOLN CONTENTIAL,955809,STANDARD,INSTALL,,,1,10,29.99,1,SANTA FE,,
FORD MULTI KIT,955812,STANDARD,INSTALL,,,1,9.59,34.99,3,SANTA FE,,
955817 KT,955817,STANDARD,INSTALL,,,1,0,29.99,0,SANTA FE,,
FORD 97 UP DDIN KIT,955818,STANDARD,INSTALL,,,1,7.47,29.99,3,SANTA FE,,
FORD F150 KIT 09 AND UP,955820B,STANDARD,INSTALL,,,1,19.47,49.99,0,SANTA FE,,
FORD FOCUS KIT 12+,955827B,STANDARD,INSTALL,,,1,116.95,199.99,0,SANTA FE,,
CHRYSLER PACIFICA 04-08 KIT,956506B,STANDARD,INSTALL,,,1,8,29.99,-1,SANTA FE,,
07-UP JEEP MULTI-KIT,956511,STANDARD,INSTALL,,,1,6.48,29.99,2,SANTA FE,,
JEEP/DODGE 07-UP DDIN KIT,95651117,STANDARD,INSTALL,,,1,6.68,29.99,1,SANTA FE,,
DODGE RAM KIT 13UP,956518B,STANDARD,INSTALL,,,1,12.8,39.99,2,SANTA FE,,
DODGE RAM 02-05 DDIN KIT,956522B,STANDARD,INSTALL,,,1,29.67,69.99,0,SANTA FE,,
JEEP LIBERTY 02-07 KIT,956524B,STANDARD,INSTALL,,,1,22.35,69.99,0,SANTA FE,,
DODGE RAM DD KIT 06-10,956528B,STANDARD,INSTALL,,,1,14,39.99,1,SANTA FE,,
DODGE DD KIT,956533B,STANDARD,INSTALL,,,1,19.99,39.99,0,SANTA FE,,
DODGE DD KIT,956534B,STANDARD,INSTALL,,,1,22.5,49.99,0,SANTA FE,,
HYUNDI/KIA DDKIT,957313,STANDARD,INSTALL,,,1,6.81,29.99,1,,,
METRA HYUNDAI SONOTA KIT 06-08,957320,STANDARD,INSTALL,,,1,6.5,24.99,0,SANTA FE,,
HYUNDAI AZERA KIT 06-11 DDIN,957322,STANDARD,INSTALL,,,1,7.04,29.99,0,SANTA FE,,
KIA RANDO DDIN KIT,957329,STANDARD,INSTALL,,,1,9.4,29.99,0,SANTA FE,,
KIA SPORTAGE 11-16 KIT,957344CH,STANDARD,INSTALL,,,1,15,39.99,0,SANTA FE,,
NISSAN MAXIMA 09-14,957427B,STANDARD,INSTALL,,,1,12.03,34.99,-1,SANTA FE,,
MAZDA 3 04-09  DDIN KIT,957504,STANDARD,INSTALL,,,1,14.5,34.99,0,SANTA FE,,
NISSAN SENTRA DDIN KIT 13UP,957618G,STANDARD,INSTALL,,,1,27.41,79.99,1,SANTA FE,,
NISSAN VERSA DDIN KIT,957621,STANDARD,INSTALL,,,1,12.82,34.99,0,SANTA FE,,
HONDA 90+ MULTI KIT,957801,STANDARD,INSTALL,,,1,7.47,34.99,1,SANTA FE,,
HONDA ACCORD DDIN KIT,957862,STANDARD,INSTALL,,,1,15,39.99,0,SANTA FE,,
TOT DD KIT,958153,STANDARD,INSTALL,,,1,7,29.99,0,,,
TOYOTA DD KIT,958202,STANDARD,INSTALL,,,1,6.2,29.99,0,SANTAFE,,
KIT TOYOTA DD,958203,STANDARD,INSTALL,,,1,6,29.99,0,SANTA FE,,
TOYOTA CAMRY 07-UP DDIN KIT,958218S,STANDARD,INSTALL,,,1,12.01,39.99,1,SANTA FE,,
METRA TOYOTA CAROLLA 09-13 KIT,958223,STANDARD,INSTALL,,,1,7.25,29.99,0,SANTA FE,,
KIT TOY/PONC MATRIX/VIBE 09/10,958224,STANDARD,INSTALL,,,1,7.47,29.99,2,SANTA FE,,
TOYOTA COROLLA 14UP KIT,958245CHG,STANDARD,INSTALL,,,1,16.53,39.99,1,SANTA FE,,
MERCEDES 06-07 KIT,958721B,STANDARD,INSTALL,,,1,10.53,34.99,3,SANTA FE,,
SUBURU OUTBACK 2010-14 KIT,958903S,STANDARD,INSTALL,,,1,11,29.99,0,SANTA FE,,
VOLKSWAGON TOUAREG DD KIT,959009,STANDARD,INSTALL,,,1,7.25,29.99,1,SANTA FE,,
VW MULTI KIT,959011B,STANDARD,INSTALL,,,1,11.2,34.99,1,SANTA FE,,
BMW KIT 5 SERIES 97UP,959307B,STANDARD,INSTALL,,,1,20.48,59.99,1,SANTA FE,,
95-9308 BMW KIT,959308B,STANDARD,INSTALL,,,1,19.47,49.99,1,SANTE FE,,
KIT 959311 BMW DDIN RELOCATION,959311B,STANDARD,INSTALL,,,1,32.67,99.99,0,SANTE FE,,
FRD MULT KIT,985999,STANDARD,INSTALL,,,1,6,19.99,1,,,
GRANG CHER,991000,STANDARD,INSTALL,,,1,8.33,24.99,1,SANTAFE,,
KIA KIT,991003,STANDARD,INSTALL,,,1,7,24.99,3,SANTAFE,,
HONDA KIA KIT,991004,STANDARD,INSTALL,,,1,7,24.99,1,SANTAFE,,
KIA KIT,991005,STANDARD,INSTALL,,,1,8,24.99,1,SANTAFE,,
FORGN KIT,991006,STANDARD,INSTALL,,,1,7,24.99,1,,,
KIA KIT,991007,STANDARD,INSTALL,,,1,7,24.99,0,SANTAFE,,
TOYOTA,991008,STANDARD,INSTALL,,,1,7,24.99,1,SANTAFE,,
KIT GM,992002,STANDARD,INSTALL,,,1,8,19.99,5,SANTAFE,,
GM 95UP SINGLE AND DOUBLE DIN,992003,STANDARD,INSTALL,,,1,8.33,29.99,1,SANTA FE,,
KIT GM,992004,STANDARD,INSTALL,,,1,8,24.99,0,SANTAFE,,
KIT GM,992005,STANDARD,INSTALL,,,1,8,24.99,0,SANTAFE,,
KIT GM,992006,STANDARD,INSTALL,,,1,31.93,70,-1,SANTAFE,,
KIT GM,992007,STANDARD,INSTALL,,,1,35.93,70,0,SANTAFE,,
CADILLAC 06+  KIT,992008,STANDARD,INSTALL,,,1,21.5,49.99,0,SANTA FE,,
BUICK LECROSSE 2005-08 KIT,992021,STANDARD,INSTALL,,,1,9.12,39.99,2,SANTA FE,,
KIT GM,993000,STANDARD,INSTALL,,,1,8,29.99,0,SANTAFE,,
KIT GM,993001,STANDARD,INSTALL,,,1,6.5,19.99,0,SANTAFE,,
KIT GM,993003,STANDARD,INSTALL,,,1,8,19.99,0,SANTAFE,,
KIT GM,993009,STANDARD,INSTALL,,,1,8,19.99,0,SANTAFE,,
CHEVY SILVERADO 14UP KIT,993014G,STANDARD,INSTALL,,,1,22.42,59.99,1,SANTA FE,,
CHEVY IMPALA 14 AND UP KIT,993024B,STANDARD,INSTALL,,,1,34.63,79.99,0,SANTA FE,,
PONTIAC KIT,993042,STANDARD,INSTALL,,,1,13.5,29.99,0,SANTA FE,,
KIT GM,993051,STANDARD,INSTALL,,,1,7.5,19.99,0,SANTAFE,,
KIT GM,993100,STANDARD,INSTALL,,,1,7,17.99,0,SANTAFE,,
KIT GM,993105,STANDARD,INSTALL,,,1,6.5,17.99,1,SANTAFE,,
METRA SATURN KIT,993105,STANDARD,INSTALL,,,1,8.75,24.99,0,SANTA FE,,
KIT,993106,STANDARD,INSTALL,,,1,6.2,17.99,0,SANTAFE,,
KIT GM,993200,STANDARD,INSTALL,,,1,7,16.99,0,SANTAFE,,
GM KIT,993304,STANDARD,INSTALL,,,1,7,24.99,2,SANTAFE,,
GM KIT,993305,STANDARD,INSTALL,,,1,6,24.99,0,,,
AVEO KIT,993306,STANDARD,INSTALL,,,1,12,343.99,0,SANTAFE,,
GM 06-UP KIT,993321B,STANDARD,INSTALL,,,1,10.5,34.99,1,SANTA FE,,
GEO MTRO,993410,STANDARD,INSTALL,,,1,6,24.99,1,SANTAFE,,
GEO SUZ,993411,STANDARD,INSTALL,,,1,6,24.99,1,SANTAFE,,
GEO PRZM,993412,STANDARD,INSTALL,,,1,6,24.99,1,SANTAFE,,
GEO PRZM,993413,STANDARD,INSTALL,,,1,6,24.99,0,SANTAFE,,
GRAND PRIX,993527,STANDARD,INSTALL,,,1,8.33,24.99,0,SANTAFE,,
GM KIT,993528,STANDARD,INSTALL,,,1,4,24.99,1,SANTAFE,,
CHEVY 95-2000,993900,STANDARD,INSTALL,,,1,7,24.99,1,SANTAFE,,
FORD MUST,995025,STANDARD,INSTALL,,,1,7,24.99,2,SANTAFE,,
FORD MULT,995510,STANDARD,INSTALL,,,1,7,19.99,1,SANTAFE,,
FORD MULTI,995512,STANDARD,INSTALL,,,1,6,24.99,0,SANTAFE,,
FORD MULTI,995700,STANDARD,INSTALL,,,1,6,24.99,0,SANTAFE,,
FORDVEXP,995801,STANDARD,INSTALL,,,1,8,29.99,1,SANTAFE,,
MERCURY,995803,STANDARD,INSTALL,,,1,7,24.99,0,SANTAFE,,
FORD DD,995805,STANDARD,INSTALL,,,1,7,24.99,3,SANTAFE,,
FORD MULTI,995807,STANDARD,INSTALL,,,1,7,24.99,0,SANTAFE,,
Q,995808,STANDARD,INSTALL,,,1,7,24.99,0,SANTAFE,,
07-08 LINCOLN MKZ KIT,995813,STANDARD,INSTALL,,,1,11.5,34.99,0,SANTA FE,,
FORD FOCUS KIT 2008-UP,995816,STANDARD,INSTALL,,,1,24,79.99,0,SANTA FE,,
FORD FIESTA KIT 2010 UP,995825B,STANDARD,INSTALL,,,1,100,179.99,1,SANTA FE,,
DODGE KIT,996500,STANDARD,INSTALL,,,1,6,24.99,1,,,
DODGE 98-UP SINGLE DIN KIT,996503,STANDARD,INSTALL,,,1,5.85,24.99,3,SANTA FE,,
98 UP INTREP/NEON,996504,STANDARD,INSTALL,,,1,7.92,29.99,0,SANTAFE,,
CHRYSLER PACIFICA,996506,STANDARD,INSTALL,,,1,8.33,24.99,0,SANTAFE,,
DODGE SPRINTER,996509,STANDARD,INSTALL,,,1,17.27,39.99,1,SANTAFE,,
DODGE/CHRYSLER KIT 04 UP,996510,STANDARD,INSTALL,,,1,9.21,34.99,1,SANTA FE,,
CHRYSLER SEB,996511,STANDARD,INSTALL,,,1,10.87,29.99,1,SANTAFE,,
2007-08 MERCEDES SPRINTER KIT,996512,STANDARD,INSTALL,,,1,13.5,44.99,0,SANTA FE,,
CHRYSLER 300 05-07 DD KIT,996516B,STANDARD,INSTALL,,,1,33,79.99,0,SANTA FE,,
DODGE DD KIT 05-07,996519B,STANDARD,INSTALL,,,1,48.76,109.99,1,SANTA FE,,
RAM PROMASTER 14UP,996523,STANDARD,INSTALL,,,1,0,49.99,0,SANTA FE,,
MITSUBISHI,997000,STANDARD,INSTALL,,,1,7,24.99,0,SANTAFE,,
MITS DODE,997001,STANDARD,INSTALL,,,1,7,24.99,1,SANTAFE,,
MITSUB,997006,STANDARD,INSTALL,,,1,7,24.99,0,SANTAFE,,
MITSHU,997007,STANDARD,INSTALL,,,1,7,24.99,1,SANTAFE,,
MITSUBISHI ENDEAVOR 04UP KIT,997009,STANDARD,INSTALL,,,1,8.96,29.99,1,,,
MITSHUB,997010,STANDARD,INSTALL,,,1,7,24.99,1,SANTAFE,,
MITSUBISHI GALANT KIT 04-UP,997012,STANDARD,INSTALL,,,1,12.19,39.99,0,SANTA FE,,
HYUN,997301,STANDARD,INSTALL,,,1,8,24.99,0,SANTAFE,,
HYUN,997305,STANDARD,INSTALL,,,1,7,24.99,1,SANTAFE,,
HYUN,997308,STANDARD,INSTALL,,,1,7,24.99,2,SANTAFE,,
HYUND,997309,STANDARD,INSTALL,,,1,7,24.99,0,SANTAFE,,
HYUND,997310,STANDARD,INSTALL,,,1,7,24.99,2,SANTAFE,,
HYUND,997311,STANDARD,INSTALL,,,1,7,24.99,1,SANTAFE,,
HYUND,997312,STANDARD,INSTALL,,,1,7,24.99,1,SANTAFE,,
HYUND,997313,STANDARD,INSTALL,,,1,7,24.99,1,SANTAFE,,
HYUND,997314,STANDARD,INSTALL,,,1,7,24.99,2,SANTAFE,,
HYUND,997315,STANDARD,INSTALL,,,1,7,24.99,2,SANTAFE,,
HYUND,997318,STANDARD,INSTALL,,,1,7,24.99,1,SANTAFE,,
HYUND,997322,STANDARD,INSTALL,,,1,7,24.99,1,SANTAFE,,
HYUND,997325,STANDARD,INSTALL,,,1,7,24.99,0,SANTAFE,,
HYUND,997326,STANDARD,INSTALL,,,1,7,24.99,0,SANTAFE,,
METRA KIT KIA BORREGO,997334,STANDARD,INSTALL,,,1,17,34.99,1,SANTA FE,,
HYUNDAI DDIN/SDIN,997335S,STANDARD,INSTALL,,,1,22,69.99,0,SANTA FE,,
METRA KIA FORTE KIT,997338B,STANDARD,INSTALL,,,1,19.65,49.99,0,SANTA FE,,
HYUNDAI TUCSON KIT 10-15,997341B,STANDARD,INSTALL,,,1,0,59.99,-1,METRA,,
KIA SPORTAGE KIT 2011UP,997344CH,STANDARD,INSTALL,,,1,18,49.99,1,SANTA FE,,
KIT NISS,997401,STANDARD,INSTALL,,,1,8,24.99,0,SANTAFE,,
KIT NISS,997402,STANDARD,INSTALL,,,1,8,24.99,1,SANTAFE,,
KIT NISS,997403,STANDARD,INSTALL,,,1,9.52,24.99,1,SANTAFE,,
KIT NISS,997406,STANDARD,INSTALL,,,1,38,74.99,0,SANTAFE,,
KIT NISS,997407,STANDARD,INSTALL,,,1,8,24.99,2,SANTAFE,,
NISS KIT,997409,STANDARD,INSTALL,,,1,7,24.99,0,,,
KIT,997410,STANDARD,INSTALL,,,1,8,24.99,1,SANTAFE,,
KIT NISS,997411,STANDARD,INSTALL,,,1,8,24.99,1,SANTAFE,,
KIT NISS,997413,STANDARD,INSTALL,,,1,8,24.99,1,SANTAFE,,
NISSAN SENTRA 2000,997414,STANDARD,INSTALL,,,1,6.67,24.99,1,SANTAFE,,
KIT NISS,997416,STANDARD,INSTALL,,,1,8,24.99,1,SANTAFE,,
KIT NISS,997417,STANDARD,INSTALL,,,1,8,24.99,0,SANTAFE,,
KIT NISS,997418,STANDARD,INSTALL,,,1,7.2,24.99,0,SANTAFE,,
KIT NISSAN,997421,STANDARD,INSTALL,,,1,8,24.99,0,SANTAFE,,
NISSAN FRONTIER KIT,997428G,STANDARD,INSTALL,,,1,12.65,29.99,0,SANTA FE,,
HYUND,997501,STANDARD,INSTALL,,,1,7,24.99,0,SANTAFE,,
MAZDA,997504,STANDARD,INSTALL,,,1,7,24.99,0,SANTAFE,,
MAZDA 04-UP KIT,997504,STANDARD,INSTALL,,,1,15,29.99,1,KENWOOD,,
KIT,997505,STANDARD,INSTALL,,,1,5,24.99,0,SANTA FE,,
KIT MAZDA,997507,STANDARD,INSTALL,,,1,120,199.99,0,SANTAFE,,
NISS,997581,STANDARD,INSTALL,,,1,8,24.99,0,SANTAFE,,
INFINITI I30/35 KIT,997609G,STANDARD,INSTALL,,,1,15,39.99,0,AMERICAN INTERNATIONAL,,
NISSAN VERSA AND NOTE KIT 14UP,997621,STANDARD,INSTALL,,,1,11.33,34.99,0,SANTA FE,,
ACURA RL 99-03 KIT,997806B,STANDARD,INSTALL,,,1,20,49.99,1,SANTA FE,,
MAZDA,997860,STANDARD,INSTALL,,,1,7,24.99,1,SANTAFE,,
KIT,997866,STANDARD,INSTALL,,,1,8,24.99,1,SANTAFE,,
ACURA MDX DD KIT,997866B,STANDARD,INSTALL,,,1,10.88,29.99,1,SANTA FE,,
KIT,997867,STANDARD,INSTALL,,,1,8,24.99,2,SANTAFE,,
KIT,997868,STANDARD,INSTALL,,,1,8,24.99,0,SANTAFE,,
KIT,997873,STANDARD,INSTALL,,,1,8,24.99,0,SANTAFE,,
KIT,997889,STANDARD,INSTALL,,,1,8,24.99,1,SANTAFE,,
KIT HONDA CIVIC,997896,STANDARD,INSTALL,,,1,8,24.99,1,SANTAFE,,
KIT,997950,STANDARD,INSTALL,,,1,5,24.99,2,SANTA FE,,
SUZUKI 06 KIT,997953,STANDARD,INSTALL,,,1,8.67,29.99,0,SANTAFE,,
TOYOTA MULTI,998100,STANDARD,INSTALL,,,1,7,24.99,1,SANTAFE,,
TOYOTA KIT,998101,STANDARD,INSTALL,,,1,4,24.99,2,SANTAFE,,
LEXUS,998151,STANDARD,INSTALL,,,1,7,29.99,1,SANTAFE,,
LEXUS98-03,998152,STANDARD,INSTALL,,,1,7,24.99,0,SANTAFE,,
LEXUS,998153,STANDARD,INSTALL,,,1,7,29.99,2,SANTAFE,,
LEXUS,998154,STANDARD,INSTALL,,,1,7,24.99,1,SANTAFE,,
LEXUS,998155,STANDARD,INSTALL,,,1,7,24.99,0,SANTAFE,,
LEXUS,998156,STANDARD,INSTALL,,,1,7,29.99,1,SANTAFE,,
LEXUS,998157B,STANDARD,INSTALL,,,1,7,29.99,1,SANTAFE,,
LEXUS RX KIT,998159S,STANDARD,INSTALL,,,1,13.5,49.99,0,SANTA FE,,
LEXUS ES350 KIT 07-12,998162G,STANDARD,INSTALL,,,1,15.5,39.99,-1,SANTA FE,,
TOYOTA MULT,998201,STANDARD,INSTALL,,,1,7,24.99,1,SANTAFE,,
TOTOTA MULT,998202,STANDARD,INSTALL,,,1,7,24.99,1,SANTAFE,,
TOYOTA CAM,998203,STANDARD,INSTALL,,,1,7,24.99,0,SANTAFE,,
TOYOTA KIT,998204,STANDARD,INSTALL,,,1,4,24.99,0,SANTAFE,,
TUNDRA,998207,STANDARD,INSTALL,,,1,7,29.99,0,SANTAFE,,
TOYOTA KIT,998209,STANDARD,INSTALL,,,1,5,24.99,1,SANTAFE,,
METRA TOYOTA CAMRY KIT 07-UP,998218,STANDARD,INSTALL,,,1,22,59.99,0,SANTA FE,,
TOYOTA CAMRY 2002 UP KIT,998231,STANDARD,INSTALL,,,1,10.99,39.99,2,SANTA FE,,
TOYOTA DDIN KIT 4RUNNER,998300,STANDARD,INSTALL,,,1,15,34.99,0,SANTA FE,,
KIT MERCEDES,998712,STANDARD,INSTALL,,,1,8,29.99,0,SANTAFE,,
MERCEDES GL 07-12 KIT,998723B,STANDARD,INSTALL,,,1,0,39.99,1,SANTA FE,,
KIT DEAWOO,998800,STANDARD,INSTALL,,,1,8,24.99,2,SANTAFE,,
KIT SUBARU,998900,STANDARD,INSTALL,,,1,8,24.99,2,SANTAFE,,
KIT,998902,STANDARD,INSTALL,,,1,0,19.99,0,SANTE FE,,
98 AND UP VW BEETLE KIT,999008,STANDARD,INSTALL,,,1,9.21,29.99,1,SANTA FE,,
KIT AUDI 96-06,999100,STANDARD,INSTALL,,,1,8,24.99,3,SANTAFE,,
KIT AUDI,999104,STANDARD,INSTALL,,,1,8,24.99,1,SANTAFE,,
KIT,999105,STANDARD,INSTALL,,,1,8,24.99,1,SANTAFE,,
AUDI 2002 UP KIT,999107B,STANDARD,INSTALL,,,1,19,59.99,0,SANTA FE,,
KIT VW,999123,STANDARD,INSTALL,,,1,8,29.99,1,SANTAFE,,
KIT VOLVO,999213,STANDARD,INSTALL,,,1,8,29.99,2,SANTAFE,,
KIT VOLVO/VW,999222,STANDARD,INSTALL,,,1,8,29.99,3,SANTAFE,,
KIT MINI,999302,STANDARD,INSTALL,,,1,8,24.99,1,SANTAFE,,
BMW,999303,STANDARD,INSTALL,,,1,8,29.99,1,SANTAFE,,
KIT,999305,STANDARD,INSTALL,,,1,8,29.99,2,SANTAFE,,
04 BOXSTER CAYMAN KIT,999606G,STANDARD,INSTALL,,,1,13.2,39.99,0,SANTA FE,,
DOUBLE DIN UNIVERSAL,999999,STANDARD,INSTALL,,,1,4,19.99,1,SANTAFE,,
FACTORY USB ADAPTOR,ACCUSB1,STANDARD,INSTALL,,,1,8,24.99,0,SANTA FE,,
MAESTRO RR,ADSMRR,STANDARD,INSTALL,,,1,100,199.99,1,AMERICAN INTERNATIONAL,,
MAESTRO SW INTERFACE,ADSMSW,STANDARD,INSTALL,,,1,35,99.99,2,SANTA FE,,
MAZDA REMOTE START HARNESS,ADSTHRMA3,STANDARD,INSTALL,,,1,35,69.99,0,AUDIOVOX,,
FUSE,AGU,STANDARD,INSTALL,,,1,0.25,4.99,-6,WHOLESALE HOUSE,,
DS18 4 GAUGE KIT,AMPKIT4,STANDARD,INSTALL,,,1,30,79.99,1,DS18,,
DS18 8 GUAGE AMP KIT,AMPKIT8,STANDARD,INSTALL,,,1,20,49.99,5,KENWOOD,,
ANL 100A FUSE,ANL100S,STANDARD,INSTALL,,,1,2.34,9.99,-2,AMERICAN INTERNATIONAL,,
ANL FUSE 150 AMP,ANL150S,STANDARD,INSTALL,,,1,2.35,9.99,-1,AMERICAN INTERNATIONAL,,
ANL 200 AMP FUSE,ANL200S,STANDARD,INSTALL,,,1,2.34,9.99,6,AMERICAN INTERNATIONAL,,
ANL 250A FUSE,ANL250S,STANDARD,INSTALL,,,1,2.34,9.99,1,AMERICAN INTERNATIONAL,,
ANL 300A FUSE,ANL300S,STANDARD,INSTALL,,,1,1.64,9.99,3,AMERICAN INTERNATIONAL,,
PAC CHRY DODGE INTERFACE,AP4CH21,STANDARD,INSTALL,,,1,173.21,399.99,1,AAMP,,
FORD AMP BYPASS HARNESS,APHFD01,STANDARD,INSTALL,,,1,37.15,79.99,1,AMERICAN INTERNATIONAL,,
STEERING WEEL CONTR,ASWC,STANDARD,INSTALL,,,1,54.82,99.99,2,SANTFE,,
AUDI A4 2002-08 KIT,AUDK613,STANDARD,INSTALL,,,1,24.63,59.99,2,AMERICAN INTERNATIONAL,,
GM HARNESS RCA 14 AND UP,AXBUCHGM3,STANDARD,INSTALL,,,1,5.94,19.99,0,SANTA FE,,
TOYOTA RVC CAM HARNESS 14UP,AXBUCHT36V,STANDARD,INSTALL,,,1,23.19,49.99,0,SANTA FE,,
NISSAN BACKUP CAMERA RETENTION,AXBUCSNI246V,STANDARD,INSTALL,,,1,18,39.99,0,SANTA FE,,
NISSAN SWC HARNESS,AXBUCSNI326V,STANDARD,INSTALL,,,1,21.71,69.99,1,SANTA FE,,
04-09 PORSCHE HARNESS,AXDIP04,STANDARD,INSTALL,,,1,237.98,499.99,0,SANTA FE,,
GM INTERFACE 2000-13,AXDISCL2,STANDARD,INSTALL,,,1,93.23,199.99,1,SANTA FE,,
FORD INTERFACE W/SWC HARNESS,AXDISFD1,STANDARD,INSTALL,,,1,108.55,199.99,1,SANTA FE,,
GM INTERFACE 2006-19 WITH SWC,AXDISGMLN29,STANDARD,INSTALL,,,1,107.1,219.99,2,SANTA FE,,
AXDISGMLN44,AXDISGMLN44,STANDARD,INSTALL,,,1,0,199.99,0,METRA,,
HYUNDAI TUSCON AMP HARNESS,AXDISHK4,STANDARD,INSTALL,,,1,0,299.99,-1,METRA,,
TOYOTO HARNES + SWC 02-12,AXDISTY1,STANDARD,INSTALL,,,1,82,179.99,0,SANTA FE,,
GM MOST AMP INTERFACE,AXGMMT02,STANDARD,INSTALL,,,1,280,499.99,-1,SANTA FE,,
2CH RCA LEVEL CONT,AXLLC,STANDARD,INSTALL,,,1,8.23,29.99,4,METRA,,
GM HARNESS,AXRCGM1,STANDARD,INSTALL,,,1,38.31,69.99,0,SANTA FE,,
GM INTERFACE 06-19,AXRCGMLN1,STANDARD,INSTALL,,,1,38.31,89.99,2,SANTA FE,,
CHRYSLER/DODGE 04-19 DATA HARN,AXTCCH13,STANDARD,INSTALL,,,1,109.3,229.99,2,METRA,,
GM 12-16 SWC/DATA INTERFACE,AXTCLN44,STANDARD,INSTALL,,,1,92.25,219.99,1,METRA,,
FORD INTERFACE HARNESS 11-UP,AXVI5524,STANDARD,INSTALL,,,1,41.89,79.99,1,SANTA FE,,
BEST KITS CHRYSLER ANTENNA ADA,BAA20,STANDARD,INSTALL,,,1,3.78,19.99,2,AMERICAN INTERNATIONAL,,
BEST KITS EURO ANTENNA ADAP,BAA22,STANDARD,INSTALL,,,1,3.13,19.99,12,AMERICAN INTERNATIONAL,,
NISSAN ANTENNA ADAP,BAA36,STANDARD,INSTALL,,,1,4.5,19.99,0,AMERICAN INTERNATIONAL,,
BEST KITS KIA ANTENNA APAD,BAA40,STANDARD,INSTALL,,,1,6.12,19.99,2,AMERICAN INTERNATIONAL,,
HONDA ANTENNA ADAP,BAA42,STANDARD,INSTALL,,,1,4.5,19.99,3,AMERICAN INTERNATIONAL,,
LEXUS ANTENNA ADAP,BAA44,STANDARD,INSTALL,,,1,6.49,19.99,6,AMERICAN INTERNATIONAL,,
BEST ANTENNA ADAP GM,BAA4B,STANDARD,INSTALL,,,1,2.06,19.99,-3,AMERICAN INTERNATIONAL,,
BEST KITS EUERO ANTENNA ADAP,BAA7,STANDARD,INSTALL,,,1,4.27,19.99,1,AMERICAN INTERNATIONAL,,
NISSAN ANTENNA ADAP,BAA9,STANDARD,INSTALL,,,1,2.9,19.99,0,AMERICAN INTERNATIONAL,,
MALE TO MALE ANTENNA,BAAMM,STANDARD,INSTALL,,,1,2.09,19.99,2,AMERICAN INTERNATIONAL,,
PAC BASS BLOCKER 0-600HRZ,BB2PR,STANDARD,INSTALL,,,1,7.52,19.99,2,AMERICAN INTERNATIONAL,,
PAC BASS BLOCKER 0-800HZ,BB3PR,STANDARD,INSTALL,,,1,7.52,19.99,3,AMERICAN INTERNATIONAL,,
PAC BASS BLOCKER 1.2K,BB4PR,STANDARD,INSTALL,,,1,7.52,19.99,4,AMERICAN INTERNATIONAL,,
BASS BLOCKER 2.8K,BB5PR,STANDARD,INSTALL,,,1,7.52,19.99,1,AMERICAN INTERNATIONAL,,
PAC BASS BLOCKER,BB6PR,STANDARD,INSTALL,,,1,7.52,19.99,2,AMERICAN INTERNATIONAL,,
BOSS ELITE 1500 WATT MANO AMP,BE15001,STANDARD,INSTALL,,,1,55.99,129.99,0,SANTA FE,,
A/V AUDIO VIDEO CABLE 17FT,BGAV17,STANDARD,INSTALL,,,1,6.7,24.99,2,AMERICAN INTERNATIONAL,,
BEST KITS HYUNDAI HARNESS,BHA1004,STANDARD,INSTALL,,,1,2,24.99,3,AMERICAN INTERNATIONAL,,
BEST HARNESS HONDA 86-98,BHA1720,STANDARD,INSTALL,,,1,1.35,24.99,5,AMERICAN INTERNATIONAL,,
BEST KITS HONDA 98-UP HARNESS,BHA1721,STANDARD,INSTALL,,,1,3.14,24.99,6,AMERICAN INTERNATIONAL,,
HONDA 06-08 HARNESS,BHA1722,STANDARD,INSTALL,,,1,2.85,24.99,1,AMERICAN INTERNATIONAL,,
HONDA 08-UP HARNESS,BHA1729,STANDARD,INSTALL,,,1,2.85,24.99,4,AMERICAN INTERNATIONAL,,
HONDA WIRRING HARNESS,BHA1730,STANDARD,INSTALL,,,1,4.5,24.99,2,AMERICAN INTERNATIONAL,,
TOYOTA HARNESS,BHA1761,STANDARD,INSTALL,,,1,1.93,24.99,5,AMERICAN INTERNATIONAL,,
FORD AI HARNESS,BHA1770,STANDARD,INSTALL,,,1,0.99,24.99,2,WHOLESALE HOUSE,,
BEST KITS FORD HARNESS,BHA1771,STANDARD,INSTALL,,,1,2.23,24.99,9,AMERICAN INTERNATIONAL,,
BEST KITS EURO HARNESS,BHA1784,STANDARD,INSTALL,,,1,3.14,24.99,2,AMERICAN INTERNATIONAL,,
AUDI HARNESS,BHA1787,STANDARD,INSTALL,,,1,7,24.99,0,AMERICAN INTERNATIONAL,,
DODGE/ CHRYSLER 84-02 HARNESS,BHA1817,STANDARD,INSTALL,,,1,0.99,24.99,1,AMERICAN INTERNATIONAL,,
BEST HARNESS,BHA1818,STANDARD,INSTALL,,,1,2.69,24.99,-1,AMERICAN INTERNATIONAL,,
BEST HARNESS GM 88-05,BHA1858,STANDARD,INSTALL,,,1,1.97,24.99,0,AMERICAN INTERNATIONAL,,
BEST HARNESS GM 94-UP,BHA2001,STANDARD,INSTALL,,,1,4.32,29.99,2,AMERICAN INTERNATIONAL,,
BEST KITS GM 32PIN HARNESS,BHA2001R,STANDARD,INSTALL,,,1,3.89,29.99,1,AMERICAN INTERNATIONAL,,
BEST KITS HARNESS GM,BHA2002,STANDARD,INSTALL,,,1,2,24.99,1,AMERICAN INTERNATIONAL,,
BEST HARNESS GM 00-UP,BHA2003,STANDARD,INSTALL,,,1,2.09,24.99,9,AMERICAN INTERNATIONAL,,
GM MALIBU HARNESS 04-UP,BHA2102,STANDARD,INSTALL,,,1,2.85,24.99,3,AMERICAN INTERNATIONAL,,
BEST HARNESS GM 07-UP,BHA2105,STANDARD,INSTALL,,,1,1.68,24.99,6,AMERICAN INTERNATIONAL,,
BEST HARNESS FORD PREMIUM 89-U,BHA5511,STANDARD,INSTALL,,,1,0.99,15.99,1,AMERICAN INTERNATIONAL,,
BEST KITS FORD PREMIUM HARNES,BHA5700R,STANDARD,INSTALL,,,1,3.59,24.99,4,AMERICAN INTERNATIONAL,,
FORD /LINCOLN 03-UP,BHA5800,STANDARD,INSTALL,,,1,2.69,15.99,0,AMERICAN INTERNATIONAL,,
BEST KITS FORD AMP HARNESS,BHA5800R,STANDARD,INSTALL,,,1,4.49,24.99,3,AMERICAN INTERNATIONAL,,
AI MITSUBISHI 92-UP HARNESS,BHA7001,STANDARD,INSTALL,,,1,2.85,19.99,8,AMERICAN INTERNATIONAL,,
BEST HARNESS MITSUBISHI 08-UP,BHA7005,STANDARD,INSTALL,,,1,3.89,19.99,4,AMERICAN INTERNATIONAL,,
BEST HARNESS HYUNDAI 99-UP,BHA7301,STANDARD,INSTALL,,,1,3.26,19.99,2,AMERICAN INTERNATIONAL,,
BEST KITS HYUNDAI HARNESS,BHA7302,STANDARD,INSTALL,,,1,3.5,19.99,2,AMERICAN INTERNATIONAL,,
BEST KITS HARNESS HYUNDAI,BHA7303,STANDARD,INSTALL,,,1,2.19,19.99,2,AMERICAN INTERNATIONAL,,
HYUNDAI HARNESS 10-15,BHA7304,STANDARD,INSTALL,,,1,4.94,24.99,2,AMERICAN INTERNATIONAL,,
BEST KITS NISSAN 95-UP HARNESS,BHA7550,STANDARD,INSTALL,,,1,2,24.99,4,AMERICAN INTERNATIONAL,,
NISSAN AMP HARNESS,BHA7551,STANDARD,INSTALL,,,1,1.88,24.99,0,AMERICAN INTERNATIONAL,,
NISSAN HARNESS 08-UP,BHA7552,STANDARD,INSTALL,,,1,1.65,24.99,9,AMERICAN INTERNATIONAL,,
NISSIAN AMP HARNESS,BHA7553,STANDARD,INSTALL,,,1,5,24.99,0,AMERICAN INTERNATIONAL,,
MAZDA HARNESS 01-UP,BHA7902,STANDARD,INSTALL,,,1,2,19.99,1,AMERICAN INTERNATIONAL,,
BEST KITS LEXUS HARNESS PREM,BHA8110,STANDARD,INSTALL,,,1,2.7,19.99,3,AMERICAN INTERNATIONAL,,
TOYOTA AMP HARNESS,BHA8112,STANDARD,INSTALL,,,1,4.66,29.99,2,AMERICAN INTERNATIONAL,,
TOYOTA AMP HARNESS,BHA8113,STANDARD,INSTALL,,,1,4.94,29.99,2,AMERICAN INTERNATIONAL,,
BEST HARNESS BMW 90-UP,BHA8590,STANDARD,INSTALL,,,1,2.69,19.99,1,AMERICAN INTERNATIONAL,,
BEST KITS BMW 02-UP,BHA9003,STANDARD,INSTALL,,,1,2.69,19.99,0,AMERICAN INTERNATIONAL,,
KENWOOD 16 PIN HARNESS,BHKEN16,STANDARD,INSTALL,,,1,1.95,19.99,0,AMERICAN INTERNATIONAL,,
PIONEER 16 PIN HARNESS,BHPIO16D,STANDARD,INSTALL,,,1,2.39,19.99,1,AMERICAN INTERNATIONAL,,
SONY 16 PIN HARNESS,BHSON16,STANDARD,INSTALL,,,1,2,19.99,0,AMERICAN INTERNATIONAL,,
BEST KITS ACURA DD KIT,BKACUK862,STANDARD,INSTALL,,,1,4.7,24.99,1,AMERICAN INTERNATIONAL,,
BEST KITS ACURA CL/TL KIT,BKACUK866,STANDARD,INSTALL,,,1,5.9,24.99,1,AMERICAN INTERNATIONAL,,
AUDI A4/S4 02-08 SINGLE/DD KIT,BKAU2,STANDARD,INSTALL,,,1,15.74,39.99,0,AMERICAN INTERNATIONAL,,
CHRYSLER 300 05-07 KIT,BKCDK637B,STANDARD,INSTALL,,,1,36,79.99,1,AMERICAN INTERNATIONAL,,
BEST KITS DODGE 98-06,BKCDK640,STANDARD,INSTALL,,,1,3.59,29.99,4,AMERICAN INTERNATIONAL,,
DODGE RAM 1500 DD KIT,BKCDK641,STANDARD,INSTALL,,,1,22.5,59.99,0,AMERICAN INTERNATIONAL,,
BEST KITS DODGE 08-UP,BKCDK644,STANDARD,INSTALL,,,1,4.79,29.99,3,AMERICAN INTERNATIONAL,,
BEST KIT DODGE 04-UP POCKET,BKCDK648,STANDARD,INSTALL,,,1,8.91,29.99,2,AMERICAN INTERNATIONAL,,
DODGE 04-08 KIT,BKCDK649,STANDARD,INSTALL,,,1,8.91,34.99,2,AMERICAN INTERNATIONAL,,
AI DODGE KIT,BKCDK650,STANDARD,INSTALL,,,1,6,29.99,0,AMERICAN INTERNATIONAL,,
DODGE RAM DD KIT 06-08,BKCDK651,STANDARD,INSTALL,,,1,10.5,39.99,0,AMERICAN INTERNATIONAL,,
BEST KITS JEEP DD KIT,BKCDK652,STANDARD,INSTALL,,,1,4.5,29.99,1,AMERICAN INTERNATIONAL,,
BEST KITS DODGE DD KIT,BKCDK654,STANDARD,INSTALL,,,1,7,29.99,1,AMERICAN INTERNATIONAL,,
DODGE JEEP DDIN KIT 2004-10,BKCDK660,STANDARD,INSTALL,,,1,20.99,59.99,1,AMERICAN INTERNATIONAL,,
BEST KITS CHRYSLER PACIFICA K,BKCRK646,STANDARD,INSTALL,,,1,4.5,29.99,0,AMERICAN INTERNATIONAL,,
DODGE AI KIT,BKDK642,STANDARD,INSTALL,,,1,3.55,29.99,3,AI,,
BEST KITS 1/2 TRIM,BKDTR500,STANDARD,INSTALL,,,1,0.89,9.99,3,AMERICAN INTERNATIONAL,,
BEST KITS TRIM RINGS,BKDTR600,STANDARD,INSTALL,,,1,2.09,14.99,2,AMERICAN INTERNATIONAL,,
FORD MUSTANG KIT 87-93,BKFMK505,STANDARD,INSTALL,,,1,4.4,24.99,0,AMERICAN INTERNATIONAL,,
FORD F150 09-14 KIT,BKFMK526,STANDARD,INSTALL,,,1,17.53,69.99,3,,,
BEST KITS FORD F150 KIT DD,BKFMK527,STANDARD,INSTALL,,,1,8.99,34.99,0,AMERICAN INTERNATIONAL,,
BEST KITS FORD ESCAPE KIT,BKFMK531,STANDARD,INSTALL,,,1,11.4,39.99,2,AMERICAN INTERNATIONAL,,
FORD DD KIT,BKFMK542,STANDARD,INSTALL,,,1,7.14,29.99,1,AMERICAN INTERNATIONAL,,
FORD AI KIT,BKFMK547,STANDARD,INSTALL,,,1,6.04,24.99,4,WHOLESALE HOUSE,,
BEST KITS FORD 95-UP KIT,BKFMK550,STANDARD,INSTALL,,,1,8.08,29.99,-2,AMERICAN INTERNATIONAL,,
BEST KITS FORD DD KIT,BKFMK552,STANDARD,INSTALL,,,1,6.04,29.99,-1,AMERICAN INTERNATIONAL,,
AI FORD DD KIT,BKFMK554,STANDARD,INSTALL,,,1,8.01,29.99,4,WHOLESALE HOUSE,,
2010 FORD TRANSIT KIT,BKFMK559,STANDARD,INSTALL,,,1,7.5,29.99,2,AMERICAN INTERNATIONAL,,
BEST KITS FORD FOCUS KIT,BKFMK565,STANDARD,INSTALL,,,1,4.49,24.99,1,AMERICAN INTERNATIONAL,,
FORD FOCUS DD KIT,BKFMK566,STANDARD,INSTALL,,,1,4,19.99,2,AMERICAN INTERNATIONAL,,
FORD FOCUS KIT 2008-10,BKFMK568,STANDARD,INSTALL,,,1,25,79.99,1,AMERICAN INTERNATIONAL,,
FORD ESCORT AI KIT,BKFMK570,STANDARD,INSTALL,,,1,39,79.99,2,WHOLESALE HOUSE,,
FORD TAURUS AI KIT,BKFMK574,STANDARD,INSTALL,,,1,39,99.99,0,WHOLESALE HOUSE,,
FORD TAURUS AI 00-UP KIT,BKFMK578,STANDARD,INSTALL,,,1,39,99.99,1,WHOLESALE HOUSE,,
BEST KITS GM 92-03,BKGM3320B,STANDARD,INSTALL,,,1,2.63,24.99,0,AMERICAN INTERNATIONAL,,
GM BEST KIT 82-UP,BKGM4,STANDARD,INSTALL,,,1,8.64,29.99,2,AMERICAN INTERNATIONAL,,
BEST KITS CADILLAC CTS KIT,BKGMK236,STANDARD,INSTALL,,,1,9,39.99,1,AMERICAN INTERNATIONAL,,
BEST KITS CADILLAC 96-04 KIT,BKGMK262,STANDARD,INSTALL,,,1,13.84,39.99,1,AMERICAN INTERNATIONAL,,
BEST KITS CAPRICE KIT,BKGMK305,STANDARD,INSTALL,,,1,6.5,24.99,0,AMERICAN INTERNATIONAL,,
CHEVY SONIC 12-16,BKGMK315B,STANDARD,INSTALL,,,1,25.1,69.99,0,AMERICAN INTERNATIONAL,,
BEST KITS GM KIT 06-UP,BKGMK317,STANDARD,INSTALL,,,1,9.44,34.99,3,AMERICAN INTERNATIONAL,,
BEST KITS GM PONTIAC 93-02 KIT,BKGMK320,STANDARD,INSTALL,,,1,2.6,24.99,0,AMERICAN INTERNATIONAL,,
GM KIT,BKGMK323P,STANDARD,INSTALL,,,1,6,29.99,0,WHOLESALE HOUSE,,
BEST KIT CAMARO KIT,BKGMK323P,STANDARD,INSTALL,,,1,3.45,29.99,2,AMERICAN INTERNATIONAL,,
BEST KIT GM 14-UP,BKGMK325BM,STANDARD,INSTALL,,,1,16,39.99,1,AMERICAN INTERNATIONAL,,
BEST KITS GM TRUCK KIT,BKGMK333,STANDARD,INSTALL,,,1,5.99,34.99,1,AMERICAN INTERNATIONAL,,
BEST KITS GM 94-97,BKGMK334,STANDARD,INSTALL,,,1,3.59,29.99,2,AMERICAN INTERNATIONAL,,
BEST KITS DD GM KIT,BKGMK343,STANDARD,INSTALL,,,1,6,29.99,0,AMERICAN INTERNATIONAL,,
GM AI KIT,BKGMK345,STANDARD,INSTALL,,,1,8.39,29.99,2,WHOLESALE HOUSE,,
GM 99-02 DD DASH KIT,BKGMK346TB,STANDARD,INSTALL,,,1,85,199.99,1,AMERICAN INTERNATIONAL,,
GM AI KIT 04-UP,BKGMK350,STANDARD,INSTALL,,,1,8.91,34.99,5,WHOLESALE HOUSE,,
BEST KITS DD KIT,BKGMK351,STANDARD,INSTALL,,,1,5.3,29.99,0,AMERICAN INTERNATIONAL,,
AI GM DD KIT,BKGMK352,STANDARD,INSTALL,,,1,7.85,29.99,4,WHOLESALE HOUSE,,
BEST KITS CHEVY CRUZE KIT,BKGMK367B,STANDARD,INSTALL,,,1,22.5,69.99,1,AMERICAN INTERNATIONAL,,
GM AI KIT 05-UP,BKGMK380,STANDARD,INSTALL,,,1,6.04,29.99,0,WHOLESALE HOUSE,,
BEST KITS GM KIT 05-UP,BKGMK382,STANDARD,INSTALL,,,1,3.89,29.99,0,AMERICAN INTERNATIONAL,,
PONTIAC GRAND PRIX 04-06,BKGMK394,STANDARD,INSTALL,,,1,4.49,29.99,0,AMERICAN INTERNATIONAL,,
BEST KITS GRAND PRIX DD KIT,BKGMK395,STANDARD,INSTALL,,,1,4.49,29.99,1,AMERICAN INTERNATIONAL,,
BEST KITS SATURN KIT,BKGMK412Q,STANDARD,INSTALL,,,1,4.79,29.99,0,AMERICAN INTERNATIONAL,,
BEST KIT GM UNIVERSAL 92-UP,BKGMK420,STANDARD,INSTALL,,,1,8.55,34.99,5,AMERICAN INTERNATIONAL,,
GM AI KIT 92-03,BKGMK422,STANDARD,INSTALL,,,1,6.67,29.99,10,WHOLESALE HOUSE,,
GM 82-UP KIT,BKGMK432,STANDARD,INSTALL,,,1,4,24.99,0,WHOLESALE HOUSE,,
AI GM KIT 2000'S,BKGMK434,STANDARD,INSTALL,,,1,3.62,24.99,0,WHOLESALE HOUSE,,
BEST KITS GM UNIVERSAL 92-UP,BKGMK434,STANDARD,INSTALL,,,1,4.49,24.99,1,AMERICAN INTERNATIONAL,,
BEST KITS GM 82-UP W/POCKET,BKGMK440,STANDARD,INSTALL,,,1,9.44,34.99,2,AMERICAN INTERNATIONAL,,
GM POCKET,BKGMP333,STANDARD,INSTALL,,,1,3,14.99,1,AMERICAN INTERNATIONAL,,
BEST KITS 88-94 GM TRUCK KIT,BKGMT333,STANDARD,INSTALL,,,1,3.6,24.99,1,AMERICAN INTERNATIONAL,,
HONDA CIVIC 96-98 KIT,BKHONK808,STANDARD,INSTALL,,,1,2.7,19.99,0,AMERICAN INTERNATIONAL,,
AI HONDA CIVIC KIT,BKHONK809,STANDARD,INSTALL,,,1,7.34,29.99,2,WHOLESALE HOUSE,,
BEST KITS HONDA DD KIT,BKHONK810,STANDARD,INSTALL,,,1,6.47,29.99,1,AMERICAN INTERNATIONAL,,
BEST KITS HONDA CRV KIT,BKHONK817,STANDARD,INSTALL,,,1,7,29.99,2,AMERICAN INTERNATIONAL,,
BEST KITS HONDA KIT 03-07,BKHONK823H,STANDARD,INSTALL,,,1,8.99,39.99,3,AMERICAN INTERNATIONAL,,
HONDA ACCORD 03-07 DD KIT,BKHONK825H,STANDARD,INSTALL,,,1,13.2,49.99,0,AMERICAN INTERNATIONAL,,
BEST KITS HONDA KIT 86-UP,BKHONK828,STANDARD,INSTALL,,,1,8.57,29.99,4,AMERICAN INTERNATIONAL,,
AI HONDA/ACURA KIT,BKHONK830,STANDARD,INSTALL,,,1,8.64,29.99,3,WHOLESALE HOUSE,,
HONDA DD KIT,BKHONK831,STANDARD,INSTALL,,,1,5,24.99,1,AMERICAN INTERNATIONAL,,
AI HONDA ODYSSEY INSTALL KIT,BKHONK835,STANDARD,INSTALL,,,1,8.5,29.99,2,WHOLESALE HOUSE,,
HONDA CIVIC KIT 2012-UP,BKHONK837,STANDARD,INSTALL,,,1,16,49.99,2,AMERICAN INTERNATIONAL,,
HONDA CIVIC 2006-11 KIT,BKHONK838D,STANDARD,INSTALL,,,1,22,49.99,1,AMERICAN INTERNATIONAL,,
HARLEY SPEAKER ADAP,BKHSB200,STANDARD,INSTALL,,,1,8,29.99,2,AMERICAN INTERNATIONAL,,
HYUNDAI 01-UP KIT,BKHYNK1118,STANDARD,INSTALL,,,1,6,29.99,0,AMERICAN INTERNATIONAL,,
BEST KITS HYUNDAI SONATA KIT,BKHYNK1122,STANDARD,INSTALL,,,1,12.05,34.99,2,AMERICAN INTERNATIONAL,,
HYUANDI SONATA KIT,BKHYNK1136,STANDARD,INSTALL,,,1,5.7,29.99,4,AMERICAN INTERNATIONAL,,
HYUNDAI SONTA KIT DD,BKHYNK1137,STANDARD,INSTALL,,,1,7,29.99,2,AMERICAN INTERNATIONAL,,
HAUNDAI SONATA 09-10 KIT,BKHYNK1138,STANDARD,INSTALL,,,1,5.03,29.99,2,AMERICAN INTERNATIONAL,,
HYUNDAI 11-13 ELANTRA,BKHYNK1144,STANDARD,INSTALL,,,1,19.04,59.99,0,AMERICAN INTERNATIONAL,,
KIA OPTIMA KIT,BKKIAK1239,STANDARD,INSTALL,,,1,12,39.99,0,AMERICAN INTERNATIONAL,,
AI KIA DD KIT,BKKIAK1242,STANDARD,INSTALL,,,1,4.49,29.99,0,AMERICAN INTERNATIONAL,,
BEST KITS LINCOLN LS KIT,BKLLSK580,STANDARD,INSTALL,,,1,4.49,24.99,2,AMERICAN INTERNATIONAL,,
BEST KITS LINCOLN LS DD KIT,BKLLSK582,STANDARD,INSTALL,,,1,4.79,24.99,0,AMERICAN INTERNATIONAL,,
BEST KITS LEXUS ES300 92-96,BKLXSK1300,STANDARD,INSTALL,,,1,6,29.99,1,AMERICAN INTERNATIONAL,,
BEST KITS LEXUS GS 98-03,BKLXSK1315,STANDARD,INSTALL,,,1,5,39.99,3,AMERICAN INTERNATIONAL,,
MAZDA 3 04-09 KIT,BKMAZK843,STANDARD,INSTALL,,,1,6.29,29.99,0,AMERICAN INTERNATIONAL,,
BEST KITS MAZDA 6 09-12 KIT,BKMAZK860,STANDARD,INSTALL,,,1,12,39.99,0,AMERICAN INTERNATIONAL,,
MERCEDES C CLASS KIT,BKMBK100C,STANDARD,INSTALL,,,1,8,29.99,1,AMERICAN INTERNATIONAL,,
AI MERCEDES E DD KIT,BKMBK125E,STANDARD,INSTALL,,,1,11.99,34.99,1,AMERICAN INTERNATIONAL,,
BEST KITS MITSUBISHI LACER,BKMITK894,STANDARD,INSTALL,,,1,19,49.99,1,AMERICAN INTERNATIONAL,,
FORD DD AI KIT,BKMK542,STANDARD,INSTALL,,,1,6.04,24.99,8,WHOLESALE HOUSE,,
BEST KITS NISSAN ALTIMA DD,BKNDK705,STANDARD,INSTALL,,,1,5.99,24.99,-1,AMERICAN INTERNATIONAL,,
NISSAN SENTRA KIT,BKNDK714,STANDARD,INSTALL,,,1,4.5,24.99,0,AMERICAN INTERNATIONAL,,
NISSAN ALTIMA KIT 02-04,BKNDK716,STANDARD,INSTALL,,,1,4.5,24.99,2,AMERICAN INTERNATIONAL,,
NISSAN SENTRA KIT 07-UP,BKNDK724,STANDARD,INSTALL,,,1,4.5,24.99,1,AMERICAN INTERNATIONAL,,
BEST KITS NISSAN SENTRA DD TR,BKNDK725,STANDARD,INSTALL,,,1,3.89,19.99,1,AMERICAN INTERNATIONAL,,
BEST KITS 05-06 NISSAN ALTIMA,BKNDK726,STANDARD,INSTALL,,,1,5.39,24.99,1,AMERICAN INTERNATIONAL,,
NISSAN ALTIMA 07-12 KIT,BKNDK728,STANDARD,INSTALL,,,1,19.9,49.99,1,SANTA FE,,
BEST KITS NISSAN TITAN ARMADA,BKNDK7312,STANDARD,INSTALL,,,1,14,34.99,0,AMERICAN INTERNATIONAL,,
NISSAN VERSA 07-UP,BKNDK736,STANDARD,INSTALL,,,1,4.49,24.99,1,AMERICAN INTERNATIONAL,,
BEST KITS NISSAN ALTIMA 13-UP,BKNDK738CG,STANDARD,INSTALL,,,1,13,39.99,3,AMERICAN INTERNATIONAL,,
NISSAN 350Z KIT 03-05,BKNDK742,STANDARD,INSTALL,,,1,6,24.99,1,AMERICAN INTERNATIONAL,,
BEST KITS NISSAN KIT 350Z,BKNDK744,STANDARD,INSTALL,,,1,5.9,24.99,1,AMERICAN INTERNATIONAL,,
AI NISSAN 350Z DD KIT,BKNDK744,STANDARD,INSTALL,,,1,5.99,29.99,0,AMERICAN INTERNATIONAL,,
NISSAN BEST KIT DD,BKNDK786,STANDARD,INSTALL,,,1,6,24.99,1,AMERICAN INTERNATIONAL,,
PIONEER 16PIN HARNESS,BKPIO16C,STANDARD,INSTALL,,,1,1.95,19.99,0,AMERICAN INTERNATIONAL,,
BEST KITS SUBARU KIT,BKSBK927,STANDARD,INSTALL,,,1,7.49,29.99,1,AMERICAN INTERNATIONAL,,
BEST KITS 6X9 ADAP,BKSG690DX,STANDARD,INSTALL,,,1,4.2,24.99,0,AMERICAN INTERNATIONAL,,
BEST KITS SPACER,BKSR1,STANDARD,INSTALL,,,1,0.75,5.99,6,AMERICAN INTERNATIONAL,,
BEST KITS TOYOTA SOLARA KIT,BKTA2087B,STANDARD,INSTALL,,,1,10,29.99,1,AMERICAN INTERNATIONAL,,
TOYOTA PRIUS 2016-19 KIT,BKTOYK932GB,STANDARD,INSTALL,,,1,12.59,49.99,1,AMERICAN INTERNATIONAL,,
TOYOTA COROLLA 09-13 KIT,BKTOYK949G,STANDARD,INSTALL,,,1,15.21,39.99,3,AMERICAN INTERNATIONAL,,
BEST KITS TOYOTA COROLLA KIT,BKTOYK960,STANDARD,INSTALL,,,1,4.49,24.99,-1,AMERICAN INTERNATIONAL,,
TOYOTA TUNDRA GLOSS BLACK KIT,BKTOYK967GB,STANDARD,INSTALL,,,1,26.76,69.99,2,AMERICAN INTERNATIONAL,,
TOYOTA TACOMA KIT 05-11,BKTOYK972S,STANDARD,INSTALL,,,1,17,49.99,2,AMERICAN INTERNATIONAL,,
TOYOTA CAMRY 07-11 KIT,BKTOYK983S,STANDARD,INSTALL,,,1,15.14,49.99,1,AMERICAN INTERNATIONAL,,
BEST KITS TOYOTA SIENNA DD KIT,BKTOYK984,STANDARD,INSTALL,,,1,6.5,29.99,2,AMERICAN INTERNATIONAL,,
BEST KIT TOYOTA MATRIX,BKTOYK987,STANDARD,INSTALL,,,1,6,24.99,1,AMERICAN INTERNATIONAL,,
TOYOTA HIGHLANDER KIT 14-16,BKTOYK990,STANDARD,INSTALL,,,1,23.06,69.99,2,SANTA FE,,
BEST KITS SCION KIT,BKTOYK996,STANDARD,INSTALL,,,1,4.49,29.99,1,AMERICAN INTERNATIONAL,,
BEST KITS TOYOTA DD KIT,BKTTR992,STANDARD,INSTALL,,,1,2.99,29.99,1,AMERICAN INTERNATIONAL,,
TOYOTA/SCION 2000-17 DDIN KIT,BKTTR998,STANDARD,INSTALL,,,1,11.53,34.99,1,AMERICAN INTERNATIONAL,,
BEST KITS UNDER DASH MOUNT,BKTVC104,STANDARD,INSTALL,,,1,4.5,29.99,1,AMERICAN INTERNATIONAL,,
AI UNIVERSAL POCKET,BKUPK750,STANDARD,INSTALL,,,1,7.34,29.99,0,WHOLESALE HOUSE,,
BEST KITS VOLKSWAGON KIT,BKVWK1015,STANDARD,INSTALL,,,1,4.5,29.99,1,AMERICAN INTERNATIONAL,,
BEST KITS VOLKSWAGON KIT,BKVWK1017,STANDARD,INSTALL,,,1,9.94,29.99,4,AMERICAN INTERNATIONAL,,
INSTALL BLUETOOTH MIC,BLT,LABOR,INSTALL,,,1,0,15,999,CARTOYZ,,
BMW AI 3 SERIES KIT,BMWK300,STANDARD,INSTALL,,,1,2.89,29.99,0,AI,,
AI BMW KIT,BMWK500,STANDARD,INSTALL,,,1,7.34,29.99,1,WHOLESALE HOUSE,,
GM SIDE POST TERMINAL,BSTPSG,STANDARD,INSTALL,,,1,2.1,9.99,0,WHOLESALE HOUSE,,
BATTARY POST,BT705P,STANDARD,INSTALL,,,1,5.4,11.99,0,WHOLESALE HOUSE,,
SIDE BATTARY POST,BTPSG,STANDARD,INSTALL,,,1,1.99,6.99,4,WHOLESALE HOUSE,,
BMW AI WIRING HARNESS,BWH470,STANDARD,INSTALL,,,1,1.4,19.99,0,AI,,
GM HARNESS NON ONSTAR,C2RGM11,STANDARD,INSTALL,,,1,73.72,149.99,0,AMERICAN INTERNATIONAL,,
GM HARNESS 04-07,C2RGM11B,STANDARD,INSTALL,,,1,73.72,149.99,1,AMERICAN INTERNATIONAL,,
PAC GM NON BOSE HARNESS INTER,C2RGM24,STANDARD,INSTALL,,,1,48,99.99,0,WHOLESALE HOUSE,,
MITSUBISHI AMP HARNESS,C2RMIT,STANDARD,INSTALL,,,1,8.5,24.99,-1,AMERICAN INTERNATIONAL,,
KENWOOD GRILL,CA12G,STANDARD,INSTALL,,,1,16.2,24.99,0,KENWOOD,,
AUDIOPIPE 14G SPEAKER WIRE,CABLE1425,STANDARD,INSTALL,,,1,2.25,11.99,2,WHOLESALE HOUSE,,
CODE CONVERTER,CADATA,STANDARD,INSTALL,,,1,7.88,39.99,2,AUDIOVOX,,
CALIBRATION,CAL,LABOR,INSTALL,,,1,0,35,92,,,
BACK UP CAMERA,CAM1,STANDARD,INSTALL,,,1,10,99.99,0,ALI BABA,,
CODE ALARM REMOTE FOR6154,CAT4P,STANDARD,INSTALL,,,1,20,49.99,0,AUDIOVOX,,
KENWOOD WIRELESS CHARGING MOUN,CAXHL10QI,STANDARD,INSTALL,,,1,38,69.99,0,KENWOOD,,
PIONEER AV IPOD CBL,CDIU50V,STANDARD,INSTALL,,,1,35,59.99,0,PIONEER,,
DODGE/JEEP 07/08 DASH KIT DDIN,CDK663,STANDARD,INSTALL,,,1,12.59,34.99,2,AMERICAN INTERNATIONAL,,
FORD/CHRYSLER AI KIT,CFK510,STANDARD,INSTALL,,,1,1.65,19.99,1,AI,,
HARNESS AMP TURN SWC JEEP,CH1ARSX,STANDARD,INSTALL,,,1,110.64,219.99,0,AMERICAN INTERNATIONAL,,
JEEP CHAROKEE KIT 14-18,CHK1,STANDARD,INSTALL,,,1,140,249.99,0,AMERICAN INTERNATIONAL,,
CHRYSLER REAR SCREEAN RETENTIO,CHYRVD,STANDARD,INSTALL,,,1,17.77,49.99,1,AMERICAN INTERNATIONAL,,
UNIVERSAL CIG LIGHTER,CIG12V,STANDARD,INSTALL,,,1,6.99,24.99,2,AMERICAN INTERNATIONAL,,
"JBL 12""SHALLOW SUBS 250W RMS",CLUBWS1200,STANDARD,INSTALL,,,1,70,149.99,0,JBL,,
"JENSON 10"" TOUCH SCREEN MIRR",CMM710,STANDARD,INSTALL,,,1,169,299.99,0,JENSON,,
CBRA INVERTER,CPI200CH,STANDARD,INSTALL,,,1,30,69.99,0,WHOLESALE HOUSE,,
ANL DIST BLK,CQ3422P,STANDARD,INSTALL,,,1,10,39.99,0,WHOLESALE HOUSE,,
ANY ADAP CHRY,CR6,STANDARD,INSTALL,,,1,2.3,14.99,27,WHOLESALE HOUSE,,
CARTOYZ FUSE HOLDER,CTFH,STANDARD,INSTALL,,,1,7,29.99,1,ALI BABA,,
CHRYSLER AI KIT,CWH634,STANDARD,INSTALL,,,1,1.4,15.99,0,WHOLESALE HOUSE,,
CHRYSLER HARNESS 02-UP,CWH638,STANDARD,INSTALL,,,1,2,15.99,0,WHOLESALE HOUSE,,
AI CHRYSLER HARNESS/ W RCA IN,CWH64A,STANDARD,INSTALL,,,1,6.25,29.99,2,WHOLESALE HOUSE,,
KENWOOD DVD CARPLAY UNIT,DDX57S,STANDARD,INSTALL,,,1,276,549.99,0,KENWOOD,,
DUAL WIRELESS MIRROR ADAPTOR,DMC15J,STANDARD,INSTALL,,,1,45,89.99,1,AUDIOVOX,,
DAUL CAST WIFI DONGLE,DMH25,STANDARD,INSTALL,,,1,40,69.99,1,JENSON,,
DEI REMOTE START MODULE,DS4,STANDARD,INSTALL,,,1,84.46,199.99,2,DEI,,
DEI REMOTE START MODULE,DS4VP,STANDARD,INSTALL,,,1,102.36,269.99,1,DEI,,
ROCKFORD FOSGATE PROCESSOR,DSR1,STANDARD,INSTALL,,,1,192,299.99,1,ROCKFORD,,
ANT ADAPTR,FD7,STANDARD,INSTALL,,,1,4,11.99,1,WHOLESALE HOUSE,,
PIONEER CD DDIN BLUETOOTH SXM,FHS722BS,STANDARD,INSTALL,,,1,110,144.99,0,PIONEER,,
REMOTE START MODULE,FLRSBA,STANDARD,INSTALL,,,1,85,199.99,0,AUDIOVOX,,
FLASHLOGIC NISSAN REMOTE START,FLRSNI5,STANDARD,INSTALL,,,1,148,299.99,0,AUDIOVOX,,
AI FORD KIT,FMK538,STANDARD,INSTALL,,,1,8.57,29.99,7,AMERICAN INTERNATIONAL,,
AI FORD KIT,FMK549,STANDARD,INSTALL,,,1,4,17.99,1,AMERICAN INTERNATIONAL,,
FORD SPEAKER ADAPTERS,FSB1501,STANDARD,INSTALL,,,1,14.16,34.99,2,AMERICAN INTERNATIONAL,,
FUSE BLOCK,GFDB4AGU,STANDARD,INSTALL,,,1,10,24.99,0,SANTAFE,,
BEST KITS CADILLAC DTS KIT,GM1523B,STANDARD,INSTALL,,,1,10.2,34.99,0,AMERICAN INTERNATIONAL,,
GM BOSE HARNESS 03-06,GM1AR,STANDARD,INSTALL,,,1,51.12,119.99,2,AMERICAN INTERNATIONAL,,
GM AMP AND STEERING HARNESS,GM1ARS,STANDARD,INSTALL,,,1,84.75,169.99,0,AMERICAN INTERNATIONAL,,
GM BOSE INTEGRATION HARNESS,GM1ART,STANDARD,INSTALL,,,1,86.83,179.99,0,AMERICAN INTERNATIONAL,,
BOSE AMP TURNON HARNESS ONLY,GM1ARX,STANDARD,INSTALL,,,1,58.73,119.99,0,AMERICAN INTERNATIONAL,,
GM SHORT SIDE POST,GM38,STANDARD,INSTALL,,,1,3.18,14.99,2,METRA,,
GM PAC STEREO INTERFACE,GM3ARSTX,STANDARD,INSTALL,,,1,105,199.99,1,AMERICAN INTERNATIONAL,,
AI GM DD KIT,GMK382,STANDARD,INSTALL,,,1,5,24.99,2,WHOLESALE HOUSE,,
GM CAD HAR,GMRC03,STANDARD,INSTALL,,,1,49,95,1,SANTAFE,,
GM REAR VIDEO RET HARNESS,GMRVD,STANDARD,INSTALL,,,1,19.64,49.99,1,AMERICAN INTERNATIONAL,,
HARLEY DAVIDSON SWC KIT,HDK001X,STANDARD,INSTALL,,,1,56,129.99,0,AMERICAN INTERNATIONAL,,
HARLEY KIT WITH WIRING HARNESS,HDKOO1X,STANDARD,INSTALL,,,1,70.88,139.99,1,AMERICAN INTERNATIONAL,,
HONDA ANTENNA ADAP,HO6,STANDARD,INSTALL,,,1,3.74,19.99,0,WHOLESALE HOUSE,,
HONDA ANTENNA ADAP,HO8,STANDARD,INSTALL,,,1,3.52,19.99,0,WHOLESALE HOUSE,,
BEST KITS HONDA 2008-12 KIT,HONK852D,STANDARD,INSTALL,,,1,0,89.99,1,,,
HONDA 2008-2012 RADIO KIT,HONK852L,STANDARD,INSTALL,,,1,0,89.99,1,,,
FARENHEIT RF HEADPHONES,HP902RFT,STANDARD,INSTALL,,,1,66,129.99,1,WHOLESALE HOUSE,,
SATELLITE ANTENNA ADAPTER,HRNANTSAT1,STANDARD,INSTALL,,,1,11,34.99,0,SANTA FE,,
AMP INTEGRATION HARNESS,HRNARCH4,STANDARD,INSTALL,,,1,31,79.99,1,SANTA FE,,
T-HARNESS CHRYSLER DODGE JEEP,HRNRRCH1,STANDARD,INSTALL,,,1,19,44.99,2,AMERICAN INTERNATIONAL,,
T-HARNESS CHRYSLER DODGE JEEP,HRNRRCH2,STANDARD,INSTALL,,,1,19,44.99,1,AMERICAN INTERNATIONAL,,
AI HONDA HARNESS 90'S,HWH804,STANDARD,INSTALL,,,1,1.4,14.99,0,WHOLESALE HOUSE,,
HONDA AI HARNESS 08- UP,HWH810,STANDARD,INSTALL,,,1,1.55,19.99,0,WHOLESALE HOUSE,,
HONDA AI HARNESS 06-UP,HWH812,STANDARD,INSTALL,,,1,1.55,19.99,0,WHOLESALE HOUSE,,
RCA TO AUX,IB35RCA,STANDARD,INSTALL,,,1,1.17,7.99,7,SANTA FE,,
I SIMPLE 3.5 AUX MOUNT,IS335,STANDARD,INSTALL,,,1,7.5,24.99,2,WHOLESALE HOUSE,,
ISIMPLE BLUETOOTH FM MODULATOR,ISFM21,STANDARD,INSTALL,,,1,50.96,119.99,0,AMERICAN INTERNATIONAL,,
I SIMPLE 3.5 AUX,ISVE913,STANDARD,INSTALL,,,1,3,14.99,0,WHOLESALE HOUSE,,
FORD F-150 13-14 DASH KIT T-HA,K150,STANDARD,INSTALL,,,1,175,299.99,0,AMERICAN INTERNATIONAL,,
KIA AI ANTENNA ADAP,KI6,STANDARD,INSTALL,,,1,2.76,19.99,0,WHOLESALE HOUSE,,
AI KIA KIT,KIAK1240,STANDARD,INSTALL,,,1,6.05,29.99,2,WHOLESALE HOUSE,,
MAESTRO JEEP GRAND KIT 14 21,KITJGC1,STANDARD,INSTALL,,,1,240,399.99,0,SANTA FE,,
MAESTRO RR FOR HARNESS KIT,KITMFT1,STANDARD,INSTALL,,,1,0,299.99,0,AAMP,,
MAESTRO MUSTANG KIT,KITMUS1,STANDARD,INSTALL,,,1,125,229.99,0,AMERICAN INTERNATIONAL,,
AI KIA HARNESS,KWH832,STANDARD,INSTALL,,,1,1.4,14.99,2,WHOLESALE HOUSE,,
AUDIO CONTROL PRO HILO BASS,LC2IPRO,STANDARD,INSTALL,,,1,79.39,159.99,1,CARTOYZ,,
PAC CHRYSLER AMP HARNESS 05-07,LCCH11,STANDARD,INSTALL,,,1,50.93,109.99,1,AMERICAN INTERNATIONAL,,
PAC CHRYSLER AMP HARNESS,LCCH21,STANDARD,INSTALL,,,1,59.36,119.99,5,AMERICAN INTERNATIONAL,,
PAC GM RADIO INTERFACE,LCGM24,STANDARD,INSTALL,,,1,35.75,99.99,2,AMERICAN INTERNATIONAL,,
GM RADIO HARNESS,LCGM29,STANDARD,INSTALL,,,1,41.67,99.99,5,AMERICAN INTERNATIONAL,,
PAC GM HARNESS,LCGM51,STANDARD,INSTALL,,,1,24.5,79.99,1,AMERICAN INTERNATIONAL,,
METRA 06-UP GM HARNESS,LCGMRCLAN01,STANDARD,INSTALL,,,1,31.75,69.99,0,SANTA FE,,
METRA HARNESS GM 06-UP,LCGMRCLAN03,STANDARD,INSTALL,,,1,31.75,69.99,0,KENWOOD,,
LABOR LED LIGHTS,LED,LABOR,INSTALL,,,1,0,400,49,CARTOYZ,,
AI LINCOLN LS KIT,LLSK580,STANDARD,INSTALL,,,1,6,29.99,2,AMERICAN INTERNATIONAL,,
PAC LOCPRO HIGH LOW CON,LP32,STANDARD,INSTALL,,,1,12.97,34.99,-6,AMERICAN INTERNATIONAL,,
LINE OUT CONVERTER 4 CHANNEL,LP34,STANDARD,INSTALL,,,1,18,49.99,0,AMERICAN INTERNATIONAL,,
PAC LINE OUT CONVERTER WITH RM,LP72,STANDARD,INSTALL,,,1,19.47,49.99,0,AMERICAN INTERNATIONAL,,
LESUX ES300 97-01 KIT,LS2081B,STANDARD,INSTALL,,,1,15,39.99,0,AMERICAN INTERNATIONAL,,
BLUETOOTH UNDER LIGHTS,LUUBMBT402,STANDARD,INSTALL,,,1,120,299.99,1,LEDGLOW,,
4  PEICE LED UNDER BODY WITH R,LUUBMW403,STANDARD,INSTALL,,,1,82,199.99,1,,,
HONDA BATTERY,M51R,STANDARD,INSTALL,,,1,84.35,129.99,1,INTERSTATE,,
UNIVERSAL AFTERMARKET HARNESS,MAESTRORR,STANDARD,INSTALL,,,1,90.25,179.99,0,AMERICAN INTERNATIONAL,,
"12"" METAL MESH GRILL",MGR10,STANDARD,INSTALL,,,1,9.05,29.99,1,AMERICAN INTERNATIONAL,,
"12"" METAL MESH GRILL WITH RING",MGR12,STANDARD,INSTALL,,,1,12.15,34.99,3,AMERICAN INTERNATIONAL,,
MINI ANL FUSE,MINIANL,BULK,INSTALL,,,1,1.4,4.99,-32,AMERICAN INTERNATIONAL,,
MAZDA AI HARNESS 89-02,MWH856,STANDARD,INSTALL,,,1,1.4,15.99,0,WHOLESALE HOUSE,,
NISSAN ALTIMA DD KIT,NDK727,STANDARD,INSTALL,,,1,25.6,59.99,2,WHOLESALE HOUSE,,
NISSAN ANTENNA ADAP,NI6,STANDARD,INSTALL,,,1,2.74,15.99,-2,WHOLESALE HOUSE,,
ANTADAPTER NISS,NIA20,STANDARD,INSTALL,,,1,3,15.99,0,WHOLESALE HOUSE,,
ANT ADAPTR,NM7,STANDARD,INSTALL,,,1,4,15.99,1,WHOLESALE HOUSE,,
NISSAN ANTENNA ADAP,NM9,STANDARD,INSTALL,,,1,2.7,15.99,1,WHOLESALE HOUSE,,
BEST KITS NISSAN MAXIMA KIT,NN1498B,STANDARD,INSTALL,,,1,12,39.99,0,AMERICAN INTERNATIONAL,,
BEST KITS NISSAN MAXIMA 07-08,NN1640B,STANDARD,INSTALL,,,1,12,39.99,0,AMERICAN INTERNATIONAL,,
NOISE FILTER,NS10,STANDARD,INSTALL,,,1,3,9.99,0,WHOLESALE HOUSE,,
AI NISSAN HARNESS,NWH700,STANDARD,INSTALL,,,1,1.4,14.99,2,WHOLESALE HOUSE,,
OBD T HARNESS,OBDGMD2,STANDARD,INSTALL,,,1,10,39.99,1,DIRECTED,,
CADILLAC CTS SRX BOSE HARNESS,OS2CCTSX,STANDARD,INSTALL,,,1,86.73,169.99,1,AMERICAN INTERNATIONAL,,
CADILLAC ONSTAR AMP HARNESS,OS2GM32X,STANDARD,INSTALL,,,1,86.73,169.99,0,AMERICAN INTERNATIONAL,,
ORION ANL FUSE HOLDER,OWFHANL2033BA,STANDARD,INSTALL,,,1,11,29.99,0,,,
ORION MINI ANL FUSE HOLDER,OWFHM1010,STANDARD,INSTALL,,,1,7,24.99,2,WHOLESALE HOUSE,,
ORION MINI ANL DIST BLOCK,OWFHM30404,STANDARD,INSTALL,,,1,12.5,39.99,0,WHOLESALE HOUSE,,
P1 GRLL,P1G15,STANDARD,INSTALL,,,1,17,27.99,2,ROCKFORD,,
POWER INVERTER,PI150W,STANDARD,INSTALL,,,1,29,49.99,0,WHOLESALE HOUSE,,
RAPTOR 4G AMP KIT,R4AK4,STANDARD,INSTALL,,,1,26.15,69.99,0,SANTA FE,,
ROCKFORD RCA TO BLUETOOTH ADAP,RFBTRCA,STANDARD,INSTALL,,,1,25,59.99,1,ROCKFORD,,
ROCKFORD GROUND DIST BLK,RFD4,STANDARD,INSTALL,,,1,12,22.99,0,ROCKFORD FOSGATE,,
ROCKFORD GM SIDE POST,RFDGM,STANDARD,INSTALL,,,1,3.3,14.99,-1,ROCKFORD,,
ROCKFORD GM SIDE POST LONG,RFDGML,STANDARD,INSTALL,,,1,4.4,14.99,1,ROCKFORD,,
ROCKFORD AGU FUSE HOLDER,RFFAGU,STANDARD,INSTALL,,,1,5.3,12.99,0,ROCKFORD FOSGATE,,
ROCKFORD ANL FUSE HOLDER,RFFANL,STANDARD,INSTALL,,,1,19,49.99,0,ROCKFORD FOSGATE,,
ROCKFORD AGU DIST BLK,RFFDAGU,STANDARD,INSTALL,,,1,18,44.99,2,ROCKFORD FOSGATE,,
ROCKFORD 100A MAXI FUSE,RFFM100,STANDARD,INSTALL,,,1,2.2,14.99,0,ROCKFORD FOSGATE,,
ROCKFORD 16FT RCA,RFI16,STANDARD,INSTALL,,,1,10.5,24.99,3,ROCKFORD FOSGATE,,
ROCKFORD 3FT RCA,RFI3,STANDARD,INSTALL,,,1,4,7.99,2,ROCKFORD,,
ROCKFORD FOSGATE 6FT RCA,RFI6,STANDARD,INSTALL,,,1,6,14.99,0,ROCKFORD,,
ROCKFORD RCA DUAL TW HIGH END,RFIT16,STANDARD,INSTALL,,,1,20,36.99,0,ROCKFORD FOSGATE,,
ROCKFORD  1/0G AMP KIT,RFK1,STANDARD,INSTALL,,,1,157,309.99,1,ROCKFORD,,
ROCKFORD 4G AMP KIT,RFK4I,STANDARD,INSTALL,,,1,92,219.99,2,ROCKFORD FOSGATE,,
ROCKFORD 8G AMP KIT,RFK8I,STANDARD,INSTALL,,,1,45,99.99,9,ROCKFORD FOSGATE,,
HARLEY AMP KIT 14 AND UP,RFKHD14,STANDARD,INSTALL,,,1,164,269.99,1,ROCKFORD,,
4 GAUGE SPADE,RFTB4,STANDARD,INSTALL,,,1,2.19,9.99,0,ROCKFORD FOSGATE,,
8 GAUGE SPADE,RFTB8,STANDARD,INSTALL,,,1,2.19,9.99,3,ROCKFORD FOSGATE,,
0 GUAGE RING,RFTS1,STANDARD,INSTALL,,,1,2.7,12.99,3,ROCKFORD FOSGATE,,
4 GAUGE RING,RFTS4,STANDARD,INSTALL,,,1,2.7,12.99,1,ROCKFORD FOSGATE,,
12 GA SPEAKER WIRE ROCKFORD,RFWP12,STANDARD,INSTALL,,,1,20,39.99,0,ROCKFORD,,
16 AWG SPEAKER WIRE ROCKFORD,RFWP1630,STANDARD,INSTALL,,,1,20,39.99,2,ROCKFORD,,
HYUNDAI 11-15 CAN BUS HARNESS,RP42HY11,STANDARD,INSTALL,,,1,88.99,179.99,-1,AMERICAN INTERNATIONAL,,
TOYOTA LEXUS AMP HARNESS SWC,RP42TY11,STANDARD,INSTALL,,,1,101.31,199.99,0,AMERICAN INTERNATIONAL,,
PAC RADIOPRO DODGE CHRYSLER,RP4CH11,STANDARD,INSTALL,,,1,109.57,219.99,1,AMERICAN INTERNATIONAL,,
PAC FORD RADIO HARNESS,RP4FD11,STANDARD,INSTALL,,,1,83,149.99,1,AMERICAN INTERNATIONAL,,
GM BOSE RET SWC HARNESS,RP4GM11,STANDARD,INSTALL,,,1,116.51,229.99,1,AMERICAN INTERNATIONAL,,
GM 07-UP BOSE HARNESS SWC,RP4GM31,STANDARD,INSTALL,,,1,109.57,219.99,0,AMERICAN INTERNATIONAL,,
PAC MAZDA HARNESS SWC,RP4MZ11,STANDARD,INSTALL,,,1,85,199.99,1,AMERICAN INTERNATIONAL,,
RADIO PRO GM BOSE SWC,RP5GM11,STANDARD,INSTALL,,,1,94,229.99,0,AMERICAN INTERNATIONAL,,
PAC RADIOPRO GM HARNESS SWC,RP5GM31,STANDARD,INSTALL,,,1,102,219.99,1,AMERICAN INTERNATIONAL,,
14 UP GM RADIO RETENTION SWC,RP5GM51,STANDARD,INSTALL,,,1,125,219.99,1,SANTA FE,,
AMP RET FOR 11-15 HYUNDAI,RPASPDIF,STANDARD,INSTALL,,,1,35,69.99,1,AMERICAN INTERNATIONAL,,
CHEVY COMARO KIT 10-15,RPK54101,STANDARD,INSTALL,,,1,257.14,429.99,1,AMERICAN INTERNATIONAL,,
FACTORY SAT RETENTION,SAT01,STANDARD,INSTALL,,,1,7.17,24.99,1,AMERICAN INTERNATIONAL,,
BACKUP CAMERA,SFBPROCAMB,STANDARD,INSTALL,,,1,79.99,199.99,1,SANTA FE,,
COAXIAL CABLE FOR CAMERA,SFS20M,STANDARD,INSTALL,,,1,25,69.99,1,SANTA FE,,
STINGER DIST BLOCK,SHD820,STANDARD,INSTALL,,,1,13,34.99,0,AMERICAN INTERNATIONAL,,
STINGER 0 GAUGE OFC WIRING KIT,SK4201,STANDARD,INSTALL,,,1,121.26,249.99,0,SANTA FE,,
SHRIEKEN BATTERY 600 WATT,SKBT20,STANDARD,INSTALL,,,1,69.98,149.99,0,SANTA FE,,
BATTERY BOX FOR SKBT20,SKBT20BX,STANDARD,INSTALL,,,1,14.99,39.99,-1,SANTA FE,,
SHURIKEN 1500 WATT BATTERY,SKBT60,STANDARD,INSTALL,,,1,150,299.99,0,SANTA FE,,
BATTERY BOX FOR SKBT60,SKBT60BX,STANDARD,INSTALL,,,1,14,29.99,0,SANTA FE,,
SHRIKEN 1800 W BATT,SKBT80,STANDARD,INSTALL,,,1,229.5,399.99,0,SANTA FE,,
BATTERY BOX,SKBT80BX,STANDARD,INSTALL,,,1,18.7,39.99,1,SANTA FE,,
PAC LINE OUT CONVERTER 15W,SNI15,STANDARD,INSTALL,,,1,6.11,24.99,7,SANTA FE,,
RCA CONV,SNI35,STANDARD,INSTALL,,,1,9.98,29.99,0,WHOLESALE HOUSE,,
PAC 50A HIGH LOW CONV,SNI50A,STANDARD,INSTALL,,,1,9.65,29.99,0,AMERICAN INTERNATIONAL,,
4GAUGE INPUT/OUTPUT T-BLOCK,SPD511,STANDARD,INSTALL,,,1,8.92,24.99,1,AMERICAN INTERNATIONAL,,
INPUT OUTPUT 0GAUGE DISP BLOCK,SPD512,STANDARD,INSTALL,,,1,9,24.99,0,AMERICAN INTERNATIONAL,,
SOUND QUEST ANL FUSE HOLDER,SQFANL,STANDARD,INSTALL,,,1,11.2,29.99,0,AMERICAN INTERNATIONAL,,
SOUNDQUEST 0GAUGE KIT,SQK0,STANDARD,INSTALL,,,1,32.99,119.99,0,AMERICAN INTERNATIONAL,,
SOUND QUEST 4 G AMP KIT,SQK4ANL,STANDARD,INSTALL,,,1,18.95,59.99,0,SANTAFE,,
SOUND QUEST 8 G AMP KIT,SQK8,STANDARD,INSTALL,,,1,11.99,29.99,0,SANTAFE,,
SOUND QUEST AGU FUSE HOLDER,SQVLAGU,STANDARD,INSTALL,,,1,1.99,11.99,0,AMERICAN INTERNATIONAL,,
SOUND QUEST ANL FUSE HOLDER,SQVLANL,STANDARD,INSTALL,,,1,3.03,24.99,0,AMERICAN INTERNATIONAL,,
"10"" EXTENTIONS",SR10,STANDARD,INSTALL,,,1,7.56,24.99,2,METRA,,
"12"" EXTENTION",SR12,STANDARD,INSTALL,,,1,7.56,24.99,-2,METRA,,
STINGER 0 GAUGE KIT,SS2400XS,STANDARD,INSTALL,,,1,118.91,219.99,0,AMERICAN INTERNATIONAL,,
STINGER 0 TO 4 DISTRIBUTION,SSDB024,STANDARD,INSTALL,,,1,9.28,24.99,3,AMERICAN INTERNATIONAL,,
SOUND QUEST OG TO 4G DIST,SSDB2034,STANDARD,INSTALL,,,1,13.26,34.99,1,AMERICAN INTERNATIONAL,,
SOUND QUEST AGU FUSE HOLDER,SSFAGU,STANDARD,INSTALL,,,1,4.64,14.99,4,AMERICAN INTERNATIONAL,,
STINGER ANL FUSE HOLDER,SSFANLW,STANDARD,INSTALL,,,1,16,34.99,3,AMERICAN INTERNATIONAL,,
STINGER MIDI FUSE BLOCK,SSFDB024,STANDARD,INSTALL,,,1,14.12,34.99,0,AMERICAN INTERNATIONAL,,
0 T 4 GA ADAPTER,SSGA104,STANDARD,INSTALL,,,1,3.89,9.99,1,AMERICAN INTERNATIONAL,,
4 TO 8GA ADAPTER,SSGA48,STANDARD,INSTALL,,,1,3.16,9.99,6,AMERICAN INTERNATIONAL,,
STINGER SELECT 17FT RCA,SSIB17,STANDARD,INSTALL,,,1,2.5,11.99,2,AMERICAN INTERNATIONAL,,
SOUND QUEST 17 FT RCA,SSPRCA17,STANDARD,INSTALL,,,1,4.19,13.99,-1,AMERICAN INTERNATIONAL,,
SOUND QUEST 1F 2M RCA Y,SSPRCA2M,STANDARD,INSTALL,,,1,1.9,6.99,6,AMERICAN INTERNATIONAL,,
STINGER SELECT 6FT RCA,SSPRCA6,STANDARD,INSTALL,,,1,2.75,9.99,5,AMERICAN INTERNATIONAL,,
SOUND QUEST (-) BATTERY TERM,SSVLBTN,STANDARD,INSTALL,,,1,6.54,24.99,2,AMERICAN INTERNATIONAL,,
SOUND QUEST (+) BATTERY TERM,SSVLBTP,STANDARD,INSTALL,,,1,6.54,24.99,2,AMERICAN INTERNATIONAL,,
SOUND QUEST GROUND DIST BLK,SSVLD48,STANDARD,INSTALL,,,1,5.04,19.99,4,AMERICAN INTERNATIONAL,,
SUNDOWN 0 GAUGE WIRING KIT,SUNDOWN0KIT,STANDARD,INSTALL,,,1,138,279.99,0,SUNDOWN,,
ON OF SWITCH,SWITCH,BULK,INSTALL,,,1,0.79,6.99,23,SANTA FE,,
BEST KITS TOYOTA AVALON KIT,TA2085B,STANDARD,INSTALL,,,1,13,39.99,0,AMERICAN INTERNATIONAL,,
"TERMINAL CUP 4""",TCRB,STANDARD,INSTALL,,,1,1.94,7.99,0,SANTA FE,,
"TERMINAL CUP 3""",TCRS,STANDARD,INSTALL,,,1,0.33,4.99,11,SANTA FE,,
TERMINAL CUP,TCUP,BULK,INSTALL,,,1,0.39,2.99,28,WHOLESALE HOUSE,,
4'TERMINAL CUP,TERMINALCUP,STANDARD,INSTALL,,,1,0.99,5.99,0,WHOLESALE HOUSE,,
DODGE CHRYSLER DEI HARNESS,THCHN1,STANDARD,INSTALL,,,1,14.46,79.99,3,DEI,,
FORD REMOTE START HARNESS,THFON1,STANDARD,INSTALL,,,1,29.03,99.99,1,DIRECTED,,
FORD REMOTE START HARNESS,THFON2,STANDARD,INSTALL,,,1,29.03,99.99,0,DIRECTED,,
GM REMOTE START HARNESS,THGMN2,STANDARD,INSTALL,,,1,22.49,79.99,1,DIRECTED,,
GM REMOTE START HARNESS,THGMN5,STANDARD,INSTALL,,,1,47.74,119.99,2,DIRECTED,,
T-HARNESS FOR HONDA,THHON3,STANDARD,INSTALL,,,1,16.49,79.99,3,DEI,,
T-HARNESS ACURA AND HONDA,THHON4,STANDARD,INSTALL,,,1,16.49,79.99,-1,AUDIOVOX,,
HONDA DIRECTED T-HARNESS,THHON5,STANDARD,INSTALL,,,1,25,79.99,1,AUDIOVOX,,
T-HARNESS DS4 ACURA HONDA,THHON6,STANDARD,INSTALL,,,1,29.03,99.99,2,DEI,,
T-HARNESS DS4 HYUNDAI/KIA,THHYN4,STANDARD,INSTALL,,,1,29.61,99.99,2,DEI,,
DEI NISSAN/ INFINITI HARNESS,THNIN3,STANDARD,INSTALL,,,1,29.61,99.99,2,DEI,,
T-HARNESS INFINITI AND NISSAN,THNIN4,STANDARD,INSTALL,,,1,16.49,79.99,1,AUDIOVOX,,
T-HARNESS INFINITI AND NISSAN,THNIN6,STANDARD,INSTALL,,,1,16.49,79.99,3,AUDIOVOX,,
TOYOTA REMOTE START HARNESS,THTON6,STANDARD,INSTALL,,,1,30,79.99,2,,,
T-HARNESS LEXUS AND TOYOTA,THTON7,STANDARD,INSTALL,,,1,29.99,99.99,1,AUDIOVOX,,
T-HARNESS TOYOTA AND SCION,THTON9,STANDARD,INSTALL,,,1,29.99,99.99,3,AUDIOVOX,,
TOY COROL 14-16 SING/DDIN KIT,TOYK951MG,STANDARD,INSTALL,,,1,25.1,79.99,1,AMERICAN INTERNATIONAL,,
AI TOYOTA KIT,TOYK975,STANDARD,INSTALL,,,1,4,19.99,1,AMERICAN INTERNATIONAL,,
AI TOYOTA CAMRY KIT,TOYK979,STANDARD,INSTALL,,,1,6.5,29.99,1,WHOLESALE HOUSE,,
AI TOYOTA KIT 07-UP,TOYK980,STANDARD,INSTALL,,,1,6.5,24.99,0,WHOLESALE HOUSE,,
TOYOTA CAMRY 2012-14 KIT,TOYK981,STANDARD,INSTALL,,,1,20.18,69.99,1,AMERICAN INTERNATIONAL,,
PAC VIDEO BYPASS,TR1,STANDARD,INSTALL,,,1,5.97,24.99,0,AMERICAN INTERNATIONAL,,
UNIVERSAL TRIGGER,TR7,STANDARD,INSTALL,,,1,16.9,34.99,0,WHOLESALE HOUSE,,
REMOTE FACTRY,TRUNKLOC,STANDARD,INSTALL,,,1,15,39.99,0,WHOLESALE HOUSE,,
TOYOTA SPEAKER ADAPTER 2002-13,TSB910,STANDARD,INSTALL,,,1,12.05,34.99,1,AMERICAN INTERNATIONAL,,
TOYOTA SPEAKER ADAPTERS,TSB920,STANDARD,INSTALL,,,1,6.8,39.99,2,AMERICAN INTERNATIONAL,,
TOYOTA AMP AND STEERING WHEEL,TY1ARS,STANDARD,INSTALL,,,1,135,249.99,0,AMERICAN INTERNATIONAL,,
"PIONEER SLIM 12"" BOX",UDSW300D,STANDARD,INSTALL,,,1,45,99.99,0,PIONEER,,
AI UNIVERSAL KIT,UPK800,STANDARD,INSTALL,,,1,5.11,24.99,2,WHOLESALE HOUSE,,
"AI 4X10 ADAP 2- 3.5""",USB80,STANDARD,INSTALL,,,1,4,19.99,1,AMERICAN INTERNATIONAL,,
USB MOUNT ADAPTER,USBDMA1,STANDARD,INSTALL,,,1,7.19,24.99,1,AMERICAN INTERNATIONAL,,
GM USB PORT RETENTION,USBGM1,STANDARD,INSTALL,,,1,6.15,24.99,0,AMERICAN INTERNATIONAL,,
T SPEC O GAUGE WIRE,V10AK1,STANDARD,INSTALL,,,1,140,299.99,0,METRA,,
T-SPEC 17' RCA'S,V6R17,STANDARD,INSTALL,,,1,3.11,12.99,0,SANTA FE,,
T SPEC 0 GUAGE AMP KIT,V6RAK10,STANDARD,INSTALL,,,1,72.84,149.99,4,METRA,,
TSPEC 4G KIT,V6RAK4,STANDARD,INSTALL,,,1,34.97,89.99,17,SANTA FE,,
TSPEC 8G KIT,V6RAK8,STANDARD,INSTALL,,,1,17.47,59.99,5,SANTA FE,,
4 GAUGE OFC WIRING KIT,V8AK4,STANDARD,INSTALL,,,1,47.84,99.99,-1,SANTA FE,,
T-SPEC ANL FUSE HOLDER,VANL,STANDARD,INSTALL,,,1,20,39.99,2,SANTA FE,,
DIRECTED OBD TRAKER,VCM550,STANDARD,INSTALL,,,1,110,199.99,0,DIRECTED,,
MINI ANL FUSE HOLDER,VMANL,STANDARD,INSTALL,,,1,3.52,19.99,4,METRA,,
O GAUGE TO 4 GAUGE DISTRIBUTIO,VPNB2,STANDARD,INSTALL,,,1,15,39.99,3,METRA,,
VOLVO AI ANTENNA ADAP,VV06,STANDARD,INSTALL,,,1,1.8,15.99,1,SANTAFE,,
ANTA ADAPTR,VW20,STANDARD,INSTALL,,,1,5,15.99,1,SANTAFE,,
AUDI ANTENNA ADAP,VW6,STANDARD,INSTALL,,,1,2.28,19.99,0,SANTAFE,,
ANT ADPTR,VW7,STANDARD,INSTALL,,,1,5,15.99,1,SANTAFE,,
ANTIN ADAPTR,VW8,STANDARD,INSTALL,,,1,5,15.99,1,SANTAFE,,
GM 2004 UP-HHR MALIBU HARNESS,WH0033,STANDARD,INSTALL,,,1,7.5,29.99,-2,SPIRAL AUDIO,,
GM 2011-UP HARNESS,WH0036,STANDARD,INSTALL,,,1,6.5,29.99,4,SPIRAL AUDIO,,
DODGE 2013-UP HARNESS,WH0037,STANDARD,INSTALL,,,1,6.5,29.99,7,SPIRAL AUDIO,,
GM 2014-UP HARNESS,WH0040,STANDARD,INSTALL,,,1,4.5,24.99,10,SPIRAL AUDIO,,
METRA DODGE CHRYSLER SWC,WMCH13SWC,STANDARD,INSTALL,,,1,50,149.99,3,AMERICAN INTERNATIONAL,,
FORD METRA STEEARING HARNESS,WMFD1SWC,STANDARD,INSTALL,,,1,45,149.99,0,WALMART,,
METRA HARNESS SWC RET,WMGM11SWC,STANDARD,INSTALL,,,1,40,149.99,3,AMERICAN INTERNATIONAL,,
GM HARNESS STEERING WHEEL CNTR,WMGM29SWC,STANDARD,INSTALL,,,1,70,159.99,0,WALMART,,
GM HARNESS BOSE STEERING 06-UP,XDISGMLN29,STANDARD,INSTALL,,,1,0,211.99,1,METRA,,
FORD HARNES,XSVI5520,STANDARD,INSTALL,,,1,35,69.99,1,SANTAFE,,
"ROUND XTENDER 12""",XTENDER12,STANDARD,INSTALL,,,1,9.99,24.99,1,SANTA FE,,
CAMARO 97-02 DDIN KIT,993311B,STANDARD,LABOR,,,1,45,89.99,1,METRA,,
LABOR ALARM,ALA,LABOR,LABOR,,,1,0,80,831,CARTOYZ,,
LABOR AMP,AMP,LABOR,LABOR,,,1,0,200,884,CARTOYZ,,
BEST GM HARNESS,BHA16771,STANDARD,LABOR,,,1,0,24.99,-1,AMERICAN INTERNATIONAL,,
KIA DIN KIT,BKKIAK1246,STANDARD,LABOR,,,1,7.34,29.99,0,AMERICAN INTERNATIONAL,,
KIA DD KIT,BKKIAK1248,STANDARD,LABOR,,,1,7.34,29.99,1,AMERICAN INTERNATIONAL,,
BEST KITS TOYOTA COROLLA DD,BKTOYK958,STANDARD,LABOR,,,1,3.75,24.99,0,AMERICAN INTERNATIONAL,,
TOYOTA SOLARA KIT 04-08,BKTOYK964S,STANDARD,LABOR,,,1,10,34.99,0,AMERICAN INTERNATIONAL,,
LABOR BLUETOOTH,BTB,LABOR,LABOR,,,1,0,50,993,CARTOYZ,,
LABOR BYPASS,BYP,LABOR,LABOR,,,1,0,40,999,CARTOYZ,,
PAC INTERFACE DODGE CAN BUS,C2RCHY4,STANDARD,LABOR,,,1,63,129.99,0,WHOLESALE HOUSE,,
LABOR CAMERA,CAM,STANDARD,LABOR,,,1,0,200,11,,,
LABOR CAP/BATTERY,CAP,LABOR,LABOR,,,1,0,35,949,CARTOYZ,,
LABOR CD PLAYER,CDP,LABOR,LABOR,,,1,0,100,426.5,CARTOYZ,,
LABOR COMPONENT,CMP,LABOR,LABOR,,,1,0,100,972,CARTOYZ,,
LABOR DVD,DVD,LABOR,LABOR,,,1,0,200,848,CAR TOYZ,,
LABOR EQ/XOVER,EQX,LABOR,LABOR,,,1,0,35,975,CAR TOYZ,,
LABOR FLIP DOWN,FDN,LABOR,LABOR,,,1,0,150,963,CAR TOYZ,,
LABOR FM MODULATOR,FMM,LABOR,LABOR,,,1,0,30,1000,CAR TOYZ,,
LABOR HIGH LOW CONVERTER,HLC,LABOR,LABOR,,,1,0,50,851,CAR TOYZ,,
HONDA ANTENNA ADAP 09-UP,HO11,STANDARD,LABOR,,,1,7,19.99,1,WHOLESALE HOUSE,,
HONDA CIVIC SI KIT,HONK811,STANDARD,LABOR,,,1,7,24.99,0,WHOLESALE HOUSE,,
LABOR HEADREST MONITOR,HRM,LABOR,LABOR,,,1,0,100,986,CAR TOYZ,,
HYUNDAI AI KIT,HYNK1120,STANDARD,LABOR,,,1,7,24.99,2,WHOLESALE HOUSE,,
HYUNDAI AI SONATA KIT,HYNK1136,STANDARD,LABOR,,,1,7,24.99,2,WHOLESALE HOUSE,,
LABOR KEYLESS ENTRY,KEY,LABOR,LABOR,,,1,0,60,1000,CARTOYZ,,
PAC REMOTE LEVEL CONTROL,LC1I,STANDARD,LABOR,,,1,49.62,99.99,1,WHOLESALE HOUSE,,
PAC LINE LEVEL CONTROL W LINE,LC2,STANDARD,LABOR,,,1,13,39.99,0,WHOLESALE HOUSE,,
LABOR KEYLESS,LCK,LABOR,LABOR,,,1,0,20,770,CAR TOYZ,,
LEXUS ES300 KIT 92-96,LXSK1300,STANDARD,LABOR,,,1,7,24.99,1,WHOLESALE HOUSE,,
LEXUS GS300 98-04 KIT,LXSK1315,STANDARD,LABOR,,,1,7,24.99,0,WHOLESALE HOUSE,,
MATERIALS CHARGE,MAT,LABOR,LABOR,,,1,0,10,141,CAR TOYZ,,
MERCEDES C CLASS KIT,MBK100C,STANDARD,LABOR,,,1,7,29.99,-1,WHOLESALE HOUSE,,
LABOR ONE HOUR,MS3,LABOR,LABOR,,,1,0,70,-57.76,CAR TOYZ,,
LABOR NAVIGATION,NAV,LABOR,LABOR,,,1,0,150,923,CAR TOYZ,,
LABOR LED,NEN,LABOR,LABOR,,,1,0,100,998,CAR TOYZ,,
BREATHALYZER REMOVAL,REMOVE,STANDARD,LABOR,,,1,0,150,-19,,,
LABOR REMOTE START,RMS,LABOR,LABOR,,,1,0,80,442,CAR TOYZ,,
LABOR SAT RADIO TUNER,SAT,LABOR,LABOR,,,1,0,50,957,CAR TOYZ,,
PAC SIGNAL NOIES ISOLATOR,SNI1,STANDARD,LABOR,,,1,7,24.99,1,WHOLESALE HOUSE,,
LABOR SPEAKER,SP1,LABOR,LABOR,,,1,0,100,866,CAR TOYZ,,
TOYOTA JBL AMP INTERFACE,TATO,STANDARD,LABOR,,,1,43,99.99,0,WHOLESALE HOUSE,,
TOYOTA COROLL KIT 03,TOYK960,STANDARD,LABOR,,,1,7.34,29.99,2,WHOLESALE HOUSE,,
TOYOTA TOCOMA AI KIT 05-UP,TOYK972,STANDARD,LABOR,,,1,7,24.99,1,WHOLESALE HOUSE,,
LABOR TRUNK RELEASE,TRK,LABOR,LABOR,,,1,0,20,993,WHOLESALE HOUSE,,
USB RETENTION TOYOTA,USBTY1,STANDARD,LABOR,,,1,8.67,29.99,2,AMERICAN INTERNATIONAL,,
PIONEER SIRUS ADAP,CDSB10,STANDARD,SAT RADIO,,,1,54,99.99,0,PIONEER,,
SIRIUS RADIO,SCC1,STANDARD,SAT RADIO,,,1,50,79.99,0,AUDIOVOX,,
SIRUS XM TUNER,SXV300V1,STANDARD,SAT RADIO,,,1,44.99,89.99,3,AUDIOVOX,,
JBL 3/4 COMPONENT TWEETER,CLUB3412TAM,STANDARD,SPEAKER,,,1,40,89.99,0,JBL,,
"JBL 6.5"" CLUB COMPONENTS",CLUB605CSQ,STANDARD,SPEAKER,,,1,135.25,249.99,1,JBL,,
MASSIVE POWER BULLET TWEETER,CT4X,STANDARD,SPEAKER,,,1,22,59.99,0,SANTA FE,,
JBL 2- WAY 6.5 SPK,GT0620,STANDARD,SPEAKER,,,1,60,149.99,0,JBL,,
JBL STADIUM 6.5 SPEAKERS,GTO620,STANDARD,SPEAKER,,,1,75,179.99,1,,,
JBL STADIUM SERIES 6X9,GTO930,STANDARD,SPEAKER,,,1,126,229.99,1,JBL,,
"JENSEN 6.5"" 2 WAY SPEAKERS",JS265,STANDARD,SPEAKER,,,1,23,49.99,1,JENSEN,,
"KENWOOD 4"" SPEAKER",KFC1066S,STANDARD,SPEAKER,,,1,21,49.99,2,KENWOOD,,
KENWOOD 5.25 SPEAKER,KFC1365S,STANDARD,SPEAKER,,,1,30,49.99,0,KENWOOD,,
"KENWOOD 6.5"" 2-WAY MARINE",KFC1653MRW,STANDARD,SPEAKER,,,1,60,119.99,1,PIONEER,,
KENWOOD 6.5 COAX,KFC1666S,STANDARD,SPEAKER,,,1,25,59.99,4,KENWOOD,,
KENWOOD 4X10,KFC415C,STANDARD,SPEAKER,,,1,60,119.99,0,KENWOOD,,
KENWOOD 4X6 COAX,KFC4675C,STANDARD,SPEAKER,,,1,45,89.99,0,KENWOOD,,
KENWOOD 6X8 2-WAY,KFC6866S,STANDARD,SPEAKER,,,1,35,79.99,2,KENWOOD,,
KENWOOD 6X9 550 WATT,KFC6965S,STANDARD,SPEAKER,,,1,30,69.99,0,KENWOOD,,
KENWOOD 6X9,KFC6966S,STANDARD,SPEAKER,,,1,35,79.99,5,,,
KENWOOD PERFORMANCE SERIES 6X9,KFC6996PS,STANDARD,SPEAKER,,,1,50,99.99,0,KENWOOD,,
KENWOOD 3.5 COAX,KFC835C,STANDARD,SPEAKER,,,1,20,39.99,0,KENWOOD,,
KENWOOD 6.5 COMP,KFCP709PS,STANDARD,SPEAKER,,6.5,1,56,129.99,1,KENWOOD,,
KENWOOD TWEET 160 WATT,KFCST01,STANDARD,SPEAKER,,,1,30,59.99,0,KENWOOD,,
KENWOOD TWEETER,KFCT207,STANDARD,SPEAKER,,,1,35,89.99,0,KENWOOD,,
KENWOOD 5.25 SPK,KFCX134,STANDARD,SPEAKER,,,1,50,99.99,2,KENWOOD,,
KENWOOD EXCELON 6.5 IN COAX,KFCX174,STANDARD,SPEAKER,,6.5,1,50,119.99,0,KENWOOD,,
"KENWOOD EXCELON 6.5""",KFCX175,STANDARD,SPEAKER,,,1,60,119.99,5,KENWOOD,,
"KENWOOD EXCELON 7"" COAXIAL",KFCX183C,STANDARD,SPEAKER,,,1,70,139.99,0,KENWOOD,,
"KENWOOD 2"" TWEETER",KFCX2C,STANDARD,SPEAKER,,,1,35,79.99,1,KENWOOD,,
"KENWOOD EXCELON 3.5"" SPEAKERS",KFCX3C,STANDARD,SPEAKER,,,1,40,99.99,0,KENWOOD,,
KENWOOD EXCELON 4X6 2-WAY,KFCX463C,STANDARD,SPEAKER,,4x6,1,50,99.99,0,KENWOOD,,
KENWOOD 6X8 EXCELONCOAX,KFCX683C,STANDARD,SPEAKER,,6x8,1,60,119.99,3,KENWOOD,,
KENWOOD EXCELON 6X9 COAX,KFCX694,STANDARD,SPEAKER,,6x9,1,80,149.99,0,KENWOOD,,
KENWOOD 6X9 2-WAY,KFCX695,STANDARD,SPEAKER,,,1,85,179.99,3,KENWOOD,,
KENWOOD COMPONENT SPEAKER SET,KFCXP6902C,STANDARD,SPEAKER,,,1,115,229.99,0,KENWOOD,,
KENWOOD COMPONENT SPEAKER SET,KFCXP6903C,STANDARD,SPEAKER,,,1,115,229.99,0,KENWOOD,,
MOJO PRO TWEETER,MJPT,STANDARD,SPEAKER,,,1,73,149.99,0,SANTA FE,,
PUNCH 3.5IN COAX,P132,STANDARD,SPEAKER,,,1,44,99.99,0,ROCKFORD FOSGATE,,
PUNCH 4IN COAX,P142,STANDARD,SPEAKER,,,1,56,109.99,0,ROCKFORD FOSGATE,,
PUNCH 4X6 COAX,P1462,STANDARD,SPEAKER,,4x6,1,56,119.99,0,ROCKFORD FOSGATE,,
PUNCH 5.25IN COAX,P152,STANDARD,SPEAKER,,,1,56,119.99,1,ROCKFORD FOSGATE,,
ROCKFORD 5.25IN COMPONENT,P152S,STANDARD,SPEAKER,,,1,110,199.99,0,ROCKFORD FOSGATE,,
"ROCKFORD 6.5"" PUNCH SPEAKERS",P1650,STANDARD,SPEAKER,,,1,50,119.99,0,ROCKFORD,,
"ROCKFORD  2 WAY 6.5"" COAX",P1675,STANDARD,SPEAKER,,6.5,1,50,129.99,1,ROCKFORD FOSGATE,,
ROCKFORD FOSGATE 6.75 CMP,P1675S,STANDARD,SPEAKER,,,1,111,199.99,2,ROCKFORD,,
ROCKFORD 6X8 COAX,P1683,STANDARD,SPEAKER,,,1,56,159.99,2,ROCKFORD FOSGATE,,
ROCKFORD 6X9 COAXIAL,P1694,STANDARD,SPEAKER,,,1,75,159.99,2,ROCKFORD FOSGATE,,
ROCKFORD FOSGATE TWEET,P1TS,STANDARD,SPEAKER,,,1,45,99.99,1,ROCKFORD,,
"PUNCH PRO 1"" TWEETER",PP4NT,STANDARD,SPEAKER,,,1,95,149.99,0,ROCKFORD,,
ROCKFORD PRO TWEETER,PP4T,STANDARD,SPEAKER,,,1,62,109.99,4,ROCKFORD,,
ROCKFORD PUNCH PRO CROSSOVER,PP4X,STANDARD,SPEAKER,,,1,64,99.99,2,ROCKFORD,,
"ROCKFORD 10"" MIDRANGE",PPS410,STANDARD,SPEAKER,,,1,140,259.99,0,ROCKFORD,,
ROCKFORD 6.5 MID BASS DRIVER,PPS46,STANDARD,SPEAKER,,,1,58,89.99,3,ROCKFORD,,
"ROCKFORD PUNCH PRO 8""",PPS48,STANDARD,SPEAKER,,,1,61,119.99,-2,ROCKFORD,,
DS18 PRO 1 BULLET TWEETER 120W,PROTW120B,STANDARD,SPEAKER,,,1,20,49.99,1,DS18,,
DS18 BULLET TWEETER 100W,PROTWX1,STANDARD,SPEAKER,,,1,20,44.99,1,DS18,,
JBL CRUISE BLACK,PWSSPKCRUISEAM,STANDARD,SPEAKER,,,1,0,199.99,0,,,
"JBL HARMAN 5.25"" SPEAKERS",STADIUM52F,STANDARD,SPEAKER,,,1,39,99.99,2,SANTA FE,,
"JBL STAGE 4"" COAXIALS",STAGE3427F,STANDARD,SPEAKER,,,1,37.01,99.99,0,SANTA FE,,
ROCKFORD FOSGATE T 6.5 SPK,T1652,STANDARD,SPEAKER,,,1,75,179.99,0,ROCKFORD,,
POWER SER 6.5IN COMPONENT,T1652S,STANDARD,SPEAKER,,,1,192,349.99,0,ROCKFORD  FOSGATE,,
ROCKFORD FOSGATE T 6.5 SPK,T1675,STANDARD,SPEAKER,,,1,88,219.99,2,ROCKFORD,,
ROCKFORD POWER T1  COMPONENT,T1675S,STANDARD,SPEAKER,,,1,175,349.99,0,ROCKFORD,,
ROCKFORD FOSGATE  T 6X9 SPK,T1693,STANDARD,SPEAKER,,,1,86,169.99,1,ROCKFORD,,
ROCKFORD T2 COMPONENTS,T2652S,STANDARD,SPEAKER,,,1,0,349.99,0,ROCKFORD,,
MASSIVE AUDIO BULLET TWEETS,T35,STANDARD,SPEAKER,,,1,18.99,49.99,0,SANTA FE,,
MASSIVE BULLET TWEETER 25MM,T40,STANDARD,SPEAKER,,,1,15.99,39.99,0,SANTA FE,,
"ROCKFORD POWER 6.5"" SPK",TMS65,STANDARD,SPEAKER,,,1,237,399.99,1,ROCKFORD,,
PIONEER 6.5 2WAY SPK,TS165P,STANDARD,SPEAKER,,,1,10,39.99,17,PIONEER,,
PIONEER 6X9 2 WAY,TS695P,STANDARD,SPEAKER,,,1,10,39.99,19,PIONEER,,
"PIONEER 5.25"" SPEAKERS",TSA1370F,STANDARD,SPEAKER,,,1,35,89.99,1,PIONEER,,
"PIONEER 5.25"" 3 WAY SPEAKERS",TSA1371F,STANDARD,SPEAKER,,,1,0,89.99,2,PIONEER,,
PIONEER 6.5 COMP SPEAKER,TSA1605C,STANDARD,SPEAKER,,,1,65.41,129.99,0,PIONEER,,
PIONEER 6.5 IN COMP,TSA1606C,STANDARD,SPEAKER,,6.5,1,65.41,129.99,0,PIONEER,,
PIONEER 6.5 3-WAY SPK,TSA1671F,STANDARD,SPEAKER,,,1,40.4,89.99,6,PIONEER,,
PIONEER 4X6 3 WAY 210WATT,TSA4671F,STANDARD,SPEAKER,,,1,45,89.99,1,PIONEER,,
PIONEER 4X6 COAXIAL,TSA4676R,STANDARD,SPEAKER,,,1,40.5,79.99,1,PIONEER,,
PIONEER 2 WAY COMPONENTS,TSA652C,STANDARD,SPEAKER,,,1,0,149.99,2,PIONEER,,
PIONEER 6.5 3 WAY SPK,TSA652F,STANDARD,SPEAKER,,,1,35,99.99,-2,PIONEER,,
PIONEER 6X8 SPK,TSA682F,STANDARD,SPEAKER,,,1,41.5,89.99,0,PIONEER,,
PIONEER 6X8 4WAY,TSA6881F,STANDARD,SPEAKER,,,1,0,89.99,0,PIONEER,,
PIONEER 6X8 SPEAKER,TSA6886R,STANDARD,SPEAKER,,,1,41.3,79.99,0,PIONEER,,
PIONEER 6X9 3 WAY,TSA692F,STANDARD,SPEAKER,,,1,45,99.99,1,PIONEER,,
PIONEER 6X9 4 WAY SPK,TSA6961F,STANDARD,SPEAKER,,,1,45,89.99,3,PIONEER,,
PIONEER 6X9 3 WAY SPK,TSA6976R,STANDARD,SPEAKER,,,1,50.5,99.99,0,PIONEER,,
PIONEER TWEET,TST110,STANDARD,SPEAKER,,,1,28,59.99,-2,PIONEER,,
PYRAMID BULLET TWEET,TW18BK,STANDARD,SPEAKER,,,1,10.49,29.99,0,WHOLESALE HOUSE,,
BOSS BULLET TWEET,TW30,STANDARD,SPEAKER,,,1,17.49,49.99,1,SANTA FE,,
PYRAMID BULLET TWEET,TW44,STANDARD,SPEAKER,,,1,8.29,34.99,0,WHOLESALE HOUSE,,
PYRAMID BULLET TWEET,TW46,STANDARD,SPEAKER,,,1,15.95,49.99,4,SANTA FE,,
PYRAMID TWEET,TW47,STANDARD,SPEAKER,,,1,19.99,49.99,0,WHOLESALE HOUSE,,
PYRAMID 6.5 MID BASS,W64,STANDARD,SPEAKER,,,1,9,29.99,2,WHOLESALE HOUSE,,
"HIFONICS 15"" DVC 600 RMS SUB",AHF15D4TWH,STANDARD,SUB,,,1,45,139.99,0,WHOLESALE HOUSE,,
"ATG 12"" PORTABLE BLUETOOTH SPK",ATGDJ12SP,STANDARD,SUB,,,1,92.88,199.99,2,ATG,,
"ATG 15"" PORTABLE BLUETOOTH SPK",ATGDJ15SP,STANDARD,SUB,,,1,117.72,249.99,2,ATG,,
"JBL SHALLOW 10"" SUB 200RMS",CLUBWS1000,STANDARD,SUB,,,1,60,139.99,2,JBL,,
"SUNDOWN 12"" 500 RMS",E12D4,STANDARD,SUB,,,1,107.72,219.99,2,SUNDOWN,,
"SUNDOWN E 8"" SUB",E8V6,STANDARD,SUB,,,1,65,129.99,0,SUNDOWN,,
"MASSIVE 15"" DUAL 4OHM SUB",GTX154,STANDARD,SUB,,,1,97,199.99,0,SANTA FE,,
"INFINITY KAPPA 12"" SUB 500RMS",KAPPA1200W,STANDARD,SUB,,,1,119,249.99,0,SANTA FE,,
"KENWOOD 12"" 300W RMS SUBS",KFCW3041,STANDARD,SUB,,,1,54.99,129.99,0,SANTA FE,,
"KENWOOD EXCELON 10"" SUB",KFCXW10,STANDARD,SUB,,,1,50,119.99,0,KENWOOD,,
"KENWOOD EXCELON 12"" SUB",KFCXW120,STANDARD,SUB,,,1,60,139.99,0,KENWOOD,,
KENWOOD EXCELON 12 SHALLOW,KFCXW1200F,STANDARD,SUB,,,1,120,249.99,2,KENWOOD,,
KENWOOD 12IN SUB,KFCXW1221HP,STANDARD,SUB,,,1,82,199.99,0,KENWOOD,,
"KENWOOD 12"" 300RMS WATT SUBS",KFCXW1241,STANDARD,SUB,,,1,40,149.99,3,KENWOOD,,
"SUNDOWN 12"" 300RMS DUAL 4OHM",LCS12D4,STANDARD,SUB,,,1,57,119.99,0,SUBDOWN,,
ROCKFORD FOSGATE PUNCH P1 2OHM,P1S212,STANDARD,SUB,,,1,66,119.99,0,ROCKFORD,,
ROCKFORD PUNCH 1-10 IN WOOFER,P1S410,STANDARD,SUB,,,1,61,109.99,0,ROCKFORD FOSGATE,,
ROCKFORD PUNCH 1-12 IN WOOFER,P1S412,STANDARD,SUB,,,1,66,139.99,3,ROCKFORD FOSGATE,,
ROCKFORD PUNCH 1-15 IN WOOFER,P1S415,STANDARD,SUB,,,1,90,179.99,0,ROCKFORD FOSGATE,,
ROCKFORD PUNCH STAGE 1-8IN SUB,P1S48,STANDARD,SUB,,,1,47,89.99,0,ROCKFORD FOSGATE,,
ROCKFORD P2 LOADED BOX,P22X12,STANDARD,SUB,,,1,0,499.99,1,ROCKFORD,,
ROCKFORD PUNCH 2-12 IN WOOFER,P2D410,STANDARD,SUB,,,1,91,159.99,0,ROCKFORD,,
ROCKFORD PUNCH 2-12 IN WOOFER,P2D412,STANDARD,SUB,,,1,96,189.99,-3,ROCKFORD FOSGATE,,
ROCKFORD PUNCH 2-15 IN WOOFER,P2D415,STANDARD,SUB,,,1,146,279.99,2,ROCKFORD FOSGATE,,
"ROCKFORD 15"" GRILL",P2P3G15,STANDARD,SUB,,,1,17,27.99,0,ROCKFORD,,
FOSGATE PUNCH LOADED/W AMP,P30012,STANDARD,SUB,,,1,186,349.99,-1,ROCKFORD,,
"P3 SINGLE 12"" BOX",P31X12,STANDARD,SUB,,,1,208,329.99,-1,ROCKFORD,,
"P3 DUAL 12"" BOX",P32X12,STANDARD,SUB,,,1,378,599.99,0,ROCKFORD,,
ROCKFORD FOSGATE P3 4OHM,P3D412,STANDARD,SUB,,,1,144,269.99,2,ROCKFORD FOSGATE,,
ROCKFORD FOSGATE P3,P3D415,STANDARD,SUB,,,1,186,339.99,2,ROCKFORD,,
ROCKFORD FOSGATE P3 LOADED,P3LS12,STANDARD,SUB,,,1,165,299.99,0,ROCKFORD FOSGATE,,
P3 SHALLOW LOADED ENCLOSURE,P3S1X12,STANDARD,SUB,,,1,185,299.99,0,ROCKFORD,,
ROCKFORD SHALLOW 3-10 IN WOOFE,P3SD410,STANDARD,SUB,,,1,119,199.99,0,ROCKFORD FOSGATE,,
ROCKFORD SHALLOW 3-12 IN WOOF,P3SD412,STANDARD,SUB,,,1,126,219.99,2,ROCKFORD FOSGATE,,
ROCKFORD FOSGATE LOADED SUB,P50012P,STANDARD,SUB,,,1,259,419.99,0,ROCKFORD,,
"ROCKFORD LOADED 8"" AMP/WOOFER",PS8,STANDARD,SUB,,,1,186,299.99,1,ROCKFORD,,
KENWOOD SUB/AMP PACKAGE,PW121B,STANDARD,SUB,,,1,150,229.99,0,KENWOOD,,
"KENWOOD 12"" AMP/ SUB PKG",PW1221,STANDARD,SUB,,,1,150,219.99,0,KENWOOD,,
KENWOOD SUB PACKAGE,PW131TB,STANDARD,SUB,,,1,0,249.99,1,KENWOOD,,
"KENWOOD 12"" SUB BOX DUAL",PW3021D,STANDARD,SUB,,,1,200,399.99,0,SANTA FE,,
KENWOOD 10 MARINE W/AMP,PWD250MRW,STANDARD,SUB,,,1,143,229.99,0,KENWOOD,,
"KENWOOD 12"" DUAL LOAD BOX",PXW1221D,STANDARD,SUB,,,1,175,379.99,-4,KENWOOD,,
"KENWOOD DUAL 12"" LOADED SUB",PXW1221DHP,STANDARD,SUB,,,1,199.99,499.99,0,KENWOOD,,
KENWOOD SINGLE LOADED SUB,PXW1241S,STANDARD,SUB,,,1,119.99,199.99,1,KENWOOD,,
"KENWOOD EXCELON 8"" LOADED SUB",PXW804B,STANDARD,SUB,,,1,0,199.99,1,KENWOOD,,
ROCKFORD PRIME LOAD SUB BOX,R22X12,STANDARD,SUB,,,1,184,299.99,0,ROCKFORD,,
ROCKFORD PRIME 10 IN WOOFER,R2D210,STANDARD,SUB,,,1,44,79.99,0,ROCKFORD FOSGATE,,
ROCKFORD PRIME 12 IN WOOFER,R2D212,STANDARD,SUB,,,1,49,89.99,1,ROCKFORD FOSGATE,,
ROCKFORD PRIME 10 IN WOOFER,R2D410,STANDARD,SUB,,,1,44,79.99,3,ROCKFORD FOSGATE,,
ROCKFORD PRIME 12 IN WOOFER,R2D412,STANDARD,SUB,,,1,49,89.99,1,ROCKFORD FOSGATE,,
ROCKFORD R2 SHALLOW LOADED,R2S1X12,STANDARD,SUB,,,1,100,249.99,1,ROCKFORD FOSGATE,,
"ROCKFORD PRIME SHALLOW 10""",R2SD210,STANDARD,SUB,,,1,62,119.99,0,ROCKFORD FOSGATE,,
"ROCKFORD PRIME SHALLOW 12""",R2SD212,STANDARD,SUB,,,1,68,149.99,0,ROCKFORD FOSGATE,,
"ROCKFORD PRIME 10"" SUB",R2SD410,STANDARD,SUB,,,1,62,119.99,1,ROCKFORD FOSGATE,,
"ROCKFORD PRIME 12"" SUB",R2SD412,STANDARD,SUB,,,1,51.99,119.99,0,ROCKFORD FOSGATE,,
"SUNDOWN CLASSIC 12"" SUBS",SA12,STANDARD,SUB,,,1,125,249.99,0,SUNDOWN AUDIO,,
"SUNDOWN 12"" 1000RMS SUB",SA12D4,STANDARD,SUB,,,1,172,349.99,2,SUNDOWN,,
"SUNDOWN D4 15"" SUB",SA15D4,STANDARD,SUB,,,1,200,399.99,-2,SUNDOWN,,
"SUNDOWN 12"" SUB 600 WATT",SLD12,STANDARD,SUB,,,1,125,249.99,0,SUNDOWN,,
"AUDIOCONTROL 12"" SHALLOW SUB",SPC12S2,STANDARD,SUB,,,1,100.39,199.99,2,STINGER,,
"JBL STADIUM 12"" SUBS 500RMS",STADIUM1224,STANDARD,SUB,,,1,118.5,249.99,0,SANTA FE,,
"JBL DUAL 12""",STAGE1220B,STANDARD,SUB,,,1,120,199.99,0,JBL,,
ROCKFORD POWER SER SUB DVC 4OH,T0D412,STANDARD,SUB,,,1,201,349.99,0,ROCKFORD  FOSGATE,,
"ROCKFORD FOSGATE 15"" T1 SUB",T1D415,STANDARD,SUB,,,1,399.99,799.99,0,ROCKFORD,,
"ROCKFORD POWER 13"" SUB",T2S113,STANDARD,SUB,,,1,737,1069.99,0,ROCKFORD,,
"PIONEER 12"" 2000 WATT",TSA120D4,STANDARD,SUB,,,1,55,129.99,0,PIONEER,,
"PIONEER 10"" SUB",TSD10D2,STANDARD,SUB,,,1,70,159.99,0,,,
"PIONEER 600RMS 12"" SUB",TSD12D4,STANDARD,SUB,,,1,65,179.99,0,PIONEER,,
"PIONEER 12"" 1400W DVC SUB",TSW311D4,STANDARD,SUB,,,1,58.5,129.99,0,PIONEER,,
"PIONEER LOAD 12"" SUB AMP PACK",TSWX1220AH,STANDARD,SUB,,,1,330,679.99,0,PIONEER,,
SUNDOWN 12' U SERIES SUBS,U12D4,STANDARD,SUB,,,1,278.45,529.99,0,SUNDOWN,,
"SUNDOWN U SERIES 15"" SUBS",U15D4,STANDARD,SUB,,,1,305.22,699.99,2,SUNDOWN,,
KENWOOD EXCELON 12 SUB 400RMS,XRW1204,STANDARD,SUB,,,1,90,199.99,0,KENWOOD,,
KENWOOD EXCELON OVERSIZE SUB,XRW12F,STANDARD,SUB,,,1,150,299.99,0,KENWOOD,,
"JENSEN SUB 12""",XS12S,STANDARD,SUB,,,1,25,49.99,0,AUDIOVOX,,
"DS18 12"" 750 WATT SUB",ZR124D,STANDARD,SUB,,,1,112,219.99,2,,,
AUDIOVOX CAMERA,ACA200W,STANDARD,VIDEO,,,1,50,129.99,0,AUDIOVOX,,
WIRELESS VEHICLE BACKUP SYSTEM,ACA240,STANDARD,VIDEO,,,1,70,199.99,1,AUDIOVOX,,
AUXIOVOX CAMERA,ACA801,STANDARD,VIDEO,,,1,60,129.99,3,AUDIOVOX,,
PIONEER APPLE CAR PLAY RADIO,AVH1400NEX,STANDARD,VIDEO,,,1,220,349.99,1,PIONEER,,
"PIONEER DD 6.1"" DVD",AVH170DVD,STANDARD,VIDEO,,,1,167.9,229.99,0,PIONEER,,
PIONEER DVD USB,AVH180DVD,STANDARD,VIDEO,,,1,167.5,229.99,0,PIONEER,,
PIONEER DVD BLUETOOTH,AVH211EX,STANDARD,VIDEO,,,1,152,199.99,0,PIONEER,,
PIONEER DD CAR PLAY DVD,AVH2440NEX,STANDARD,VIDEO,,,1,340,449.99,0,PIONEER,,
PIONEER 6.1 DVD BLUETHOOTH,AVH280BT,STANDARD,VIDEO,,,1,205,299.99,0,PIONEER,,
PIONEER DD DVD BLUETHOOTH,AVH291BT,STANDARD,VIDEO,,,1,182.5,259.99,1,CARTOYZ,,
PIONEER DVD APP RADIO,AVH4201NEX,STANDARD,VIDEO,,,1,511,699.99,0,PIONEER,,
PIONEER DVD DD BLUETOOTH,AVH601EX,STANDARD,VIDEO,,,1,262,359.99,0,PIONEER,,
PIONEER 7' DD DVD BLUETOOTH,AVHX4800BS,STANDARD,VIDEO,,,1,280,379.99,0,PIONEER,,
"PIONEER 7"" DVD USB BLUETOOTH",AVHX491BHS,STANDARD,VIDEO,,,1,262.5,359.99,0,PIONEER,,
PIONEER FLIP OUT DVD BLUETOOTH,AVHX7500BT,STANDARD,VIDEO,,,1,365,499.99,0,PIONEER,,
PIONEER 6.1 NAV APP RADIO,AVIC5200NEX,STANDARD,VIDEO,,,1,547.5,749.99,0,PIONEER,,
"AUDIOVOX 13"" DVD FLIP DOWN",AVXMTG13,STANDARD,VIDEO,,,1,300,599.99,1,AUDIOVOX,,
"AUDIOVOX 7"" DVD HEADREST",AVXMTGHR1DA,STANDARD,VIDEO,,,1,130,299.99,2,AUDIOVOX,,
"7"" AUDIOVOX HEADREST",AVXMTGHR1M,STANDARD,VIDEO,,,1,100,249.99,1,AUDIOVOX,,
BOSS FLIP OUT DVD,BV99821,STANDARD,VIDEO,,,1,90,199.99,0,SANTA FE,,
RYDEEN MINI CAMERA,CM3T150BPR,STANDARD,VIDEO,,,1,40.96,119.99,0,SANTA FE,,
"JENSEN 7"" USB MIRRORING MEDIA",CMM720,STANDARD,VIDEO,,,1,90,149.99,0,JENSEN,,
KENWOOD DVD BLUETOOTH APP RADI,DDX350BT,STANDARD,VIDEO,,,1,170,279.99,0,PIONEER,,
KENWOOD EXCELON DVD BLUETOOTH,DDX393,STANDARD,VIDEO,,,1,225,349.99,0,KENWOOD,,
KENWOOD EXCELON DD DVD,DDX395,STANDARD,VIDEO,,,1,224,349.99,0,KENWOOD,,
KENWOOD DD DIN DVD BLUETOOTH,DDX396,STANDARD,VIDEO,,,1,200,329.99,1,KENWOOD,,
KENWOOD DVD HD RADIO BLUETOOTH,DDX593,STANDARD,VIDEO,,,1,240,349.99,0,KENWOOD,,
KENWOOD DVD 6.2 SCREEN,DDX6906S,STANDARD,VIDEO,,,1,338,469.99,0,KENWOOD,,
KENWOOD EXCELON NAV,DNX692,STANDARD,VIDEO,,,1,634,899.99,0,KENWOOD,,
KENWOOD NAV APP RADIO,DNX693S,STANDARD,VIDEO,,,1,634,899.99,0,KENWOOD,,
KENWOOD APP RADIO NAV,DNX773S,STANDARD,VIDEO,,,1,450,699.99,1,KENWOOD,,
KENWOOD DD NAV APP RADIO,DNX890HD,STANDARD,VIDEO,,,1,800,1199.99,0,PIONEER,,
KENWOOD EXCELON CD BLUETOOTH,DPX791BH,STANDARD,VIDEO,,,1,136,199.99,0,KENWOOD,,
FEHRENHEIT,DTV2U,STANDARD,VIDEO,,,1,109.99,159.99,0,WHOLESALE HOUSE,,
AUTOPRO FLIPDOWN,MD11,STANDARD,VIDEO,,,1,60,199.99,0,SANTA FE,,
MOVIES 2 GO 10 IN FLIP,MTG10UHD,STANDARD,VIDEO,,,1,212,399.99,0,AUDIOVOX,,
"AUDIOVOX 12"" LED LCD OVERHEAD",MTG13UHD,STANDARD,VIDEO,,,1,262.5,499.99,1,,,
AUDIOVOX WIRELESS HEADPHONES,MTGHP1CA,STANDARD,VIDEO,,,1,20,39.99,0,AUDIOVOX,,
PIONEER APP CAR PLAY,MVH1400NEX,STANDARD,VIDEO,,,1,220,349.99,0,PIONEER,,
PIONEER NEX REC APP RADIO,MVH2300NEX,STANDARD,VIDEO,,,1,320,449.99,0,PIONEER,,
PIONEER BACK UP CAMERA,NDBC8,STANDARD,VIDEO,,,1,75,149.99,0,PIONEER,,
"PLANET AUDIO 7"" FLIP OUT",P9759B,STANDARD,VIDEO,,,1,140,279.99,0,SANTA FE,,
POWER ACUSTIC FLIPOUT,PD721B,STANDARD,VIDEO,,,1,117,229.99,0,SANTA FE,,
PLANET AUDIO IR HEADPHONE,PHP22,STANDARD,VIDEO,,,1,13,29.99,0,SANTA FE,,
PYLE REVERSE CAM KIT,PLCM7200,STANDARD,VIDEO,,,1,51,199.99,0,SANTA FE,,
SAFETY FIRST BACKUP CAM W/IR,SFBIRLPCAM,STANDARD,VIDEO,,,1,37,99.99,-2,SANTA FE,,
SAFETY FIRST MIRROR SCREEN 7.3,SFBMIRHD73,STANDARD,VIDEO,,,1,199.99,399.99,0,SANTA FE,,
SAFETY FIRST BACKUP CAM,SFSLPCAM,STANDARD,VIDEO,,,1,25,79.99,1,SANTA FE,,
"SAFETY REAR VIEW MIRROR 4.3""",SFSMIR43,STANDARD,VIDEO,,,1,40,99.99,1,SANTA FE,,
"TVIEW 17 "" MONITER W/IR",T176IR,STANDARD,VIDEO,,,1,160,349.99,0,WHOLESALE HOUSE,,
"TVIEW 9"" LCD HEADREST BLACK",T921PLBK,STANDARD,VIDEO,,,1,155,399.99,0,WHOLESALE HOUSE,,
"TVIEW 9"" LCD HEADREST GRAY",T921PLGR,STANDARD,VIDEO,,,1,155,399.99,0,WHOLESALE HOUSE,,
"TVIEW 9"" LCD HEADREST TAN",T921PLTAN,STANDARD,VIDEO,,,1,155,399.99,0,WHOLESALE HOUSE,,
INTRAPHEX BACK UP MIROR,TD43BT,STANDARD,VIDEO,,,1,100,199.99,0,AMERICAN INTERNATIONAL,,
SMALL EYEBALL CAMERA,TERSC,STANDARD,VIDEO,,,1,30,69.99,1,SANTA FE,,
SMALL CAMERA,TESRBC,STANDARD,VIDEO,,,1,30.67,99.99,0,SANTA FE,,
SMALL SQUARE CAMERA,TESSIR,STANDARD,VIDEO,,,1,29,69.99,0,SANTA FE,,
VEDIO AMP,VB1,STANDARD,VIDEO,,,1,17,39.99,0,WHOLESALE HOUSE,,
SOUNDSTREAM DIN DVD PLAYER,VDVD165,STANDARD,VIDEO,,,1,67,129.99,0,SANTA FE,,
SOUNDSTEAM IR HEADPHONE,VHP11,STANDARD,VIDEO,,,1,18.5,39.99,1,SANTA FE,,
SOUND STREAM 10.3 SCREEN BLUET,VR103B,STANDARD,VIDEO,,,1,170,349.99,0,SANTA FE,,
"SOUNDSTREAM 7"" FLIP OUT HDMI",VR722HB,STANDARD,VIDEO,,,1,159.99,349.99,0,SANTA FE,,
"SOUNDSTREAM 7"" SINGLE DIN",VR732,STANDARD,VIDEO,,,1,160,299.99,0,SANTA FE,,
JENSEN DD VIDEO BLUETOOTH,VX2529,STANDARD,VIDEO,,,1,75,139.99,1,AUDIOVOX,,
JENSEN DD BLUETOOTH,VX3026,STANDARD,VIDEO,,,1,150,249.99,0,AUDIOVOX,,
JENSEN 6.2 BLUETOOTH HDMI,VX4022,STANDARD,VIDEO,,,1,172,299.99,0,AUDIOVOX,,
JENSEN FLIP OUT NAV,VX7012,STANDARD,VIDEO,,,1,255,399.99,0,AUDIOVOX,,
JENSEN NAV 6.2,VX7020,STANDARD,VIDEO,,,1,227.5,399.99,0,AUDIOVOX,,
"JENSEN 6.2"" NAV BLUETOOTH",VX7023,STANDARD,VIDEO,,,1,234,399.99,1,AUDIOVOX,,
WIRELESS HEADPHONES FAR,WLHP100,STANDARD,VIDEO,,,1,14,29.99,0,AUDIOVOX,,
DUAL DD DVD PLAYER,XDVD276BT,STANDARD,VIDEO,,,1,80,149.99,0,,,
