Item ID,Item Description,Item Class,Active?,Item Type,Qty on Hand
185/70/13,185/70/13 MOUNTED AND BALANCED,Stock item,Inactive,,-4.00
235/55/16,,Stock item,Inactive,,
235/70/15,,Stock item,Active,TIRES,
5 5LUG SILVER MOD,,Stock item,Active,,2.00
5.70X8 HIRUN,5.70 X 8 HIRUN TRAILER,Stock item,Active,TIRES,
670-15 FARMKING,,Stock item,Active,TIRES,
A-align 13-15,"All Wheel Alignment 13""-15""",Non-stock item,Active,,
A-align 13-16,"All Wheel Alignment 13""-16""",Non-stock item,Active,,
A-align 17-19,"All Wheel Alignment 17""-19""",Non-stock item,Active,,
A-align 20-24,"All Wheel Alignment 20""-24""",Non-stock item,Active,,
A/C SERVICE,,Stock item,Active,,-2.00
acceiera 245/40/20,245/40/20,Stock item,Active,TIRES,
ACHILES 165/45/15,ACHILES 165/45/15,Stock item,Active,TIRES,
achiles 195/50/16,achiles 195/50/16,Stock item,Active,TIRES,
ACHILES 195/60/16,ACHILES 195/60/16,Stock item,Active,TIRES,
achiles 215/40/17,215/40/17,Stock item,Active,TIRES,
achiles 215/45/17,achiles 215/45/17,Stock item,Active,TIRES,
achiles 215/50/17,215/50/17,Stock item,Active,TIRES,
ACHILES 215/55/16,,Stock item,Active,TIRES,
achiles 225/30/20,225/30/20,Stock item,Active,TIRES,
achiles 225/35/19,225/35/19,Stock item,Active,TIRES,
achiles 225/45/18,225/45/18,Stock item,Active,TIRES,
ACHILES 225/55/17,ACHILES 225/55/17 MOUNTED,Stock item,Active,TIRES,
ACHILES 225/60/16,ACHILES 225/60/16,Stock item,Active,TIRES,
achiles 235/30/20,235/30/20,Stock item,Active,TIRES,
ACHILES 235/35/19,ACHILES 235/35/19,Stock item,Active,TIRES,
ACHILES 235/40/18,ACHILES 235/40/18,Stock item,Active,TIRES,
ACHILES 245/30/20,ACHILES 245/30/20,Stock item,Active,TIRES,
achiles 245/45/18,245/45/18,Stock item,Active,TIRES,
achiles 265/35/18,265/35/18,Stock item,Active,TIRES,
ACHILES 275/30/20,ACHILES 275/30/20,Stock item,Active,TIRES,
ACHILES 275/55/20,ACHILES 275/55/20,Stock item,Active,TIRES,
achiles 285/50/20,285/50/20,Stock item,Active,TIRES,
ACHILES 305/35/24,ACHILES 305/35/24,Stock item,Active,TIRES,
achiles 305/45/22,305/45/22,Stock item,Active,TIRES,
achilles 185/65/15,185/65/15,Stock item,Active,TIRES,
achilles 185/70/14,185/70/14,Stock item,Active,TIRES,
achilles 195/50/15,195/50/15,Stock item,Active,TIRES,
achilles 195/55/15,195/55/15,Stock item,Active,TIRES,
achilles 195/55/16,195/55/16,Stock item,Active,TIRES,
achilles 195/60/16,195/60/16,Stock item,Active,TIRES,
achilles 195/65/14,195/65/14,Stock item,Active,TIRES,
achilles 195/65/15,195/65/15,Stock item,Active,TIRES,
achilles 205/40/17,205/40/17,Stock item,Active,TIRES,
achilles 205/45/17,205/45/17,Stock item,Active,TIRES,
achilles 205/50/16,205/50/16,Stock item,Active,TIRES,
achilles 205/50/17,205/50/17,Stock item,Active,TIRES,
achilles 205/60/15,205/60/15,Stock item,Active,TIRES,
achilles 215/50/17,215/50/17,Stock item,Active,TIRES,
achilles 215/55/16,215/55/16,Stock item,Active,TIRES,
achilles 215/70/16,215/70/16,Stock item,Active,TIRES,
achilles 225/30/20,225/30/20,Stock item,Active,TIRES,
achilles 225/35/20,225/35/20,Stock item,Active,TIRES,
achilles 225/40/18,225/40/18,Stock item,Active,TIRES,
achilles 225/45/17,225/45/17,Stock item,Active,TIRES,
achilles 225/45/18,225/45/18,Stock item,Active,TIRES,
achilles 225/50/16,225/50/16,Stock item,Active,TIRES,
achilles 225/60/16,225/60/16,Stock item,Active,TIRES,
achilles 225/70/16,225/70/16,Stock item,Active,TIRES,
achilles 235/30/20,235/30/20,Stock item,Active,TIRES,
achilles 235/40/18,235/40/18,Stock item,Active,TIRES,
achilles 235/70/16,235/70/16,Stock item,Active,TIRES,
achilles 245/30/20,245/30/20,Stock item,Active,TIRES,
achilles 245/35/20,245/35/20,Stock item,Active,TIRES,
achilles 245/45/18,245/45/18,Stock item,Active,TIRES,
achilles 245/70/16,245/70/16,Stock item,Active,TIRES,
achilles 255/35/20,255/35/20,Stock item,Active,TIRES,
achilles 255/45/20,255/45/20,Stock item,Active,TIRES,
ACHILLES 265/35/18,ACHILLES 265/35/18,Stock item,Active,TIRES,
achilles 265/35/22,265/35/22,Stock item,Active,TIRES,
achilles 305/35/24,305/35/24,Stock item,Active,TIRES,
achilles 305/40/22,305/40/22,Stock item,Active,TIRES,
achilles 305/45/22,305/45/22,Stock item,Active,TIRES,
ADAPTER SPACER,ADAPTER SPACER,Non-stock item,Active,,
ADAPTER SPACER - i,ADAPTER SPACER,Stock item,Inactive,,
ADRENZA 265/35/22,ADRENZA 265/35/22,Stock item,Active,TIRES,
ADVANTA 205/75/15,ADVANTA 205/75/15,Stock item,Active,TIRES,
ADVANTA 215/65/17,ADVANTA 215/65/17,Stock item,Active,TIRES,
ADVANTA 225/75/15,ADVANTA 225/75/15,Stock item,Active,TIRES,
ADVENTURO 265/70/18,ADVENTURO 265/70/18,Stock item,Active,TIRES,
ADVENTURO 285/65/18,ADVENTURO 285/75/18,Stock item,Active,TIRES,
AG 205/50/16,205/50/16,Stock item,Active,TIRES,
AG 215/85/16,215/85/16,Stock item,Active,TIRES,
AG 225/45/17,225/45/17,Stock item,Active,TIRES,
AG 265/75/18,265/75/18,Stock item,Active,TIRES,
AG 305/45/22,305/45/22,Stock item,Active,TIRES,
AKURET ST215/75/14,AKURET ST215/75/14,Stock item,Active,TIRES,
AKURET ST235/85/16,AKURET ST235/85/16,Stock item,Active,TIRES,
align,ALIGNMENT,Non-stock item,Active,,
align - 1,ALIGNMENT,Stock item,Inactive,,-54.00
ALIGNMENT,ALIGNMENT,Non-stock item,Active,,
alpine 225/75/16,225/75/16,Stock item,Active,TIRES,
alpine 8.75/16.50/8,,Stock item,Active,TIRES,
antyre 225/30/20,225/30/20,Stock item,Active,TIRES,
antyre 225/35/20,225/35/20,Stock item,Active,TIRES,
antyre 245/30/22,245/30/22,Stock item,Active,TIRES,
antyre 245/35/20,245/35/20,Stock item,Active,TIRES,
antyre 255/35/20,255/35/20,Stock item,Active,TIRES,
antyre 265/35/22,265/35/22,Stock item,Active,TIRES,
antyre 275/45/20,275/45/20,Stock item,Active,TIRES,
antyre 285/50/20,285/50/20,Stock item,Active,TIRES,
antyre 305/35/24,305/35/24,Stock item,Active,TIRES,
antyre 305/40/22,305/40/22,Stock item,Active,TIRES,
ARROYO 265/35/22,ARROYO 265/35/22,Stock item,Active,TIRES,2.00
ARROYO 275/40/20,ARROYO 275/40/20,Stock item,Active,TIRES,2.00
ARROYO 275/40/22,ARROYO 275/40/22,Stock item,Active,TIRES,2.00
ARROYO 295/30/22,ARROYO 295/30/22,Stock item,Active,TIRES,2.00
ARROYO 33/12.50/18,ARROYO 33/12.50/18,Stock item,Active,TIRES,4.00
ARROYO 33/12.50/20,ARROYO 33/12.50/20,Stock item,Active,TIRES,
ARROYO 33/12.50/22,ARROYO TAMAROCK 33/12.50/22,Stock item,Active,TIRES,-4.00
ARTIC 225/75/15,ARTIC 225/75/15,Stock item,Active,TIRES,
ATLAS 225/40/18,ATLAS 225/40/18,Stock item,Active,TIRES,
atturo 255/30/22,255/30/22,Stock item,Active,TIRES,
atturo 255/45/20,255/45/20,Stock item,Active,TIRES,
atturo 265/35/22,265/35/22,Stock item,Active,TIRES,
atturo 275/40/20,275/40/20,Stock item,Active,TIRES,
ATTURO 275/50/22,ATTURO 275/50/22,Stock item,Active,TIRES,4.00
atturo 275/60/20,275/60/20,Stock item,Active,TIRES,
ATTURO 285/50/20,ATTURO 285/50/20,Stock item,Active,TIRES,
ATTURO 295/60/20,ATTURO LT295/60/20,Stock item,Active,TIRES,4.00
atturo 305/35/24,305/35/24,Stock item,Active,TIRES,
atturo 305/40/22,305/40/22,Stock item,Active,TIRES,
atturo 305/45/22,305/45/22,Stock item,Active,TIRES,
ATTURO 35/12.5/18,ATTURO 35/12.5/18,Stock item,Active,TIRES,
aurora 205/60/15,205/60/15,Stock item,Active,TIRES,
AURORA 215/45/17,AURORA 215/45/17,Stock item,Active,TIRES,
aurora 235/75/15,235/75/15,Stock item,Active,TIRES,
aurora 245/40/20,245/40/20,Stock item,Active,TIRES,
aurora 255/35/20,255/35/20,Stock item,Active,TIRES,
aurora 265/35/22,265/35/22,Stock item,Active,TIRES,
aurora 275/40/20,275/40/20,Stock item,Active,TIRES,
aurora 275/55/20,275/55/20,Stock item,Active,TIRES,
AUTOGRIP 265/35/22,AUTOGRIP 265/35/22,Stock item,Active,TIRES,
avalanche 235/75/15,235/75/15,Stock item,Active,TIRES,
BADLANDS 35/12.50/18,BADLANDS 35/12.50/18,Stock item,Active,TIRES,
BADLANDS 35/12.50/20,BADLANDS 35/12.50/20,Stock item,Active,TIRES,
BADLANDS 35/12.50/22,BADLANDS 35/12.50/22,Stock item,Active,TIRES,2.00
baja 225/70/16,225/70/16,Stock item,Active,TIRES,
baja 265/70/17,265/70/17,Stock item,Active,TIRES,
baja 265/75/16,265/75/16,Stock item,Active,TIRES,
BAJA 35/12.50/18,BAJA 35/12.50/18,Stock item,Active,TIRES,5.00
baja 35/12.50/20,35/12.50/20,Stock item,Active,TIRES,
baja 35/12.50/20/10,35/12.50/20/10,Stock item,Active,TIRES,
baja 35x12.50/15/6,35x12.50/15/6,Stock item,Active,TIRES,
baja 36/15.50/20,36/15.50/20,Stock item,Active,TIRES,
baja LT 305/55/20,305/55/20,Stock item,Active,TIRES,
baja LT 315/70/17,315/70/18,Stock item,Active,TIRES,
BALANCE,MOUNT AND BALANCE,Stock item,Active,,-60.00
bct 185/65/14,185/65/14,Stock item,Active,TIRES,
bct 205/40/17,205/40/17,Stock item,Active,TIRES,
bct 205/75/15,205/75/15,Stock item,Active,TIRES,
bct 215/45/17,215/45/17,Stock item,Active,TIRES,
bct 225/40/18,225/40/18,Stock item,Active,TIRES,
bct 225/60/16,225/60/16,Stock item,Active,TIRES,
bct 235/80/16,235/80/16,Stock item,Active,TIRES,
bct 245/40/18,245/40/18,Stock item,Active,TIRES,
bct 265/35/22,265/35/22,Stock item,Active,TIRES,
bct 305/35/24,305/35/24,Stock item,Active,TIRES,
bct 305/40/22,305/40/22,Stock item,Active,TIRES,
bct 305/45/22,305/45/22,Stock item,Active,TIRES,
bct lt245/75/16,245/75/16,Stock item,Active,TIRES,
bct lt265/75/16,265/75/16,Stock item,Active,TIRES,
BFG 155/80/15,BFG 155/80/15,Stock item,Active,TIRES,
BFG 185/65/15,,Stock item,Active,TIRES,
bfg 195/60/15,195/60/15,Stock item,Active,TIRES,
BFG 195/65/15,BFG 195/65/15,Stock item,Active,TIRES,
BFG 195/70/14,BFG 195/70/14,Stock item,Active,TIRES,
bfg 205/45/16,205/45/16,Stock item,Active,TIRES,
BFG 205/50/16,BFG 205/50/16,Stock item,Active,TIRES,
bfg 205/50/17,205/50/17,Stock item,Active,TIRES,
bfg 205/55/16,205/55/16,Stock item,Active,TIRES,
bfg 205/60/15,205/60/15,Stock item,Active,TIRES,-2.00
BFG 205/60/16,,Stock item,Active,TIRES,
BFG 205/65/15,BFG 205/65/15,Stock item,Active,TIRES,
BFG 205/70/14,BFG 205/70/14,Stock item,Active,TIRES,
bfg 205/70/15,205/70/15,Stock item,Active,TIRES,
bfg 215/40/17,215/40/17,Stock item,Active,TIRES,
bfg 215/45/17,215/45/17,Stock item,Active,TIRES,
BFG 215/50/16,BFG 215/50/16,Stock item,Active,TIRES,
BFG 215/55/16,BFG 215/55/16,Stock item,Active,TIRES,
bfg 215/55/17,215/55/17,Stock item,Active,TIRES,
bfg 215/60/14,bfg 215/60/14,Stock item,Active,TIRES,
bfg 215/60/15,215/60/15,Stock item,Active,TIRES,
bfg 215/60/16,215/60/16,Stock item,Active,TIRES,
bfg 215/60/17,215/60/17,Stock item,Active,TIRES,
BFG 215/65/15,BFG 215/65/15,Stock item,Active,TIRES,
BFG 215/65/16,BFG 215/65/16,Stock item,Active,TIRES,
BFG 215/65/17,BFG 215/65/17,Stock item,Active,TIRES,
BFG 215/70/14,,Stock item,Active,TIRES,
BFG 215/70/15,215/70/15,Stock item,Active,TIRES,
BFG 215/70/16,BFG 215/70/16 LONGTRAIL,Stock item,Active,TIRES,
BFG 215/75/15,BFG 215/75/15,Stock item,Active,TIRES,
bfg 215/85/16,215/85/16,Stock item,Active,TIRES,
BFG 225/40/18,BFG 225/40/18,Stock item,Active,TIRES,
BFG 225/45/17,BFG 225/45/17,Stock item,Active,TIRES,
BFG 225/50/16,BFG 225/50/16,Stock item,Active,TIRES,
BFG 225/50/17,BFG 225/50/17,Stock item,Active,TIRES,
BFG 225/50/18,225/50/18,Stock item,Active,TIRES,
BFG 225/55/16,,Stock item,Active,TIRES,
bfg 225/55/17,225/55/17,Stock item,Active,TIRES,
bfg 225/60/14,225/60/14,Stock item,Active,TIRES,
bfg 225/60/15,225/60/15,Stock item,Active,TIRES,
BFG 225/60/16,225/60/16,Stock item,Active,TIRES,
BFG 225/60/17,BFG 225/60/17,Stock item,Active,TIRES,
BFG 225/60/18,,Stock item,Active,TIRES,
BFG 225/65/16,225/65/16,Stock item,Active,TIRES,
BFG 225/70/14,,Stock item,Active,TIRES,
bfg 225/70/15,225/70/15,Stock item,Active,TIRES,
bfg 225/70/16,BFG 225/70/16,Stock item,Active,TIRES,
bfg 225/75/15,bfg 225/75/15,Stock item,Active,TIRES,
bfg 225/75/16,BFG 225/75/16,Stock item,Active,TIRES,
bfg 235/45/17,235/45/17,Stock item,Active,TIRES,
bfg 235/50/18,235/50/18,Stock item,Active,TIRES,
bfg 235/55/16,235/55/16,Stock item,Active,TIRES,
BFG 235/55/17,BFG 235/55/17,Stock item,Active,TIRES,
BFG 235/55/18,BFG 235/55/18,Stock item,Active,TIRES,4.00
bfg 235/60/14,235/60/14,Stock item,Active,TIRES,
bfg 235/60/17,235/60/17,Stock item,Active,TIRES,
bfg 235/65/17,235/65/17,Stock item,Active,TIRES,1.00
BFG 235/65/18,BFG 235/65/18,Stock item,Active,TIRES,
bfg 235/70/15,235/70/15,Stock item,Active,TIRES,-2.00
bfg 235/70/16,235/70/16,Stock item,Active,TIRES,
bfg 235/70/17,,Stock item,Active,TIRES,4.00
bfg 235/75/15,235/75/15,Stock item,Active,TIRES,4.00
bfg 235/75/16,BFG 235/75/16 MOUNT AND BALANC,Stock item,Active,TIRES,
bfg 235/85/16,235/85/16,Stock item,Active,TIRES,
bfg 245/40/17,245/40/17,Stock item,Active,TIRES,
bfg 245/40/18,245/40/18,Stock item,Active,TIRES,
bfg 245/40/19,245/40/19,Stock item,Active,TIRES,
BFG 245/45/17,BFG 245/45/17,Stock item,Active,TIRES,
BFG 245/45/19,BF-GOODRICH 245/45/19,Stock item,Active,TIRES,
BFG 245/45/20,,Stock item,Active,TIRES,
BFG 245/50/16,,Stock item,Active,TIRES,
BFG 245/55/18,BFG 245/55/18,Stock item,Active,TIRES,
bfg 245/60/14,245/60/14,Stock item,Active,TIRES,
BFG 245/60/15,,Stock item,Active,TIRES,
BFG 245/65/17,BFG 245/65/17,Stock item,Active,TIRES,
BFG 245/70/16,BFG LONGTRAIL 245/70/16,Stock item,Active,TIRES,
bfg 245/70/17,245/70/17,Stock item,Active,TIRES,
bfg 245/75/16,245/75/16,Stock item,Active,TIRES,8.00
bfg 245/75/17,245/75/17,Stock item,Active,TIRES,
BFG 255/35/18,BFG 255/35/18,Stock item,Active,TIRES,
BFG 255/35/20,BFG 255/35/20,Stock item,Active,TIRES,
BFG 255/40/17,BFG 255/40/17,Stock item,Active,TIRES,
BFG 255/40/18,255/40/18,Stock item,Active,TIRES,
BFG 255/45/20,BFG 255/45/20,Stock item,Active,TIRES,
bfg 255/50/16,255/50/16,Stock item,Active,TIRES,
bfg 255/60/15,255/60/15,Stock item,Active,TIRES,
bfg 255/70/15,255/70/15,Stock item,Active,TIRES,
BFG 255/70/16,BFG 255/70/16,Stock item,Active,TIRES,
BFG 255/70/17,BFG 255/70/17,Stock item,Active,TIRES,
BFG 255/70/18,BFG 255/70/18,Stock item,Active,TIRES,
BFG 255/75/16,BFG 255/75/16,Stock item,Active,TIRES,1.00
BFG 255/75/17,BFG 255/75/17,Stock item,Active,TIRES,
BFG 265/60/18,,Stock item,Active,TIRES,
BFG 265/65/17,,Stock item,Active,TIRES,
BFG 265/65/18,265/65/18,Stock item,Active,TIRES,
bfg 265/70/15,265/70/15,Stock item,Active,TIRES,
bfg 265/70/16,265/70/16,Stock item,Active,TIRES,
bfg 265/70/17,265/70/17,Stock item,Active,TIRES,
BFG 265/70/18,265/70/18,Stock item,Active,TIRES,
bfg 265/75/16,bf goodrich lt265/75/16,Stock item,Active,TIRES,
bfg 275/35/18,275/35/18,Stock item,Active,TIRES,
bfg 275/35/19,275/35/19,Stock item,Active,TIRES,
BFG 275/40/17,BFG 275/40/17,Stock item,Active,TIRES,
BFG 275/40/18,BFG 275/40/18,Stock item,Active,TIRES,
BFG 275/40/20,,Stock item,Active,TIRES,
BFG 275/55/20,BFG 275/55/20,Stock item,Active,TIRES,4.00
bfg 275/60/15,275/60/15,Stock item,Active,TIRES,
bfg 275/60/17,275/60/17,Stock item,Active,TIRES,
BFG 275/60/20,BFG 275/60/20,Stock item,Active,TIRES,2.00
bfg 275/65/18,275/65/18,Stock item,Active,TIRES,2.00
BFG 275/65/20,275/65/20,Stock item,Active,TIRES,
BFG 275/70/17,BF-GOODRICH LT275/70/17,Stock item,Active,TIRES,
BFG 275/70/18,BFG LT 275/70/18,Stock item,Active,TIRES,4.00
bfg 285/65/18,285/65/18,Stock item,Active,TIRES,
bfg 285/70/17,285/70/17,Stock item,Active,TIRES,
BFG 285/75/16,BFG 285/75/16,Stock item,Active,TIRES,
BFG 295/55/20,BFG 295/55/20,Stock item,Active,TIRES,4.00
BFG 305/35/20,BFG 305/35/20,Stock item,Active,TIRES,2.00
BFG 305/55/20,BFG 305/55/20,Stock item,Active,TIRES,
BFG 305/65/18,BFG 305/65/18,Stock item,Active,TIRES,4.00
bfg 305/70/16,305/70/16,Stock item,Active,TIRES,
BFG 31/10.5/15,,Stock item,Active,TIRES,
BFG 315/70/17,,Stock item,Active,TIRES,4.00
BFG 32/11.50/15,BFG 32/11.50/15,Stock item,Active,TIRES,-4.00
BFG 32X11.50 X15,BFG 32X11.50X15,Stock item,Active,TIRES,4.00
BFG 35/12.5/15,BFG 35/12.50/15,Stock item,Active,TIRES,
BFG 35/12.5/20,BFG 35/12.50/20,Stock item,Active,TIRES,
BFG 37/12.5/18,BFG 37/12.5/18,Stock item,Active,TIRES,
BFG LT 245/75/16,BFG LT 245/75/16,Stock item,Active,TIRES,-8.00
BFG LT 285/75/16,BFG LT 285/75/16,Stock item,Active,TIRES,
bfg lt 315/70/17,315/70/17,Stock item,Active,TIRES,
bfg lt235/75/15,BFG LT235/75/15,Stock item,Active,TIRES,
BFG LT265/70/17,,Stock item,Active,TIRES,
BFG LT265/70/18,BFG LT265/70/18,Stock item,Active,TIRES,
bfg Lt265/75/16,265/75/16,Stock item,Active,TIRES,
BFG LT285/65/18,BFG LT285/65/18,Stock item,Active,TIRES,
bfg Lt285/75/16,285/75/16,Stock item,Active,TIRES,
BFG P245/75/16,,Stock item,Active,TIRES,
bfs 205/55/16,205/55/16,Stock item,Active,TIRES,
bfs 225/45/17,225/45/17,Stock item,Active,TIRES,
bfs 225/60/17,225/60/17,Stock item,Active,TIRES,
bfs 225/65/16,225/65/16,Stock item,Active,TIRES,
bfs 235/60/18,235/60/18,Stock item,Active,TIRES,
bfs 255/40/17,255/40/17,Stock item,Active,TIRES,
bfs 255/65/17,255/65/17,Stock item,Active,TIRES,
bfs 255/70/18,255/70/18,Stock item,Active,TIRES,
BFS 265/70/17,BFS 265/70/17,Stock item,Active,TIRES,
bfs 265/75/16,265/75/16,Stock item,Active,TIRES,
bfs 275/35/19,275/35/19,Stock item,Active,TIRES,
BFS 275/55/20,BFS 275/55/20,Stock item,Active,TIRES,
bfs 285/45/22,285/45/22,Stock item,Active,TIRES,
bfs 31/10.50/15,31/10.50/15,Stock item,Active,TIRES,
bfs V 245/75/16,245/75/16,Stock item,Active,TIRES,
bmwheadlight,BMW HEAD LIGHTS NTR2006A,Stock item,Inactive,,
BOTO 215/75/17.5,215/75/17.5,Stock item,Active,TIRES,
BOTO 225/40/18,225/40/18,Stock item,Active,TIRES,
BOTO 245/35/20,245/35/20,Stock item,Active,,
BRIDGESTON 175/65/15,,Stock item,Active,,
BRIDGESTON 195/55/16,BRIDGESTON 195/55/16,Stock item,Active,TIRES,
BRIDGESTON 195/65/15,,Stock item,Active,,
bridgeston 205/45/17,205/45/17,Stock item,Active,,
BRIDGESTON 205/50/17,BRIDGESTONE 205/50/17,Stock item,Active,TIRES,
bridgeston 215/45/17,215/45/17,Stock item,Active,,
BRIDGESTON 215/55/16,BRIDGESTON 215/55/16,Stock item,Active,TIRES,
bridgeston 215/60/17,,Stock item,Active,,
BRIDGESTON 215/65/17,BRIDGESTON 215/65/17,Stock item,Active,TIRES,
BRIDGESTON 215/70/17,,Stock item,Active,TIRES,
BRIDGESTON 225/40/18,BRIDGESTON 225/40/18,Stock item,Active,TIRES,
bridgeston 225/45/17,BRIDGESTONE 225/45/17,Stock item,Active,TIRES,
bridgeston 225/50/18,BRIDGESTONE 225/50/18,Stock item,Active,TIRES,
BRIDGESTON 235/50/18,BRIDGESTON 235/50/18,Stock item,Active,TIRES,
BRIDGESTON 235/65/17,BRIDGESTON 235/65/17,Stock item,Active,TIRES,-1.00
BRIDGESTON 245/35/20,BRIDGESTONE 245/35/20,Stock item,Active,TIRES,
BRIDGESTON 245/40/18,BRIDGESTON 245/4/18,Stock item,Active,TIRES,
BRIDGESTON 245/40/20,BRIDGESTON 245/40/20,Stock item,Active,TIRES,
BRIDGESTON 245/60/20,,Stock item,Active,TIRES,-2.00
BRIDGESTON 245/65/17,BRIDGESTON 245/65/17,Stock item,Active,TIRES,
bridgeston 245/75/16,245/75/16,Stock item,Active,TIRES,
BRIDGESTON 255/35/18,BRIDGESTON 255/35/18,Stock item,Active,TIRES,
BRIDGESTON 255/40/17,BRIDGESTONE 255/40/17,Stock item,Active,TIRES,
BRIDGESTON 255/50/19,BRIDGESTON 255/50/19,Stock item,Active,TIRES,
BRIDGESTON 255/55/17,BRIDGESTON 255/55/17,Stock item,Active,TIRES,
BRIDGESTON 255/60/17,BRIDGESTONE 255/60/17,Stock item,Active,TIRES,
BRIDGESTON 255/65/17,BRIDGESTON 255/65/17,Stock item,Active,TIRES,
BRIDGESTON 255/65/18,BRIDGESTON 255/65/18,Stock item,Active,TIRES,
BRIDGESTON 255/70/18,BRIDGESTONE 255/70/18,Stock item,Active,TIRES,
BRIDGESTON 265/50/20,BRIDGESTON 265/50/20,Stock item,Active,TIRES,
BRIDGESTON 265/65/17,BRIDGESTONE 265/65/17,Stock item,Active,TIRES,
BRIDGESTON 265/70/16,BRIDGESTONE 265/70/16,Stock item,Active,TIRES,
BRIDGESTON 265/75/16,BRIDGESTON 265/75/16,Stock item,Active,TIRES,
BRIDGESTON 275/30/20,BRIDGESTON 275/30/20,Stock item,Active,TIRES,
BRIDGESTON 275/40/20,BRIDGESTON 275/40/20,Stock item,Active,TIRES,
BRIDGESTON 275/55/20,BRIDGESTON 275/55/20,Stock item,Active,TIRES,-8.00
BRIDGESTON 275/60/20,BRIDGESTON 275/60/20,Stock item,Active,TIRES,
BRIDGESTON 285/45/19,BRIDGESTON 285/45/19,Stock item,Active,TIRES,
BRIDGESTON 285/45/22,BRIDGESTON 285/45/22,Stock item,Active,TIRES,
BRIDGESTON 315/35/20,BRIDGESTON 315/35/20,Stock item,Active,TIRES,
BRIDGESTON AL 275/60,BRIDGESTON 275/60/20,Stock item,Active,TIRES,
BRIDGESTONE 195/55/1,BRIDGESTONE 195/55/16,Stock item,Active,TIRES,
BRIDGESTONE 205/60/1,BRIDGESTONE 205/60/16,Stock item,Active,TIRES,
BRIDGESTONE 215/55/1,BRIDGESTONE 215/55/16,Stock item,Active,TIRES,
BRIDGESTONE 215/65/1,BRIDGESTONE 215/65/17,Stock item,Active,TIRES,
BRIDGESTONE 215/70/1,BRIDGESONE 215/70/17,Stock item,Active,TIRES,
BRIDGESTONE 225/40/1,BRIDGESTONE 225/40/18,Stock item,Active,TIRES,
BRIDGESTONE 225/45/1,,Stock item,Active,TIRES,
BRIDGESTONE 225/50/1,BRIDGESTONE 225/50/18,Stock item,Active,TIRES,
BRIDGESTONE 225/60/1,BRIDGESTONE 225/60/17,Stock item,Active,TIRES,
BRIDGESTONE 225/65/1,BRIDGESTONE 225/65/16,Stock item,Active,TIRES,
BRIDGESTONE 235/55/1,BRIDGESTONE 235/55/18,Stock item,Active,TIRES,-4.00
BRIDGESTONE 245/65/1,BRIDGESTONE 245/65/17,Stock item,Active,TIRES,
BRIDGESTONE 255/55/2,BRIDGESTONE 255/55/20,Stock item,Active,TIRES,
BRIDGESTONE 255/60/1,BRIDGESTONE 255/60/17,Stock item,Active,TIRES,4.00
BRIDGESTONE 255/65/1,BRIDGESTONE 255/65/18,Stock item,Active,TIRES,
BRIDGESTONE 255/70/1,255/70/18,Stock item,Active,TIRES,4.00
BRIDGESTONE 265/65/1,BRIDGESTONE 265/65/17,Stock item,Active,TIRES,4.00
BRIDGESTONE 265/70/1,BRIDGESTONE 265/70/17,Stock item,Active,TIRES,
BRIDGESTONE 265/75/1,BRIDGESTOE 265/75/16,Stock item,Active,TIRES,
BRIDGESTONE 275/35/1,BRIDGESTONE 275/35/19,Stock item,Active,TIRES,
BRIDGESTONE 275/50/2,BRIDGESTONE 275/50/22,Stock item,Active,TIRES,4.00
BRIDGESTONE 275/55/2,BRIDGESTONE 275/55/20,Stock item,Active,TIRES,20.00
BRIDGESTONE 275/60/2,BRIDEGSTONE 275/60/20,Stock item,Active,TIRES,
BRIDGESTONE 275/65/1,BRIDGESTONE 275/65/18,Stock item,Active,TIRES,
BRIDGESTONE 285/35/2,BRIDGESTONE 285/35/20,Stock item,Active,TIRES,
BRIDGESTONE 285/45/2,BRIDGESTONE 285/45/22,Stock item,Active,TIRES,
BRIDGESTONE 31/10.5/,BRIDGESTONE 31/10.5/15,Stock item,Active,TIRES,
BRIDGESTONE175/65/15,BRIDGESTONE 175/65/15,Stock item,Active,TIRES,
BRIDGESTONE245/60/20,BRIDGESTONE 245/60/20,Stock item,Active,TIRES,2.00
BRIDGESTONE255/60/19,BRIDGESTONE 255/60/19,Stock item,Active,TIRES,-4.00
bridgestone275/60/20,275/60/20,Stock item,Active,TIRES,
bridgestone285/45/22,285/45/22,Stock item,Active,TIRES,
bridgstone 205/55/16,205/55/16,Stock item,Active,TIRES,
bridgstone 205/70/17,205/70/17,Stock item,Active,TIRES,
bridgstone 215/60/17,215/60/17,Stock item,Active,TIRES,
bridgstone 215/85/16,215/85/16,Stock item,Active,TIRES,
bridgstone 225/65/17,225/65/17,Stock item,Active,TIRES,
bridgstone 235/60/18,235/60/18,Stock item,Active,TIRES,
bridgstone 235/65/18,235/65/18,Stock item,Active,TIRES,
bridgstone 235/75/15,235/75/15,Stock item,Active,TIRES,
bridgstone 245/40/19,245/40/19,Stock item,Active,TIRES,
bridgstone 255/35/18,255/35/18,Stock item,Active,TIRES,
bridgstone 255/55/20,255/55/20,Stock item,Active,TIRES,
bridgstone 255/70/18,255/70/18,Stock item,Active,TIRES,
bridgstone 265/50/20,265/50/20,Stock item,Active,TIRES,
bridgstone 265/65/17,265/65/17,Stock item,Active,TIRES,
bridgstone 265/65/18,265/65/18,Stock item,Active,TIRES,
bridgstone 265/70/17,265/70/17,Stock item,Active,TIRES,
bridgstone 275/35/19,275/35/19,Stock item,Active,TIRES,
BRIDGSTONE 285/45/22,BRIDGSTONE 285/45/22,Stock item,Active,TIRES,
BUY3GET1,,Stock item,Active,,
CACHLAND ST205/75/15,CACHLAND ST205/75/15,Stock item,Active,TIRES,
CACHLAND ST225/75/15,CACHLAND ST225/75/15,Stock item,Active,TIRES,
CACHLAND ST235/80/16,CACHLAND ST 235/80/16,Stock item,Active,TIRES,
CACHLAND ST235/85/16,CACHLAND ST235/85/16,Stock item,Active,TIRES,
capitol 175/65/14,175/65/14,Stock item,Active,TIRES,
capitol 185/60/14,185/60/14,Stock item,Active,TIRES,
capitol 185/70/14,185/70/14,Stock item,Active,TIRES,
capitol 195/55/15,195/55/15,Stock item,Active,TIRES,
capitol 195/60/15,195/60/15,Stock item,Active,TIRES,
capitol 195/65/15,195/65/15,Stock item,Active,TIRES,
capitol 195/70/14,195/70/14,Stock item,Active,TIRES,
capitol 205/40/17,205/40/17,Stock item,Active,TIRES,
capitol 205/50/16,205/50/16,Stock item,Active,TIRES,
capitol 205/55/16,205/55/16,Stock item,Active,TIRES,
CAPITOL 205/60/15,,Stock item,Active,TIRES,
CAPITOL 205/60/16,,Stock item,Active,TIRES,
CAPITOL 205/65/15,205/65/15,Stock item,Active,TIRES,
CAPITOL 205/65/16,205/65/16,Stock item,Active,TIRES,
capitol 205/70/14,205/70/14,Stock item,Active,TIRES,
CAPITOL 205/70/15,,Stock item,Active,TIRES,
capitol 215/35/18,215/35/18,Stock item,Active,TIRES,
capitol 215/40/17,215/40/17,Stock item,Active,TIRES,
capitol 215/45/17,215/45/17,Stock item,Active,TIRES,
CAPITOL 215/50/17,,Stock item,Active,TIRES,
capitol 215/55/16,215/55/16,Stock item,Active,TIRES,
capitol 215/55/17,215/55/17,Stock item,Active,TIRES,
capitol 215/60/16,215/60/16,Stock item,Active,TIRES,
capitol 215/65/15,215/65/15,Stock item,Active,TIRES,1.00
capitol 215/65/16,215/65/16,Stock item,Active,TIRES,
capitol 215/70/15,215/70/15,Stock item,Active,TIRES,
capitol 215/85/16,215/85/16,Stock item,Active,TIRES,
capitol 225/30/20,225/30/20,Stock item,Active,TIRES,
capitol 225/40/18,225/40/18,Stock item,Active,TIRES,
capitol 225/45/17,225/45/17,Stock item,Active,,
CAPITOL 225/45/18,,Stock item,Active,TIRES,
capitol 225/50/16,225/50/16,Stock item,Active,TIRES,
CAPITOL 225/50/17,CAPITOL 225/50/17,Stock item,Active,TIRES,
capitol 225/55/16,225/55/16,Stock item,Active,TIRES,
capitol 225/55/17,225/55/17,Stock item,Active,TIRES,
capitol 225/60/16,225/60/16,Stock item,Active,TIRES,
CAPITOL 225/60/17,CAPITOL 225/60/17,Stock item,Active,TIRES,
capitol 225/75/16,225/75/16,Stock item,Active,TIRES,
CAPITOL 235/40/18,CAPITOL 235/40/18,Stock item,Active,TIRES,
CAPITOL 235/40/18!,,Stock item,Active,TIRES,
capitol 235/45/17,235/45/17,Stock item,Active,TIRES,
CAPITOL 235/50/17,CAPITOL 235/50/17,Stock item,Active,TIRES,
CAPITOL 235/55/17,CAPITOL 235/55/17,Stock item,Active,TIRES,
CAPITOL 235/55/19,,Stock item,Active,TIRES,
capitol 235/65/16,235/65/16,Stock item,Active,TIRES,
capitol 235/65/17,235/65/17,Stock item,Active,TIRES,
capitol 235/65/18,235/65/18,Stock item,Active,TIRES,
CAPITOL 235/70/16,235/70/16,Stock item,Active,TIRES,
CAPITOL 235/75/15,,Stock item,Active,TIRES,
CAPITOL 235/80/17,CAPITOL 235/80/17,Stock item,Active,TIRES,
capitol 235/85/16,235/85/16,Stock item,Active,TIRES,
CAPITOL 245/30/22,CAPITOL 245/30/22,Stock item,Active,TIRES,
capitol 245/35/20,245/35/20,Stock item,Active,TIRES,
capitol 245/40/17,245/40/17,Stock item,Active,TIRES,
capitol 245/40/18,245/40/18,Stock item,Active,TIRES,
CAPITOL 245/45/17,CAPITOL 245/45/17,Stock item,Active,TIRES,
capitol 245/45/18,245/45/18,Stock item,Active,TIRES,
capitol 245/65/17,245/65/17,Stock item,Active,TIRES,
capitol 245/70/16,245/70/16,Stock item,Active,TIRES,
capitol 245/70/17,245/70/17,Stock item,Active,TIRES,
capitol 245/75/16,245/75/16,Stock item,Active,TIRES,
CAPITOL 245/75/17,CAPITOL 245/75/17,Stock item,Active,TIRES,
CAPITOL 255/65/17,,Stock item,Active,TIRES,
capitol 255/70/16,255/70/16,Stock item,Active,TIRES,
capitol 265/35/22,265/35/22,Stock item,Active,TIRES,
capitol 265/70/16,265/70/16,Stock item,Active,TIRES,
capitol 265/70/17,265/70/17,Stock item,Active,TIRES,
capitol 265/75/16,265/75/16,Stock item,Active,TIRES,
capitol 275/55/20,275/55/20,Stock item,Active,TIRES,
capitol 275/65/18,275/65/18,Stock item,Active,TIRES,
CAPITOL 275/70/18,CAPITOL 275/70/18,Stock item,Active,TIRES,
CAPITOL 285/70/17,CAPITOL 285/70/17,Stock item,Active,TIRES,
capitol 305/35/24,305/35/24,Stock item,Active,TIRES,
capitol 305/45/22,305/45/22,Stock item,Active,TIRES,
capitol 31x10.5/15,31x10.5/15,Stock item,Active,TIRES,
car trail 205/75/15,mount and balance,Stock item,Active,TIRES,
car trail 700/75/16,700/75/16,Stock item,Active,TIRES,
carbon 205/40/17,205/40/17,Stock item,Active,TIRES,
carbon 205/55/16,205/55/16,Stock item,Active,TIRES,
carbon 205/60/15,205/60/15,Stock item,Active,TIRES,
carbon 205/65/15,205/65/15,Stock item,Active,TIRES,
carbon 215/45/17,215/45/17,Stock item,Active,TIRES,
CARBON 225/30/20,225/30/20,Stock item,Active,TIRES,
carbon 225/35/20,225/35/20,Stock item,Active,TIRES,
CARBON 225/40/18,CARBON 225/40/18,Stock item,Active,TIRES,
carbon 225/45/17,225/45/17,Stock item,Active,TIRES,
carbon 225/45/18,225/45/18,Stock item,Active,TIRES,
CARBON 225/50/17,CARBON 225/50/17,Stock item,Active,TIRES,
carbon 235/30/22,235/30/22,Stock item,Active,TIRES,
CARBON 245/30/20,245/30/20,Stock item,Active,TIRES,
carbon 245/35/20,245/35/20,Stock item,Active,TIRES,
carbon 245/40/18,245/40/18,Stock item,Active,TIRES,
carbon 255/30/22,255/30/22,Stock item,Active,TIRES,
CARBON 255/35/20,CARBON 255/35/20,Stock item,Active,TIRES,
CARBON 275/25/24,CARBON 275/25/24,Stock item,Active,TIRES,
carbon 275/55/20,275/55/20,Stock item,Active,TIRES,
carbon 295/30/26,295/30/26,Stock item,Active,TIRES,
carbon 305/35/24,305/35/24,Stock item,Active,TIRES,
CARDOVAN 185/65/14,CARDOVAN 185/65/14,Stock item,Active,TIRES,
CARDOVAN 215/75/15,215/75/15,Stock item,Active,TIRES,
CARDOVAN 245/75/16,245/75/16,Stock item,Active,TIRES,
CARILSLE 20/8.00-8,CARILSLE 20/8.00-8,Stock item,Active,TIRES,2.00
carlile 12-16.5,12-16.5,Stock item,Active,,1.00
CARLILE 13/14/15,CARLILE 13/14/15,Stock item,Active,TIRES,
CARLILE 145/70/6,CARLILE 145/70/6,Stock item,Active,TIRES,
CARLILE 16X800-7,CARLILE 16X800-7,Stock item,Active,TIRES,
CARLILE 175/80/13,CARLILE 175/80/13,Stock item,Active,TIRES,
CARLILE 18/6.5/8,CARLILE 18/6.5/8,Stock item,Active,TIRES,
carlile 20/10/8,carlisle 20/10/8,Stock item,Active,TIRES,
CARLILE 20/75/14,CARLILE 205/75/14,Stock item,Active,TIRES,
CARLILE 205/75/14,CARLILE 205/75/14,Stock item,Active,TIRES,
CARLILE 205/75/15,CARLILE 205/75/15,Stock item,Active,TIRES,
CARLILE 205/90/15,CARLILE 205/90/15,Stock item,Active,TIRES,
CARLILE 215/75/14,CARLILE 215/75/14,Stock item,Active,TIRES,-1.00
carlile 23 10.5/12,carlile 23 10.5/12,Stock item,Active,TIRES,
CARLILE 23.7/10,CARLILE 23.7/10,Stock item,Active,TIRES,
CARLILE 235/80/16,CARLILE 235/80/16,Stock item,Active,TIRES,
CARLILE 235/85/16,CARLILE 235/85/16,Stock item,Active,TIRES,
CARLILE 25/10/12,CARLILE 25/10/12,Stock item,Active,TIRES,1.00
CARLILE 25/11/10,CARLILE 25/11/10,Stock item,Active,TIRES,
carlile 25/8.5/14,carlile 25/8.5/14,Stock item,Active,TIRES,
CARLILE 25/85/14,CARLILE 25/85/14,Stock item,Active,PARTS,
carlile 25x12.00-10,25x12.00-10/4,Stock item,Active,TIRES,
CARLILE 26/9/12,CARLILE 26/9/12,Stock item,Active,TIRES,2.00
CARLILE 410/350,CARLILE 410/350,Stock item,Active,TIRES,
CARLILE 480/12,CARLILE 480/12,Stock item,Active,TIRES,
CARLILE 480/400-8/04,CARLILE 480/400-8/04,Stock item,Active,TIRES,
CARLILE 7-14.5,CARLILE 7-14.5,Stock item,Active,TIRES,
carlile 9/3.5,carlile 9/3.5,Stock item,Active,TIRES,
CARLILE ST235/85/16,CARLILE ST235/85/16,Stock item,Active,TIRES,6.00
CARLILI 20.5X8-10,CARLIL 20.5X8X10,Stock item,Active,TIRES,2.00
CARLISE 25x11.00-10/,CARLISE 25x11.00-10/3,Stock item,Active,TIRES,
CARLISE 410X350,CARLISE 410X350,Stock item,Active,TIRES,
carlisle 175/70/13,175/70/13,Stock item,Active,TIRES,
carlisle 185/80/13,carlisle 185/80/D13,Stock item,Active,TIRES,
carlisle 1x4.00  4/2,11x4.00 4/214,Stock item,Active,TIRES,
CARLISLE 20.5X8.00-1,CARLISLE 20.5X8.00-10,Stock item,Active,TIRES,-2.00
CARLISLE 20/8.00-8,CARLISLE 20/8.00-8,Stock item,Active,TIRES,-2.00
carlisle 205/75/14,205/75/14,Stock item,Active,TIRES,
carlisle 205/75/15,205/75/15,Stock item,Active,TIRES,5.00
CARLISLE 205/90/15,CARLISLE 205/90/15,Stock item,Active,TIRES,
CARLISLE 215/75/14,CARLISLE ST215/75/14,Stock item,Active,TIRES,1.00
carlisle 225/75/15,225/75/15,Stock item,Active,TIRES,
carlisle 235/80/16,235/80/16,Stock item,Active,TIRES,
carlisle 235/85/16,235/85/16,Stock item,Active,TIRES,
carlisle 23x7.00-10,,Stock item,Active,TIRES,
CARLISLE 24/12.0012,,Stock item,Active,TIRES,-1.00
CARLISLE 24/8/12,CARLISLE 24/8/12,Stock item,Active,TIRES,
CARLISLE 25/10/12,CARLISLE 25/10/12,Stock item,Active,TIRES,-1.00
CARLISLE 25/8/12,CARLISLE 25/8/12,Stock item,Active,TIRES,
CARLISLE 26/12/12,CARLISLE 26/12/12,Stock item,Active,TIRES,
CARLISLE 26/9/12,CARLISLE 26/9/12,Stock item,Active,TIRES,-2.00
carlisle 700/75/15,700/75/15,Stock item,Active,TIRES,
carlisle11x4.00  4/2,11x4.00 4/2,Stock item,Active,TIRES,
CARLSTAR 13/5.00-6,CARLSTAR 13/5.00-6,Stock item,Active,TIRES,
CARLSTAR 18/6.50-8,CARLSTAR 18/6.50-8,Stock item,Active,TIRES,
CARLSTAR 18/8.50-8,CARLSTAR 18/8.50-8,Stock item,Active,TIRES,
CARLSTAR 205/75/15,CARLSTAR ST205/75/15,Stock item,Active,TIRES,4.00
CARLSTAR 235/85/16,CARLSTAR ST235/85/16,Stock item,Active,TIRES,2.00
CARTRAIL 145/70/6,CARTRAIL 145/70/6,Stock item,Active,TIRES,
CARTURF  15/6,CARTURF SAVER,Stock item,Active,,
cash wheels265/35/22,,Stock item,Inactive,TIRES,
CATCH 275/60/20,,Stock item,Active,TIRES,
CATCH 305/35/24,CATCH 305/35/24,Stock item,Active,TIRES,
CHAMPIRO 215/45/18,CHAMPIRO 215/45/18,Stock item,Active,TIRES,
CHAMPIRO 225/45/19,,Stock item,Active,TIRES,
CHROME WHEELS,CHROME WHEELS,Stock item,Active,,
CIENTRA 175/70/14,CIENTRA 175/70/14,Stock item,Active,TIRES,
cientra 205/70/15,205/70/15,Stock item,Active,TIRES,
cientra 215/60/16,215/60/16,Stock item,Active,TIRES,
cientra 215/65/15,215/65/15,Stock item,Active,TIRES,
cientra 215/75/15,215/75/15,Stock item,Active,TIRES,
classic 165/80/15,165/80/15,Stock item,Active,TIRES,
clear 215/35/18,215/35/18,Stock item,Active,TIRES,
clear 225/35/20,225/35/20,Stock item,Active,TIRES,
clear 225/40/18,225/40/18,Stock item,Active,TIRES,
clear 225/60/16,225/60/16,Stock item,Active,TIRES,
clear 235/30/22,235/30/22,Stock item,Active,TIRES,
clear 235/40/18,235/40/18,Stock item,Active,TIRES,
clear 245/30/22,245/30/22,Stock item,Active,TIRES,
clear 245/35/20,245/35/20,Stock item,Active,TIRES,
clear 255/30/22,255/30/22,Stock item,Active,TIRES,
clear 255/30/24,255/30/24,Stock item,Active,TIRES,
clear 255/30/26,255/30/26,Stock item,Active,TIRES,
clear 255/35/18,255/35/18,Stock item,Active,TIRES,
clear 255/35/20,255/35/20,Stock item,Active,TIRES,
clear 265/35/22,265/35/22,Stock item,Active,TIRES,
clear 265/40/22,265/40/22,Stock item,Active,TIRES,
clear 275-45-20,,Stock item,Inactive,TIRES,
clear 275/25/24,275/25/24,Stock item,Active,TIRES,
clear 275/45/20,275/45/20,Stock item,Active,TIRES,
clear 285/50/20,285/50/20,Stock item,Active,TIRES,
clear 295/30/26,295/30/26,Stock item,Active,TIRES,
clear 295/35/24,295/35/24,Stock item,Active,TIRES,
clear 305/35/24,305/35/24,Stock item,Active,TIRES,
clear 305/40/22,305/40/22,Stock item,Active,TIRES,
clear265/35/22,265/35/22,Stock item,Active,TIRES,
COKER CLASSIC 600-16,CLASSIC 600-16,Stock item,Active,TIRES,
COMFORCER 195/60/15,COMFERCER 195/60/15,Stock item,Active,TIRES,
COMFORCER 205/40/17,COMFORCER 205/40/17,Stock item,Active,TIRES,
COMFORCER 225/40/18,,Stock item,Active,TIRES,
COMFORCER 225/50/17,,Stock item,Active,TIRES,
COMFORCER 245/40/18,,Stock item,Active,TIRES,
COMFORCER 245/45/18,COMFORCER 245/45/18,Stock item,Active,TIRES,
COMFORCER 33/12.50/2,COMFORCER 33/12.50/20,Stock item,Active,TIRES,
COMFORCER 35/12.50/2,COMFORCER 35/12.50/20,Stock item,Active,TIRES,5.00
COMFORCER 37/13.5/20,COMFORCER 37/13.5/20,Stock item,Active,TIRES,
COMFORSER 35/12.5/17,COMFORSER 35/12.5/17,Stock item,Active,TIRES,
COMFORSER 35/12.5/18,COMFORSER 35/12.5/18,Stock item,Active,TIRES,
CONCORD 245/35/20,,Stock item,Active,TIRES,
CONTI 235/55/18,CONTINENTAL 235/55/18,Stock item,Active,TIRES,
CONTI 245/40/19,CONITENTAL 245/40/19,Stock item,Active,TIRES,4.00
CONTI 255/35/18,CONTI 255/35/18,Stock item,Active,TIRES,2.00
CONTI 275/30/19,CONTINENTAL 275/30/19,Stock item,Active,TIRES,2.00
CONTINENTAL 155/60/1,CONTINENTAL 155/60/15,Stock item,Active,TIRES,
CONTINENTAL 175/55/1,CONTINENTAL 175/55/15,Stock item,Active,TIRES,
CONTINENTAL 195/45/1,CONTINENTAL 195/45/16,Stock item,Active,TIRES,
CONTINENTAL 195/60/1,CONTINENTAL 195/60/15,Stock item,Active,TIRES,
CONTINENTAL 195/65/1,,Stock item,Active,TIRES,
CONTINENTAL 205/55/1,CONTINENTAL 205/55/16,Stock item,Active,TIRES,
CONTINENTAL 215/40/1,CONTINENTAL 215/40/18,Stock item,Active,TIRES,
CONTINENTAL 215/45/1,CONTINENTAL 215/45/17,Stock item,Active,TIRES,
CONTINENTAL 215/50/1,CONTINENTAL 215/50/17,Stock item,Active,TIRES,
CONTINENTAL 215/55/1,CONTINENTAL 215/55/17,Stock item,Active,TIRES,-1.00
CONTINENTAL 215/70/1,CONTINENTAL 215/70/16,Stock item,Active,TIRES,
continental 225/40/1,CONINENTAL 225/40/18,Stock item,Active,TIRES,-1.00
CONTINENTAL 225/45/1,CONTINENTAL 225/45/17,Stock item,Active,TIRES,
CONTINENTAL 225/50/1,CONTINENTAL 225/50/17,Stock item,Active,TIRES,
CONTINENTAL 225/60/1,CONTINENTAL 225/60/18,Stock item,Active,TIRES,
CONTINENTAL 225/65/1,CONTINENTAL 225/65/17,Stock item,Active,TIRES,
CONTINENTAL 235/35/1,CONTINENTAL 235/35/19,Stock item,Active,TIRES,
CONTINENTAL 235/40/1,CONTINENTAL 235/40/18,Stock item,Active,TIRES,8.00
CONTINENTAL 235/45/1,CONTINENTAL 235/45/18,Stock item,Active,TIRES,
CONTINENTAL 235/55/1,CONTINENTAL 235/55/19,Stock item,Active,TIRES,-4.00
CONTINENTAL 235/60/1,CONTINENTAL 235/60/18,Stock item,Active,TIRES,
CONTINENTAL 235/65/1,CONTINENTAL 235/65/17,Stock item,Active,TIRES,4.00
CONTINENTAL 245/35/1,CONTINENTAL 245/35/19,Stock item,Active,TIRES,2.00
CONTINENTAL 245/35/2,CONTINETAL 245/35/20,Stock item,Active,TIRES,
CONTINENTAL 245/40/1,CONTINENTAL 245/40/18,Stock item,Active,TIRES,-1.00
CONTINENTAL 245/40/2,CONTINENTAL 245/40/20,Stock item,Active,TIRES,
CONTINENTAL 245/45/1,CONTINENTAL 245/45/18,Stock item,Active,TIRES,
CONTINENTAL 245/45/2,,Stock item,Active,TIRES,
CONTINENTAL 245/50/1,CONTINENTAL 245/50/17,Stock item,Active,TIRES,2.00
CONTINENTAL 255/30/2,CONTINENTAL 255/30/22,Stock item,Active,TIRES,6.00
CONTINENTAL 255/35/1,CONTINENTAL 255/35/19,Stock item,Active,TIRES,-5.00
CONTINENTAL 255/35/2,CONTINENTAL 255/35/20,Stock item,Active,TIRES,
CONTINENTAL 255/40/1,CONTINENTAL 255/40/18,Stock item,Active,TIRES,1.00
CONTINENTAL 255/55/1,CONTINENTAL 255/55/18,Stock item,Active,TIRES,
CONTINENTAL 265/30/1,CONTINENTAL 265/30/19,Stock item,Active,TIRES,4.00
CONTINENTAL 265/30/2,CONTINENTAL 265/30/20,Stock item,Active,TIRES,
CONTINENTAL 265/35/1,CONTINENTAL 265/35/19,Stock item,Active,TIRES,2.00
CONTINENTAL 265/35/2,CONTINENTAL 265/35/20,Stock item,Active,TIRES,
ContINENTAL 275/30/1,,Stock item,Active,TIRES,
CONTINENTAL 275/30/2,CONTINENTAL 275/30/20,Stock item,Active,TIRES,4.00
CONTINENTAL 275/35/1,CONTINENTAL 275/35/19,Stock item,Active,TIRES,3.00
CONTINENTAL 275/35/2,CONTINENTAL 275/35/20,Stock item,Active,TIRES,
ContINENTAL 275/40/1,275/40/17,Stock item,Active,TIRES,
ContINENTAL 275/40/2,275/40/20,Stock item,Active,TIRES,
CONTINENTAL 275/50/2,CONTINENTAL 275/50/22,Stock item,Active,TIRES,
CONTINENTAL 275/55/2,CONTINENTAL 275/55/20,Stock item,Active,TIRES,
CONTINENTAL 285/30/1,CONTINENTAL 285/30/19,Stock item,Active,TIRES,
CONTINENTAL 285/35/1,CONTINENTAL 285/35/19,Stock item,Active,TIRES,2.00
CONTINENTAL 295/25/2,CONTINENTAL 295/25/22,Stock item,Active,TIRES,1.00
CONTINENTAL 295/35/2,CONTINENTAL 295/35/20,Stock item,Active,TIRES,
CONTINENTAL 295/40/2,CONTINENTAL 295/40/20,Stock item,Active,TIRES,
CONTINENTAL205/50/17,,Stock item,Active,TIRES,
continental205/55/16,205/55/16,Stock item,Active,TIRES,
continental205/60/16,205/60/16,Stock item,Active,TIRES,
continental215/45/18,215/45/18,Stock item,Active,TIRES,
continental215/60/16,215/60/16,Stock item,Active,TIRES,
continental225/40/18,225/40/18,Stock item,Active,TIRES,
continental225/45/17,225/45/17,Stock item,Active,TIRES,
CONTINENTAL225/50/16,CONTINENTAL 225/50/16,Stock item,Active,PARTS,
continental225/50/17,225/50/17,Stock item,Active,TIRES,
continental225/55/16,225/55/16,Stock item,Active,TIRES,
continental225/60/1,225/60/18,Stock item,Active,TIRES,
continental225/60/17,225/60/17,Stock item,Active,TIRES,
CONTINENTAL225/70/15,,Stock item,Active,TIRES,
continental235/45/17,235/45/17,Stock item,Active,TIRES,
CONTINENTAL235/45/19,CONTINENTAL 235/45/19,Stock item,Active,TIRES,
continental235/50/17,235/50/17,Stock item,Active,TIRES,
continental235/50/18,235/50/18,Stock item,Active,TIRES,
continental235/55/17,235/55/17,Stock item,Active,TIRES,
continental235/65/17,235/65/17,Stock item,Active,TIRES,
continental235/70/16,CONTINENTAL 235/70/16,Stock item,Active,TIRES,
CONTINENTAL245/40/17,CONTINENTAL 245/40/17,Stock item,Active,TIRES,
CONTINENTAL245/40/18,245/40/18,Stock item,Active,TIRES,
CONTINENTAL255/35/18,CONTINENTAL 255/35/18,Stock item,Active,TIRES,
CONTINENTAL255/40/19,CONTINENTAL 255/40/19,Stock item,Active,TIRES,
CONTINENTAL255/50/19,CONTINENTAL 255/50/19,Stock item,Active,TIRES,
continental255/70/16,255/70/16,Stock item,Active,TIRES,
CONTINENTAL265/70/17,265/70/17,Stock item,Active,TIRES,
CONTINENTAL265/70/18,,Stock item,Active,TIRES,
continental285/75/16,285/75/16,Stock item,Active,TIRES,
continental295/30/22,295/30/22,Stock item,Active,TIRES,
continental315/30/22,295/30/22,Stock item,Active,PARTS,
CONTINET245/50/17,CONTINETAL 245/50/17,Stock item,Active,TIRES,-2.00
CONTNENTAL 215/55/16,CONTNENTAL 215/55/16,Stock item,Active,TIRES,1.00
CONTNENTAL 215/65/1,,Stock item,Active,TIRES,
CONTNENTAL 215/65/16,,Stock item,Active,TIRES,
CONTNENTAL 235/55/19,CONTNENTAL 235/55/19,Stock item,Active,TIRES,4.00
CONTNENTAL 245/35/20,CONTNENTAL 285/30/20,Stock item,Active,TIRES,2.00
CONTNENTAL 285/30/20,CONTNENTAL 285/30/20,Stock item,Active,TIRES,2.00
COOPER 175/65/14,COOPER 175/65/14,Stock item,Active,TIRES,
cooper 185/60/15,185/60/15,Stock item,Active,TIRES,
cooper 185/65/15,185/65/15,Stock item,Active,TIRES,
cooper 185/70/14,185/70/14,Stock item,Active,TIRES,
cooper 195/45/16,195/45/16,Stock item,Active,TIRES,
cooper 195/65/15,195/65/15,Stock item,Active,TIRES,
COOPER 195/70/14,COOPER 195/70/14,Stock item,Active,TIRES,
cooper 205/50/17,205/50/17,Stock item,Active,TIRES,
cooper 205/55/16,205/55/16,Stock item,Active,TIRES,
COOPER 205/65/15,COOPER EVO 205/65/15,Stock item,Active,TIRES,
COOPER 205/70/15,COOPER 205/70/15,Stock item,Active,TIRES,-2.00
COOPER 205/75/15,COOPER 205/75/15,Stock item,Active,TIRES,
COOPER 215/50/17,,Stock item,Active,TIRES,
cooper 215/55/16,215/55/16,Stock item,Active,TIRES,
cooper 215/55/17,215/55/17,Stock item,Active,TIRES,1.00
COOPER 215/60/16,COOPER 215/60/16,Stock item,Active,TIRES,
COOPER 215/65/15,COOPER 215/65/15,Stock item,Active,TIRES,
COOPER 215/70/14,COOPER 215/70/14,Stock item,Active,TIRES,
COOPER 215/70/15,COOPER 215/70/15,Stock item,Active,TIRES,
cooper 215/70/16,COOPER 215/70/16,Stock item,Active,TIRES,
COOPER 215/75/15,COOPER 215/75/15,Stock item,Active,TIRES,
COOPER 225/40/19,COOPER 225/40/19,Stock item,Active,TIRES,2.00
COOPER 225/45/17,COOPER 225/45/17,Stock item,Active,TIRES,
COOPER 225/45/18,COOPER 225/45/18,Stock item,Active,TIRES,
COOPER 225/50/16,COOPER 225/50/16,Stock item,Active,TIRES,
COOPER 225/50/17,COOPER 225/50/17,Stock item,Active,TIRES,
COOPER 225/60/17,COOPER 225/60/17,Stock item,Active,TIRES,
COOPER 225/60/18,COOPER 225/60/18,Stock item,Active,TIRES,
COOPER 225/65/16,COOPER 225/65/16,Stock item,Active,TIRES,4.00
COOPER 225/70/14,COOPER 225/70/14,Stock item,Active,TIRES,
COOPER 225/70/15,225/70/15,Stock item,Active,TIRES,4.00
COOPER 225/70/16,,Stock item,Active,TIRES,
COOPER 225/75/15,COOPER 225/75/15,Stock item,Active,TIRES,
COOPER 225/75/16,COOPER 225/75/16,Stock item,Active,TIRES,
cooper 235/50/18,COOPER 235/50/18,Stock item,Active,TIRES,
COOPER 235/55/17,COOPER 235/55/17,Stock item,Active,TIRES,
COOPER 235/55/18,COOPER 235/55/18,Stock item,Active,TIRES,
cooper 235/60/14,COOPER 235/60/14,Stock item,Active,TIRES,
COOPER 235/60/15,COOPER 235/60/15,Stock item,Active,TIRES,
COOPER 235/60/17,,Stock item,Active,TIRES,
COOPER 235/65/16,COOPER 235/65/16,Stock item,Active,TIRES,8.00
COOPER 235/65/17,COOPER 235/65/17,Stock item,Active,TIRES,
COOPER 235/70/15,COOPER 235/70/15,Stock item,Active,TIRES,
COOPER 235/75/15,COOPER 235/75/15,Stock item,Active,TIRES,4.00
COOPER 235/75/16,COOPER 235/75/16,Stock item,Active,TIRES,
COOPER 235/80/17,COOPER 235/80/17,Stock item,Active,TIRES,
cooper 235/85/16,COOPER 235/85/16,Stock item,Active,TIRES,
COOPER 245/35/19,COOPER 245/35/19,Stock item,Active,TIRES,
cooper 245/40/18,245/70/17,Stock item,Active,TIRES,
cooper 245/45/20,245/45/20,Stock item,Active,TIRES,
COOPER 245/60/15,COOPER 245/60/15,Stock item,Active,TIRES,
cooper 245/60/20,,Stock item,Active,TIRES,
COOPER 245/70/16,,Stock item,Active,TIRES,
cooper 245/70/17,245/70/17,Stock item,Active,TIRES,-1.00
COOPER 245/75/16,,Stock item,Active,TIRES,-8.00
COOPER 245/75/17,,Stock item,Active,TIRES,
cooper 255/40/17,255/40/17,Stock item,Active,TIRES,
COOPER 255/60/15,COOPER 255/60/15,Stock item,Active,TIRES,
COOPER 255/70/15,COOPER 255/70/15,Stock item,Active,TIRES,-4.00
cooper 255/70/16,255/70/16,Stock item,Active,TIRES,
COOPER 265/60/18,COOPER 265/60/18,Stock item,Active,TIRES,
COOPER 265/60/20,COOPER 265/60/20,Stock item,Active,TIRES,
COOPER 265/65/17,COOPER 265/65/17,Stock item,Active,TIRES,
COOPER 265/65/18,COOPER 265/65/18,Stock item,Active,TIRES,
COOPER 265/70/15,COOPER 265/70/15,Stock item,Active,TIRES,
COOPER 265/70/16,COOPER 265/70/16,Stock item,Active,TIRES,4.00
COOPER 265/70/17,COOPER 265/70/17,Stock item,Active,TIRES,3.00
COOPER 265/70/18,COOPER 265/70/18,Stock item,Active,TIRES,
cooper 265/75/15,265/75/15,Stock item,Active,TIRES,
COOPER 265/75/16,COOPER 265/75/16,Stock item,Active,TIRES,
COOPER 275//60/15,COOPER 275/60/15,Stock item,Active,TIRES,-2.00
COOPER 275/35/18,COOPER 275/35/18,Stock item,Active,PARTS,
COOPER 275/45/20,COOPER 275/45/20,Stock item,Active,TIRES,
cooper 275/55/20,275/55/20,Stock item,Active,TIRES,
COOPER 275/60/15,COOPER 275/60/15,Stock item,Active,TIRES,6.00
COOPER 275/60/20,COOPER 275/60/20,Stock item,Active,TIRES,4.00
COOPER 275/65/18,,Stock item,Active,TIRES,
COOPER 275/70/18,,Stock item,Active,TIRES,
COOPER 285/45/22,COOPER 285/45/22,Stock item,Active,TIRES,-4.00
COOPER 285/55/20,COOPER LT285/55/20,Stock item,Active,TIRES,
COOPER 285/60/18,COOPER 285/60/18,Stock item,Active,TIRES,
COOPER 285/65/18,285/65/18,Stock item,Active,TIRES,
COOPER 285/70/17,285/70/17,Stock item,Active,TIRES,
COOPER 285/75/16,285/75/16,Stock item,Active,TIRES,
COOPER 295/50/15,COOPER 295/50/15,Stock item,Active,TIRES,-4.00
COOPER 295/70/17,COOPER 295/70/17,Stock item,Active,TIRES,4.00
COOPER 295/70/18,COOPER LT295/70/18,Stock item,Active,TIRES,
COOPER 305/50/20,COOPER 305/50/20,Stock item,Active,TIRES,
COOPER 305/55/20,COOPER 305/55/20,Stock item,Active,TIRES,
COOPER 305/70/17,COOPER 305/70/17,Stock item,Active,TIRES,4.00
COOPER 315/70/17,COOPER 315/70/17,Stock item,Active,TIRES,
COOPER 33/12.5/15,COOPER 33/12.5/15,Stock item,Active,TIRES,
COOPER 35/12.50/20,COOPER 35/12.50/20,Stock item,Active,TIRES,4.00
COOPER LT265/70/17,COOPER LT265/70/17,Stock item,Active,TIRES,
COOPER LT285/60/20,COOPER LT285/60/20,Stock item,Active,TIRES,6.00
CORDOVA 215/70/15,CORDOVA 215/70/15,Stock item,Active,TIRES,
CORDOVA 215/75/15,CORDOVA 215/75/15,Stock item,Active,TIRES,
CORDOVA 225/30/20,,Stock item,Active,TIRES,
CORDOVAN 165/80/15,CORDOVAN 165/80/15,Stock item,Active,TIRES,
CORDOVAN 175/70/13,CORDOVAN 175/70/13,Stock item,Active,TIRES,
CORDOVAN 185/65/14,CORDOVAN 185/65/14,Stock item,Active,TIRES,
CORDOVAN 185/65/15,CORDOVAN 185/65/15,Stock item,Active,TIRES,
CORDOVAN 185/70/14,CORDOVAN 185/70/14,Stock item,Active,TIRES,
CORDOVAN 195/60/15,CORDOVAN 195/60/15,Stock item,Active,TIRES,
CORDOVAN 195/65/15,CORDOVAN 195/65/15,Stock item,Active,TIRES,
CORDOVAN 195/70/14,CORDOVAN 195/70/14,Stock item,Active,TIRES,
CORDOVAN 205/50/17,CORDOVAN 205/50/17,Stock item,Active,TIRES,
CORDOVAN 205/55/16,CORDOVAN 205/55/16,Stock item,Active,TIRES,
CORDOVAN 205/60/16,CORDOVAN 205/60/16,Stock item,Active,TIRES,
CORDOVAN 205/65/15,CORDOVAN 205/65/15,Stock item,Active,TIRES,
CORDOVAN 205/70/15,CORDOVAN 205/70/15,Stock item,Active,TIRES,
CORDOVAN 215/45/17,CORDOVAN 215/45/17,Stock item,Active,TIRES,
CORDOVAN 215/55/16,CORDOVAN 215/55/16,Stock item,Active,TIRES,
CORDOVAN 215/55/17,CORDOVAN 215/55/17,Stock item,Active,TIRES,
CORDOVAN 215/60/16,CORDOVAN 215/60/16,Stock item,Active,TIRES,
CORDOVAN 215/65/16,CORDOVAN 215/65/16,Stock item,Active,TIRES,
CORDOVAN 215/70/15,CORDOVAN 215/70/15,Stock item,Active,TIRES,
CORDOVAN 215/75/14,CORDOVAN 215/75/14,Stock item,Active,TIRES,
cordovan 215/75/15,215/75/15,Stock item,Active,TIRES,
CORDOVAN 225/50/17,CORDOVAN 225/50/17,Stock item,Active,TIRES,
CORDOVAN 225/55/17,CORDOVAN 225/55/17,Stock item,Active,TIRES,
CORDOVAN 225/60/16,CORDOVAN 225/60/16,Stock item,Active,TIRES,
CORDOVAN 235/55/17,CORDOVAN 235/55/17,Stock item,Active,TIRES,
cordovan 235/60/18,235/60/18,Stock item,Active,TIRES,
CORDOVAN 235/70/16,CORDOVAN 235/70/16,Stock item,Active,TIRES,
cordovan 235/75/15,235/75/15,Stock item,Active,TIRES,
cordovan 235/85/16,235/85/16,Stock item,Active,TIRES,
CORDOVAN 245/35/20,CORDOVAN 245/35/20,Stock item,Active,TIRES,
CORDOVAN 245/45/18,CORDOVAN 245/45/18,Stock item,Active,TIRES,
CORDOVAN 245/70/16,CORDOVAN 245/70/16,Stock item,Active,TIRES,
CORDOVAN 245/70/17,CORDOVAN 245/70/17,Stock item,Active,TIRES,
CORDOVAN 245/75/16,CORDOVAN 245/75/16,Stock item,Active,TIRES,
CORDOVAN 255/70/,CORDOVAN 255/70/16,Stock item,Active,TIRES,
CORDOVAN 255/70/16,CORDOVAN 255/70/16,Stock item,Active,TIRES,
CORDOVAN 265/70/16,CORDOVAN 265/70/16,Stock item,Active,TIRES,
CORDOVAN 265/70/17,CORDOVAN 265/70/17,Stock item,Active,TIRES,
CORDOVAN 265/75/16,CORDOVAN 265/75/16,Stock item,Active,TIRES,
CORDOVAN 275/55/20,CORDOVAN 275/55/20,Stock item,Active,TIRES,
CORDOVAN 285/75/16,CORDOVAN 285/75/16,Stock item,Active,TIRES,
cordovan 315/70/17,315/70/17,Stock item,Active,TIRES,
CORE,CORE CHARGE,Stock item,Active,,
corsa 215/45/17,215/45/17,Stock item,Active,TIRES,
corsa 225/40/18,225/40/18,Stock item,Active,TIRES,
corsa 225/60/16,225/60/16,Stock item,Active,TIRES,
corsa 235/40/18,235/40/18,Stock item,Active,TIRES,
COSMO 285/70/17,COSMO LT285/70/17,Stock item,Active,TIRES,5.00
COSMO 33/12.50/18,COSMO 33/12.50/18,Stock item,Active,TIRES,-8.00
COSMO 33/12.50/20,COSMO 33/12.50/20,Stock item,Active,TIRES,
COSMO 35/12.50/20,COSMO 35/12.50/20,Stock item,Active,TIRES,
courser 245/70/17,245/70/17,Stock item,Active,TIRES,
CPECK 31/1050/15,,Stock item,Active,TIRES,
CPECK 33/12.5/15,CPECK 33/12.5/15,Stock item,Active,TIRES,
CPECK 33/12.5/17,CEPCK 33/12.5/17,Stock item,Active,TIRES,
CPECK LT285/70/17,CPECK LT285/70/17,Stock item,Active,TIRES,
CRATOS 225/40/18,CRATOS 225/40/18,Stock item,Active,TIRES,
CRATOS 33/12.5/20,CRATOS 33/12.5/20,Stock item,Active,TIRES,
CREATION 235/75/15,235/75/15,Stock item,Active,TIRES,
CREATION 265/70/17,CREATION 265/70/17,Stock item,Active,TIRES,
CREDIT CARD FEE,CREDIT CARD FEE,Stock item,Active,,-102.00
CRN 225/70/15,225/70/15,Stock item,Active,TIRES,
CRN 265/70/16,265/70/16,Stock item,Active,TIRES,
CRN 265/70/17,265/70/17,Stock item,Active,TIRES,
CRN 275/55/20,275/55/20,Stock item,Active,TIRES,
crn 275/60/20,crn 275/60/20,Stock item,Active,TIRES,
CROSSLAND 275/55/20,CROSSLAND 275/55/20,Stock item,Active,TIRES,
CROSSMAX 275/55/20,CROSSMAX 275/55/20,Stock item,Active,TIRES,2.00
CROSSWIND 245/45/20,CROSSWIND 245/45/20,Stock item,Active,TIRES,1.00
CROSSWIND 265/75/16,CROSSWIND LT265/75/16,Stock item,Active,TIRES,
CROSSWIND 285/55/20,CROSSWIND 285/55/20,Stock item,Active,TIRES,4.00
CROSSWIND 285/75/16,CROSSWIND 285/75/16,Stock item,Active,TIRES,4.00
CROWN 235/80/16,CROWN 235/80/16,Stock item,Active,TIRES,
CRSOOWIND 285/70/17,CROSSWIND 285/70/17,Stock item,Active,TIRES,4.00
CRUGEN LT285/75/16,,Stock item,Active,TIRES,
custom 215/50/17,215/50/17,Stock item,Active,TIRES,
custom 225/60/16,225/60/16,Stock item,Active,,
custom 245/40/20,245/40/20,Stock item,Active,TIRES,
custom 275/45/20,275/45/20,Stock item,Active,TIRES,
dco 9R22.5/14,9R22.5/14,Stock item,Active,TIRES,
DEEGAN 285/45/22,DEEGAN 285/45/22,Stock item,Active,TIRES,4.00
delinte 225/40/18,225/40/18,Stock item,Active,PARTS,
delinte 225/45/17,225/45/17,Stock item,Active,TIRES,
delinte 245/35/20,245/35/20,Stock item,Active,TIRES,
delinte 275/40/20,275/40/20,Stock item,Active,TIRES,
delinte 275/45/20,275/45/20,Stock item,Active,PARTS,
DELIUM 265/70/17,DELIUM 265/70/17,Stock item,Active,TIRES,
DELIUM 265/75/16,DELIUM 265/75/16,Stock item,Active,TIRES,4.00
DELIUM 33/12.5/20,DELIUM 33/12.5/20,Stock item,Active,TIRES,4.00
DELIUM 33/12.5/22,DELIUM 33/12.5/22,Stock item,Active,TIRES,
DELIUM 33/12.50/20,DELIUM 33/12.50/20,Stock item,Active,TIRES,
DELIUM 35/12.5/17,DELIUM 35/12.5/17,Stock item,Active,TIRES,
DELIUM 35/12.50/20,DELIUM 35/12.50/20,Stock item,Active,TIRES,4.00
DELIUM 35/12.50/22,DELIUM 35/12.50/22,Stock item,Active,TIRES,4.00
DELIUM 37/12.50/20,DELIUM 37/12.50/20,Stock item,Active,TIRES,
DELIVERY EXPENSE,DELIVERY EXPENSE,Stock item,Active,,
DELTA  225/60/17,DELTA 225/60/17,Stock item,Active,TIRES,1.00
DELTA 165/80/15,DELTA 165/80/15,Stock item,Active,TIRES,
DELTA 205/65/15,DELTA 205/65/15,Stock item,Active,TIRES,
DELTA 215/35/18,DELTA 215/35/18,Stock item,Active,TIRES,
DELTA 215/40/17,DELTA 215/40/17,Stock item,Active,TIRES,
DELTA 215/45/17,DELTA 215/45/17,Stock item,Active,TIRES,-4.00
DELTA 215/60/16,DELTA 215/60/16,Stock item,Active,TIRES,
DELTA 215/65/17,DELTA 215/65/17,Stock item,Active,TIRES,
DELTA 225/35/20,DELTA 225/35/20,Stock item,Active,TIRES,-1.00
DELTA 225/40/18,DELTA 225/40/18,Stock item,Active,TIRES,
DELTA 225/45/18,DELTA 225/45/18,Stock item,Active,TIRES,
DELTA 225/50/17,DELTA 225/50/17,Stock item,Active,TIRES,
DELTA 225/60/17,DELTA 225/60/17,Stock item,Active,TIRES,-1.00
DELTA 225/75/16,DELTA 225/75/16,Stock item,Active,TIRES,
DELTA 235/30/22,DELTA 235/30/22,Stock item,Active,TIRES,
DELTA 235/35/19,DELTA 235/35/19,Stock item,Active,TIRES,4.00
DELTA 235/45/17,DELTA 235/45/17,Stock item,Active,TIRES,
DELTA 235/65/16,DELTA 235/65/16,Stock item,Active,TIRES,
DELTA 235/75/16,DELTA 235/75/16,Stock item,Active,TIRES,
DELTA 235/85/16,DELTA 235/85/16,Stock item,Active,TIRES,-4.00
DELTA 245/60/18,DELTA 245/60/18,Stock item,Active,TIRES,-1.00
DELTA 245/75/16,DELTA 245/75/16,Stock item,Active,TIRES,
DELTA 265/50/20,DELTA 265/50/20,Stock item,Active,TIRES,
DELTA 265/70/17,DELTA 265/70/17,Stock item,Active,TIRES,
DELTA 265/75/16,DELTA 265/75/16,Stock item,Active,TIRES,-1.00
DELTA 275/65/18,DELTA 275/65/18,Stock item,Active,TIRES,
DELTA 285/75/16,DELTA 285/75/16,Stock item,Active,TIRES,4.00
DELTA LT225/75/16,DELTA LT225/75/16,Stock item,Active,TIRES,2.00
DERUIBO 215/40/17,215/40/17,Stock item,Active,TIRES,
DERUIBO 235/45/17,235/45/17,Stock item,Active,TIRES,
desperado 235/65/17,235/65/17,Stock item,Active,TIRES,
desperado 245/65/17,245/65/17,Stock item,Active,PARTS,
DESPERADO 245/70/16,,Stock item,Active,TIRES,
desperado 245/70/17,245/70/17,Stock item,Active,TIRES,
desperado 255/70/16,255/70/16,Stock item,Active,TIRES,
desperado 265/65/17,265/65/17,Stock item,Active,TIRES,
desperado 265/70/16,265/70/16,Stock item,Active,TIRES,
DIAGNOSTIC,COMPUTER DIAGNOSTIC,Non-stock item,Active,,
DIAGNOSTIC - i,COMPUTER DIAGNOSTIC,Stock item,Inactive,,-3.00
DICK 265/70/17,,Stock item,Active,TIRES,
DICK 315/70/17,DICK 315/70/17,Stock item,Active,TIRES,4.00
dick 33/10.50/15,33/10.50/15,Stock item,Active,TIRES,
dick 33/12.5/15,33/12.50/15,Stock item,Active,TIRES,
dick 33/12.5/17,33/12.50/17,Stock item,Active,TIRES,
DICK 35/12.50/17,DICK 35/12.50/17,Stock item,Active,TIRES,
DIMENSION 285/75/16,DIMENSION LT285/75/16,Stock item,Active,TIRES,4.00
DIMENSION 35/12.50/2,DIMENSION 35/12.50/20,Stock item,Active,TIRES,4.00
"dip cap 20""","20"" DIP CAP",Stock item,Inactive,,-1.00
DISCOUNT,DISCOUNT,Non-stock item,Active,,
DISCOUNT - i,DISCOUNT,Stock item,Inactive,,-224.00
DORAL 185/60/14,DORAL 185/60/14,Stock item,Active,TIRES,
DORAL 195/55/16,DORAL 195/55/16,Stock item,Active,TIRES,
DORAL 195/70/14,DORAL 195/70/14,Stock item,Active,TIRES,
DORAL 205/50/16,DORAL 205/50/16,Stock item,Active,TIRES,-4.00
DORAL 205/55/16,DORAL 205/55/16,Stock item,Active,TIRES,
DORAL 205/60/16,DORAL 205/60/16,Stock item,Active,TIRES,
DORAL 215/55/16,DORAL 215/55/16,Stock item,Active,TIRES,
DORAL 215/55/17,DORAL 215/55/17,Stock item,Active,TIRES,
DORAL 215/60/16,DORAL 215/60/16,Stock item,Active,TIRES,
DORAL 215/65/16,DORAL 215/65/16,Stock item,Active,TIRES,
DORAL 215/65/17,DORAL 215/65/17,Stock item,Active,TIRES,
DORAL 225/45/17,DORAL 225/45/17,Stock item,Active,TIRES,
DORAL 225/60/16,DORAL 225/60/16,Stock item,Active,TIRES,
DORAL 225/65/17,DORAL 225/65/17,Stock item,Active,TIRES,
DORAL 235/65/16,DORAL 235/65/16,Stock item,Active,TIRES,
douglas 205/60/16,205/60/16,Stock item,Active,TIRES,
douglas 215/60/16,215/60/16,Stock item,Active,TIRES,
drn 225/70/19.5,drn 225/70/19.5,Stock item,Active,TIRES,
drn 245/70/19.5,drn 225/70/19.5,Stock item,Active,TIRES,
DUG 215/60/16,215/60/16,Stock item,Active,TIRES,
DUNLOP 165/65/14,DUNLOP 165/65/14,Stock item,Active,TIRES,
dunlop 185/60/15,185/60/15,Stock item,Active,TIRES,
dunlop 185/70/14,dunlop 185/70/14,Stock item,Active,TIRES,
DUNLOP 195/60/16,DUNLOP 195/60/16,Stock item,Active,TIRES,
dunlop 205/50/17,205/50/17,Stock item,Active,TIRES,
dunlop 20x10-9/4,20x10-9/4,Stock item,Active,TIRES,
dunlop 215/35/19,215/35/19,Stock item,Active,TIRES,
dunlop 215/50/16,215/50/16,Stock item,Active,TIRES,
dunlop 215/65/16,215/65/16,Stock item,Active,PARTS,
dunlop 215/70/15,215/70/15,Stock item,Active,TIRES,
dunlop 225/45/17,225/45/17,Stock item,Active,TIRES,
DUNLOP 225/45/18,DUNLOP 225/45/18,Stock item,Active,TIRES,
dunlop 235/75/15,235/75/15,Stock item,Active,PARTS,
dunlop 245/35/20,245/35/20,Stock item,Active,TIRES,
dunlop 245/75/16,245/75/16,Stock item,Active,TIRES,
DUNLOP 25/10/12,,Stock item,Active,PARTS,
DUNLOP 255/35/18,DUNLOP 255/35/18,Stock item,Active,TIRES,
dunlop 265/35/22,265/35/22,Stock item,Active,PARTS,
dunlop 265/65/17,265/65/17,Stock item,Active,TIRES,
DUNLOP 265/70/15,,Stock item,Active,TIRES,
DUNLOP 275/30/20,DUNLOP 275/30/20,Stock item,Active,TIRES,
dunlop 275/55/17,275/55/17,Stock item,Active,TIRES,
dunlop 275/55/20,275/55/20,Stock item,Active,TIRES,
dunlop 315/75/16,315/75/16,Stock item,Active,TIRES,
duro 185/55/15,185/55/15,Stock item,Active,TIRES,-1.00
DURO 185/60/15,,Stock item,Active,TIRES,
DURO 185/65/15,DURO 185/65/15,Stock item,Active,TIRES,
DURO 185/70/14,DURO 185/70/14,Stock item,Active,TIRES,
duro 185/75/14,185/75/14,Stock item,Active,TIRES,
DURO 185/80/13,DURO 185/80/13,Stock item,Active,TIRES,
DURO 195/55/15,DURO 195/55/15,Stock item,Active,TIRES,
DURO 195/55/16,DURO 195/55/16,Stock item,Active,TIRES,
duro 195/60/15,195/60/15,Stock item,Active,TIRES,
DURO 195/65/14,195/65/14,Stock item,Active,TIRES,
duro 195/65/15,DURO 195/65/15,Stock item,Active,TIRES,
DURO 195/70/14,DURO 195/70/14,Stock item,Active,TIRES,4.00
DURO 1955/65/14,195/65/14,Stock item,Active,TIRES,
DURO 205/45/16,DURO 205/45/16,Stock item,Active,TIRES,
DURO 205/50/15,DURO 205/50/15,Stock item,Active,TIRES,
DURO 205/55/15,DURO 205/55/15,Stock item,Active,TIRES,
DURO 205/55/16,DURO 205/55/16,Stock item,Active,TIRES,-1.00
duro 205/60/15,205/60/15,Stock item,Active,PARTS,
DURO 205/60/16,DURO 205/60/16,Stock item,Active,TIRES,
DURO 205/65/16,DURO 205/65/16,Stock item,Active,TIRES,
DURO 205/70/15,DURO 205/70/15,Stock item,Active,TIRES,
DURO 205/75/15,DURO 205/75/15,Stock item,Active,TIRES,
DURO 215/35/18,DURO 215/35/18,Stock item,Active,TIRES,
DURO 215/45/17,,Stock item,Active,TIRES,
DURO 215/50/17,215/50/17,Stock item,Active,TIRES,
duro 215/55/16,215/55/16,Stock item,Active,TIRES,
DURO 215/55/17,DURO 215/55/17,Stock item,Active,TIRES,
DURO 215/60/15,DURO 215/60/15,Stock item,Active,TIRES,4.00
DURO 215/70/15,DURO 215/70/15,Stock item,Active,TIRES,
DURO 215/75/15,DURO 215/75/15,Stock item,Active,TIRES,
duro 225/40/18,225/40/18,Stock item,Active,TIRES,
duro 225/50/17,225/50/17,Stock item,Active,TIRES,
duro 225/50/18,225/50/18,Stock item,Active,TIRES,4.00
DURO 225/55/17,DURO 225/55/17,Stock item,Active,TIRES,4.00
DURO 225/60/17,DURO 225/60/17,Stock item,Active,TIRES,
duro 225/60/18,225/60/18,Stock item,Active,TIRES,
DURO 225/65/17,DURO 225/65/17,Stock item,Active,TIRES,
duro 225/70/15,225/70/15,Stock item,Active,TIRES,
duro 235/40/18,235/40/18,Stock item,Active,TIRES,
DURO 235/45/17,,Stock item,Active,TIRES,
DURO 235/50/18,,Stock item,Active,TIRES,
DURO 235/55/18,DURO 235/55/18,Stock item,Active,TIRES,
DURO 235/55/19,DURO 235/55/19,Stock item,Active,TIRES,4.00
DURO 235/55/20,DURO 235/55/20,Stock item,Active,TIRES,
duro 235/60/18,235/60/18,Stock item,Active,TIRES,
DURO 235/65/17,DURO 235/65/17,Stock item,Active,TIRES,
DURO 235/75/15,DURO 235/75/15,Stock item,Active,TIRES,
DURO 245/40/18,DURO 245/40/18,Stock item,Active,TIRES,
DURO 245/45/18,DURO 245/45/18,Stock item,Active,TIRES,
DURO 245/50/20,DURO 245/50/20,Stock item,Active,TIRES,
DURO 245/55/19,DURO 245/55/19,Stock item,Active,TIRES,
DURO 245/60/18,DURO 245/60/18,Stock item,Active,TIRES,
DURO 245/65/17,DURO 245/65/17,Stock item,Active,TIRES,
DURO 255/60/19,DURO 255/60/19,Stock item,Active,TIRES,5.00
DURO 255/65/18,DURO 255/65/18,Stock item,Active,TIRES,8.00
DURO 255/70/17,DURO 255/70/17,Stock item,Active,TIRES,
DURO 255/70/18,DURO 255/70/18,Stock item,Active,TIRES,
DURO 265/60/18,DURO 265/60/18,Stock item,Active,TIRES,
DURO 265/65/18,DURO 265/65/18,Stock item,Active,TIRES,
DURO 265/70/16,DURO 265/70/16,Stock item,Active,TIRES,
DURO 265/70/17,DURO 265/70/17,Stock item,Active,TIRES,-1.00
DURO 275/55/20,DURO 275/55/20,Stock item,Active,TIRES,
DURO 275/65/18,DURO 275/65/18,Stock item,Active,TIRES,
DURO 33/12.50/20,DURO 33/12.50/20,Stock item,Active,TIRES,4.00
durun 175/65/14,175/65/14,Stock item,Active,TIRES,
DURUN 195/60/15,,Stock item,Active,TIRES,
DURUN 205/75/15,205/75/15,Stock item,Active,TIRES,
durun 215/35/18,215/35/18,Stock item,Active,TIRES,
durun 215/45/17,215/45/17,Stock item,Active,TIRES,
durun 225/30/20,225/30/20,Stock item,Active,TIRES,
DURUN 225/45/17,DURUN 225/45/17,Stock item,Active,PARTS,
durun 235/30/20,225/30/20,Stock item,Active,TIRES,
durun 235/30/22,225/30/20,Stock item,Active,TIRES,
durun 235/35/19,235/35/19,Stock item,Active,TIRES,
DURUN 245/30/22,DURUN 245/30/22,Stock item,Active,TIRES,
DURUN 245/35/20,245/35/20,Stock item,Active,TIRES,
DURUN 245/70/19.5,DURUN 245/70/19.5,Stock item,Active,TIRES,
DURUN 255/30/22,DURUN 255/30/22,Stock item,Active,TIRES,
DURUN 255/30/26,DURUN 255/30/26,Stock item,Active,TIRES,
DURUN 255/35/20,255/35/20,Stock item,Active,TIRES,
DURUN 265/40/22,265/40/22,Stock item,Active,TIRES,
DURUN 275/25/26,275/25/26,Stock item,Active,PARTS,
DURUN 275/25/28,275/25/28,Stock item,Active,TIRES,
DURUN 275/30/20,DURUN 275/30/20,Stock item,Active,TIRES,
DURUN 275/55/20,275/55/20,Stock item,Active,TIRES,
DURUN 285/50/20,DURUN 285/50/20,Stock item,Active,TIRES,
DURUN 285/55/20,,Stock item,Active,TIRES,
DURUN 295/25/22,DURUN 295/25/22,Stock item,Active,TIRES,
DURUN 295/25/28,295/25/28,Stock item,Active,TIRES,
DURUN 295/30/26,295/30/26,Stock item,Active,TIRES,
DURUN 295/35/24,295/35/24,Stock item,Active,TIRES,
DURUN 305/30/26,305/30/26,Stock item,Active,TIRES,
DURUN 325/60/20,325/60/20,Stock item,Active,TIRES,
dyna 11R22.5/14,11R22.5/14,Stock item,Active,TIRES,
dynastar 235/85/16,235/85/16,Stock item,Active,PARTS,
E CENT 235/80/17,E CENT 235/80/17,Stock item,Active,TIRES,
eclipse tail lights,ECLIPSE TAIL LIGHTS NTR684,Stock item,Inactive,,-1.00
eld 235/40/18,235/40/18,Stock item,Active,TIRES,
ELD 245/75/16,245/75/16,Stock item,Active,TIRES,
ELD 265/75/15,ELDERADO 265/75/15,Stock item,Active,TIRES,
eld 315/75/16,315/75/16,Stock item,Active,PARTS,
EPIC 205/60/16,EPIC TOURING 205/60/16,Stock item,Active,TIRES,
EPIC TOURING,EPIC TOURING,Stock item,Active,TIRES,
equalizer 235/65/17,235/65/17,Stock item,Active,TIRES,
equalizer 265/70/16,265/70/16,Stock item,Active,TIRES,
et,Excise Tax,Non-stock item,Active,,
evo-z 245/45/16,245/45/16,Stock item,Active,TIRES,
evo-z 265/35/18,265/35/18,Stock item,Active,TIRES,
f-align 13-15,"Front End Alignment 13""-15""",Non-stock item,Active,,
f-align 16-18,"Front End Alignment 16""-18""",Non-stock item,Active,,
f-align 19-20,"Front End Alignment 19""-20""",Non-stock item,Active,,
f-align 21-24,"Front End Alignment 21""-24""",Non-stock item,Active,,
FALKEN  275/55/20,FALKEN 275/55/20,Stock item,Active,TIRES,-4.00
falken  315/75/16,315/75/16,Stock item,Active,TIRES,
FALKEN 165/65/14,FALKEN 165/65/14,Stock item,Active,TIRES,
FALKEN 185/55/15,FALKEN 185/55/15,Stock item,Active,TIRES,
FALKEN 185/55/16,FALKEN 185/55/16,Stock item,Active,TIRES,
FALKEN 185/65/15,FALKEN 185/65/15,Stock item,Active,TIRES,
falken 195/50/15,195/50/15,Stock item,Active,TIRES,
falken 195/55/15,195/55/15,Stock item,Active,TIRES,
falken 195/55/16,195/55/16,Stock item,Active,TIRES,
falken 195/60/15,FALKEN 195/60/15,Stock item,Active,TIRES,
falken 205/40/17,205/40/17,Stock item,Active,TIRES,
FALKEN 205/45/16,FALKEN 205/45/16,Stock item,Active,TIRES,
FALKEN 205/45/17,FALKEN 205/45/17,Stock item,Active,TIRES,
FALKEN 205/50/16,FALKEN 205/50/16,Stock item,Active,TIRES,
FALKEN 205/55/16,FALKEN 205/55/16,Stock item,Active,TIRES,
falken 205/65/15,FALKEN 205/65/15,Stock item,Active,TIRES,
FALKEN 205/65/16,FALKEN 205/65/16,Stock item,Active,TIRES,
falken 215/35/18,215/35/18,Stock item,Active,TIRES,
falken 215/45/17,,Stock item,Active,TIRES,
FALKEN 215/45/18,FALKEN 215/45/18,Stock item,Active,TIRES,
falken 215/60/15,215/60/15,Stock item,Active,TIRES,
falken 215/60/16,215/60/16,Stock item,Active,TIRES,
falken 215/65/15,215/65/15,Stock item,Active,TIRES,
falken 215/65/16,215/65/16,Stock item,Active,TIRES,
falken 215/65/17,215/65/17,Stock item,Active,TIRES,
falken 215/70/16,FALKEN 215/70/16,Stock item,Active,TIRES,
falken 225/30/20,225/30/20,Stock item,Active,TIRES,
falken 225/40/18,225/40/18,Stock item,Active,LOAN,
FALKEN 225/40/19,FALKEN 225/40/19,Stock item,Active,TIRES,
falken 225/45/17,225/45/17,Stock item,Active,TIRES,
FALKEN 225/50/17,,Stock item,Active,TIRES,
falken 225/55/16,225/55/16,Stock item,Active,TIRES,4.00
falken 225/55/17,,Stock item,Active,TIRES,
FALKEN 225/55/18,FALKEN 225/55/18,Stock item,Active,TIRES,
falken 225/60/15,225/60/15,Stock item,Active,TIRES,
falken 225/60/16,225/60/16,Stock item,Active,TIRES,4.00
FALKEN 225/60/18,FALKEN 225/60/18,Stock item,Active,TIRES,
FALKEN 225/65/16,FALKEN 225/65/16,Stock item,Active,TIRES,
FALKEN 225/70/15,FALKEN 225/75/15,Stock item,Active,TIRES,
FALKEN 225/70/16,FALKEN 225/70/16,Stock item,Active,TIRES,
falken 235/30/20,235/30/20,Stock item,Active,TIRES,
falken 235/40/18,FALKEN 235/40/18,Stock item,Active,TIRES,
FALKEN 235/45/19,FALKEN 235/45/19,Stock item,Active,TIRES,4.00
FALKEN 235/50/17,,Stock item,Active,TIRES,
falken 235/50/18,235/50/18,Stock item,Active,TIRES,
falken 235/55/16,235/55/16,Stock item,Active,TIRES,
FALKEN 235/55/17,FALKEN 235/55/17,Stock item,Active,TIRES,
falken 235/55/18,235/55/18,Stock item,Active,TIRES,
FALKEN 235/55/19,,Stock item,Active,TIRES,
FALKEN 235/60/17,FALKEN 235/60/17,Stock item,Active,TIRES,
FALKEN 235/65/16,FALKEN 235/65/16,Stock item,Active,TIRES,
FALKEN 235/65/17,,Stock item,Active,TIRES,
FALKEN 245/30/20,FALKEN 245/30/20,Stock item,Active,TIRES,
falken 245/30/22,245/30/22,Stock item,Active,TIRES,
falken 245/35/20,245/35/20,Stock item,Active,TIRES,
falken 245/40/17,,Stock item,Active,TIRES,
falken 245/40/18,245/40/18,Stock item,Active,TIRES,
falken 245/40/20,245/40/20,Stock item,Active,TIRES,
falken 245/45/17,245/45/17,Stock item,Active,TIRES,
falken 245/45/20,245/45/20,Stock item,Active,TIRES,-4.00
falken 245/50/16,245/50/16,Stock item,Active,TIRES,
FALKEN 245/55/19,FALKEN 245/55/19,Stock item,Active,TIRES,
FALKEN 245/60/18,FALKEN 245/60/18,Stock item,Active,TIRES,
falken 245/75/16,245/75/16,Stock item,Active,TIRES,
falken 255/35/20,255/35/20,Stock item,Active,TIRES,4.00
falken 255/45/20,255/45/20,Stock item,Active,TIRES,
falken 255/70/16,255/70/16,Stock item,Active,TIRES,
falken 265/35/22,265/35/22,Stock item,Active,TIRES,
falken 265/40/22,265/40/22,Stock item,Active,TIRES,
FALKEN 265/50/20,FALKEN 265/50/20,Stock item,Active,TIRES,
falken 265/65/17,265/65/17,Stock item,Active,TIRES,
FALKEN 265/70/16,,Stock item,Active,TIRES,4.00
falken 265/70/17,265/70/17,Stock item,Active,TIRES,6.00
FALKEN 265/70/18,FALKEN 265/70/18,Stock item,Active,TIRES,
FALKEN 265/75/16,FALKEN 265/75/16,Stock item,Active,TIRES,8.00
falken 275/40/18,275/40/18,Stock item,Active,TIRES,
falken 275/45/20,275/45/20,Stock item,Active,TIRES,
falken 275/55/20,275/55/20,Stock item,Active,TIRES,
falken 275/60/20,275/60/20,Stock item,Active,TIRES,
FALKEN 275/65/18,FALKEN LT275/65/18,Stock item,Active,TIRES,
FALKEN 285/25/20,FALCEN 285/25/20,Stock item,Active,TIRES,
FALKEN 285/35/23,FALKEN 285/35/23,Stock item,Active,TIRES,
FALKEN 285/40/22,,Stock item,Active,TIRES,
FALKEN 285/45/22,FALKEN 285/45/22,Stock item,Active,TIRES,
falken 285/65/18,FALKEN 285/65/18,Stock item,Active,TIRES,
falken 285/70/17,FALKEN 285/70/17,Stock item,Active,TIRES,
falken 295/50/20,295/50/20,Stock item,Active,TIRES,
FALKEN 3/1250/20,,Stock item,Active,TIRES,
FALKEN 30/9.50/15,FALKEN 30/9.50/15,Stock item,Active,TIRES,
falken 305/40/22,305/40/22,Stock item,Active,TIRES,
FALKEN 305/40/23,FALKEN 305/40/23,Stock item,Active,TIRES,
FALKEN 305/55/20,FALKEN 305/55/20,Stock item,Active,TIRES,-4.00
FALKEN 305/65/18,FALKEN 305/65/18,Stock item,Active,TIRES,
FALKEN 315/70/17,FALKEN 315/70/17,Stock item,Active,TIRES,4.00
FALKEN 33/12.50/20,FALKEN 33/12.50/20,Stock item,Active,TIRES,
falken 33/1250/20,FALKEN 33/1250/20,Stock item,Active,TIRES,
FALKEN 35/12.5/20,FALKEN 35/12.5/20,Stock item,Active,TIRES,
FALKEN 35/12.50/15,FALKEN 35/12.50/15,Stock item,Active,TIRES,
falken 512 215/35/18,215/35/18,Stock item,Active,TIRES,
FALKEN LT225/75/16,FALKEN LT225/75/16,Stock item,Active,TIRES,4.00
FALKEN LT275/65/18,FALKEN LT275/65/18,Stock item,Active,TIRES,
FALKEN LT285/70/17,FALKEN LT285/70/17,Stock item,Active,TIRES,4.00
farmer 670-15,670-15,Stock item,Active,,
federal 265/70/17,265/70/17,Stock item,Active,TIRES,
federal 285/75/16,285/75/16,Stock item,Active,TIRES,
FEDERAL 33/12.5/20,FEDERAL 33/12.5/20,Stock item,Active,TIRES,
FEDERAL 35/12.5/18,FEDERAL 35/12.5/18,Stock item,Active,18,
FEDERAL 35/12.5/20,FEDERAL 35/12.5/20,Stock item,Active,TIRES,
FEDERAL 37/12.5/20,FEDERAL 37/12.5/20,Stock item,Active,TIRES,
FEDRAL 245/75/16,LT245/75/16,Stock item,Active,TIRES,
fedral 265/35/22,265/35/22,Stock item,Active,TIRES,
fedral 305/35/24,305/35/24,Stock item,Active,TIRES,
fedral 33/12.50/20,,Stock item,Active,TIRES,
fedral 35/12.50/20,35/12.50/20,Stock item,Active,TIRES,
FEDRAL 37/12.5/20,FEDRAL 37/12.5/20,Stock item,Active,TIRES,
fender,Fender Trim 98-03 Mazda EF1025,Stock item,Inactive,,
fierce 205/40/17,205/40/17,Stock item,Active,TIRES,
fierce 215/45/18,215/45/18,Stock item,Active,TIRES,
fierce 225/50/17,225/50/17,Stock item,Active,TIRES,
fierce 245/45/17,245/45/17,Stock item,Active,TIRES,
fierce 255/40/18,255/40/18,Stock item,Active,TIRES,
fierce 275/45/20,275/45/20,Stock item,Active,TIRES,
fierce 275/55/20,275/55/20,Stock item,Active,TIRES,
fierce 285/50/20,285/50/20,Stock item,Active,TIRES,
fierce 285/75/16,285/75/16,Stock item,Active,TIRES,
fierce 305/40/22,305/40/22,Stock item,Active,TIRES,
fierce 305/45/22,305/45/22,Stock item,Active,TIRES,
FIERCE LT285/75/16,,Stock item,Active,TIRES,
FIIRESTONE 255/70/15,,Stock item,Active,TIRES,
FIRESTONE 185/55/15,FIRESTONE 185/55/15,Stock item,Active,TIRES,
FIRESTONE 195/60/15,195/60/15,Stock item,Active,TIRES,
firestone 195/65/15,195/65/15,Stock item,Active,TIRES,
firestone 195/75/14,195/75/14,Stock item,Active,TIRES,
FIRESTONE 205/55/15,FIRESTONE 205/55/15,Stock item,Active,TIRES,
FIRESTONE 205/55/16,FIRESTONE 205/55/16,Stock item,Active,TIRES,
FIRESTONE 205/65/15,FIRESTONE 205/65/15,Stock item,Active,TIRES,
FIRESTONE 205/70/15,FIRESTONE 205/70/15 380,Stock item,Active,TIRES,
FIRESTONE 205/75/15,FIRESTONE 205/75/15,Stock item,Active,TIRES,
FIRESTONE 215/45/17,FIRESTONE 215/45/17,Stock item,Active,TIRES,
FIRESTONE 215/60/16,FIRESTONE 215/60/16,Stock item,Active,TIRES,
FIRESTONE 215/65/16,FIRESTONE 215/65/16,Stock item,Active,TIRES,
firestone 215/70/15,215/70/15,Stock item,Active,TIRES,
firestone 215/70/16,215/70/16,Stock item,Active,TIRES,
firestone 215/75/15,215/75/15,Stock item,Active,TIRES,
FIRESTONE 225/50/16,FIRESTONE 225/50/16,Stock item,Active,TIRES,
FIRESTONE 225/55/17,FIRESTONE 225/55/17,Stock item,Active,TIRES,
FIRESTONE 225/60/16,FIRESTONE 225/60/16,Stock item,Active,TIRES,
FIRESTONE 225/60/18,FIRESTONE 225/60/18,Stock item,Active,TIRES,
FIRESTONE 225/65/17,FIRESTONE 225/65/17,Stock item,Active,TIRES,
firestone 225/70/14,,Stock item,Active,TIRES,
firestone 225/70/15,225/70/15,Stock item,Active,TIRES,
firestone 225/75/15,firestone 225/75/15,Stock item,Active,TIRES,
FIRESTONE 225/75/16,FIRESTONE 225/75/16,Stock item,Active,TIRES,
firestone 225/75/17,firestone 225/75/17,Stock item,Active,TIRES,
firestone 235/45/18,235/45/18,Stock item,Active,TIRES,
FIRESTONE 235/55/18,FIRESTONE 235/55/18,Stock item,Active,TIRES,
FIRESTONE 235/60/16,FIRESTONE 235/60/16,Stock item,Active,TIRES,
FIRESTONE 235/60/18,FIRESTONE 235/60/18,Stock item,Active,TIRES,
FIRESTONE 235/65/17,,Stock item,Active,TIRES,
firestone 235/70/15,235/70/15,Stock item,Active,TIRES,
firestone 235/70/16,235/70/16,Stock item,Active,TIRES,
FIRESTONE 235/70/17,FIRESTONE 235/70/17,Stock item,Active,TIRES,
FIRESTONE 235/75/15,FIRESTONE 235/75/15,Stock item,Active,TIRES,
FIRESTONE 235/80/16,FIRESTONE 235/80/16,Stock item,Active,TIRES,
FIRESTONE 235/80/17,FIRESTONE 235/80/17,Stock item,Active,TIRES,
FIRESTONE 235/85/16,FIRESTONE 235/85/16,Stock item,Active,TIRES,
FIRESTONE 245/45/20,FIRESTONE 245/45/20,Stock item,Active,TIRES,
FIRESTONE 245/55/19,FIRESTONE 245/55/19,Stock item,Active,TIRES,
FIRESTONE 245/65/17,FIRESTONE 245/65/17,Stock item,Active,TIRES,
firestone 245/70/16,245/70/16,Stock item,Active,TIRES,
FIRESTONE 245/70/17,FIRESTONE 245/70/17,Stock item,Active,TIRES,
firestone 245/75/16,245/75/16,Stock item,Active,TIRES,-2.00
firestone 245/75/17,245/75/17,Stock item,Active,TIRES,
FIRESTONE 255/55/19,FIRESTONE 255/55/19,Stock item,Active,TIRES,
FIRESTONE 255/60/15,255/60/15,Stock item,Active,TIRES,
FIRESTONE 255/70/15,,Stock item,Active,TIRES,
FIRESTONE 265/65/17,FIRESTONE 265/65/17,Stock item,Active,TIRES,
FIRESTONE 265/65/18,,Stock item,Active,TIRES,
firestone 265/70/16,265/70/16,Stock item,Active,TIRES,
firestone 265/70/17,265/70/17,Stock item,Active,TIRES,
FIRESTONE 265/75/15,FIRESTONE 265/75/15,Stock item,Active,TIRES,
firestone 265/75/16,265/75/16,Stock item,Active,TIRES,
FIRESTONE 275/60/15,FIRESTONE 275/60/15,Stock item,Active,TIRES,
firestone 275/60/20,275/60/20,Stock item,Active,TIRES,
FIRESTONE 275/65/18,FIRESTONE 275/65/18,Stock item,Active,TIRES,
FIRESTONE 285/60/20,FIRESTONE 285/60/20,Stock item,Active,TIRES,
FIRESTONE 285/70/17,FIRESTONE 285/70/17,Stock item,Active,TIRES,
FIRESTONE 35/12.5/20,FIRESTONE 35/12.5/20,Stock item,Active,TIRES,
FIRESTONE 8.75/16.5,FIRESTONE 8.75/16.5,Stock item,Active,TIRES,
FIRESTONE LT245/75/1,FIRESTONE LT245/75/16,Stock item,Active,TIRES,2.00
FIRESTONE LT265/75/1,FIRESTONE LT 265/75/16,Stock item,Active,TIRES,
FIRESTONE LT285/60/2,FIRESTONE LT285/65/20,Stock item,Active,TIRES,
FIRESTONE35/12.50/20,FIRESTONE35/12.50/20,Stock item,Active,TIRES,
FLUID DISPOSAL,,Non-stock item,Active,,
FLUID DISPOSAL - i,,Stock item,Inactive,,-1.00
FORCELAND 275/40/20,FORCELAND 275/40/20,Stock item,Active,TIRES,4.00
FORCELAND 275/70/18,FORCELAND LT275/70/18,Stock item,Active,TIRES,4.00
FORCELAND 285/55/20,FORCELAND LT285/55/20,Stock item,Active,TIRES,8.00
FORERUNNER 205/75/14,FORERUNNER 205/75/14,Stock item,Active,TIRES,
FORERUNNER 225/75/15,FORERUNNER 225/75/15,Stock item,Active,TIRES,
forerunner 235/80/16,235/80/16,Stock item,Active,TIRES,
formula1 225/35/20,225/35/20,Stock item,Active,TIRES,
formula1 235/30/22,235/30/22,Stock item,Active,TIRES,
formula1 245/30/22,245/30/22,Stock item,Active,TIRES,
formula1 245/35/20,245/35/20,Stock item,Active,TIRES,
formula1 255/30/22,255/30/22,Stock item,Active,TIRES,
formula1 255/35/20,255/35/20,Stock item,Active,TIRES,
formula1 265/35/22,265/35/22,Stock item,Active,TIRES,
formula1 265/40/22,265/40/22,Stock item,Active,TIRES,
formula1 275/40/20,275/40/20,Stock item,Active,TIRES,
formula1 275/45/20,275/45/20,Stock item,Active,TIRES,
formula1 275/55/20,275/55/20,Stock item,Active,TIRES,
formula1 295/30/26,295/30/26,Stock item,Active,TIRES,
formula1 305/35/24,305/35/24,Stock item,Active,TIRES,
formula1 305/40/22,305/40/22,Stock item,Active,TIRES,
formula1 305/45/22,305/45/22,Stock item,Active,TIRES,
FORT RUNNER 235/80/1,FORT RUNNRT 235/80/16,Stock item,Active,TIRES,
FORTUNE 255/40/18,FORTUNE 255/40/18,Stock item,Active,TIRES,2.00
FREEDOM 235/85/16,FREEDOM ST235/85/16,Stock item,Active,TIRES,
FREESTAR 175/80/13,FREESTAR 175/80/13,Stock item,Active,TIRES,2.00
FREESTAR 205/25/15,FREESTAR 205/25/15,Stock item,Active,TIRES,-1.00
FREESTAR 205/75/14,FREESTAR 205/75/14,Stock item,Active,TIRES,1.00
FREESTAR 205/75/15,FREESTAR 205/75/15,Stock item,Active,TIRES,2.00
FREESTAR 215/75/14,FREESTAR 215/75/14,Stock item,Active,TIRES,4.00
FREESTAR 225/75/15,FREESTAR 225/75/15,Stock item,Active,TIRES,-4.00
FREESTAR 235/80/16,FREESTAR 235/80/16,Stock item,Active,TIRES,1.00
FREESTAR 235/85/16,FREESTAR 235/85/16,Stock item,Active,TIRES,4.00
FREESTAR ST225/75/15,FREESTAR ST225/75/15,Stock item,Active,TIRES,5.00
FREPSR 33/1250/20,FREPSR 33/1250/20,Stock item,Active,TIRES,
FREPSR 33/250/20,,Stock item,Active,TIRES,
FREPSR 35/12.50/20,FREPSR 35/12.50/20,Stock item,Active,TIRES,
FRONT BRAKE JOB,,Non-stock item,Active,,
FRONT BRAKE JOB - i,,Stock item,Inactive,,-2.00
frs 8.75/16.5/10,8.75/16.5/10,Stock item,Active,TIRES,
FUEL 285/55/20,FUEL 285/55/20,Stock item,Active,TIRES,-4.00
fullrun 225/30/20,225/30/20,Stock item,Active,TIRES,
FULLRUN 225/30/22,FULL RUN 225/30/22,Stock item,Active,TIRES,4.00
fullrun 225/35/19,225/35/19,Stock item,Active,TIRES,
fullrun 225/35/20,225/35/20,Stock item,Active,TIRES,
fullrun 225/40/18,225/40/18,Stock item,Active,TIRES,
fullrun 245/35/20,245/35/20,Stock item,Active,TIRES,
fullrun 255/30/24,255/30/24,Stock item,Active,TIRES,
fullrun 255/35/20,255/35/20,Stock item,Active,TIRES,
fullrun 255/55/18,255/55/18,Stock item,Active,TIRES,
fullrun 265/40/22,265/40/22,Stock item,Active,TIRES,
FULLRUN 275/25/26,FULLRUN 275/25/26,Stock item,Active,TIRES,4.00
fullrun 275/45/20,275/45/20,Stock item,Active,TIRES,
fullrun 275/55/20,275/55/20,Stock item,Active,TIRES,
fullrun 285/50/20,285/50/20,Stock item,Active,TIRES,
fullrun 295/30/26,295/30/26,Stock item,Active,TIRES,
fullrun 305/35/24,305/35/24,Stock item,Active,TIRES,
fullrun 305/40/22,305/40/22,Stock item,Active,TIRES,
fullrun 305/45/22,305/45/22,Stock item,Active,TIRES,
FULLWAY 285/50/20,285/50/20,Stock item,Active,TIRES,
FULLWAY 305/45/22,305/45/22,Stock item,Active,TIRES,
fusion 195/60/15,,Stock item,Active,TIRES,
FUSION 205/60/16,FUSION 205/60/16 HRI,Stock item,Active,TIRES,
FUSION 215/45/17,FUSION 215/45/17,Stock item,Active,TIRES,
fusion 215/60/15,fusion 215/60/15,Stock item,Active,TIRES,
FUSION 215/60/16,,Stock item,Active,TIRES,
FUSION 215/60/17,FUSION 215/60/17,Stock item,Active,TIRES,
fusion 225/55/17,225/55/17,Stock item,Active,TIRES,
FUSION 225/70/16,FUSION 225/70/16,Stock item,Active,TIRES,
FUSION 235/45/18,FUSION 235/45/18,Stock item,Active,TIRES,
FUSION 235/55/17,FUSION 235/55/17,Stock item,Active,TIRES,
FUSION 265/75/16,FUSION 265/75/16,Stock item,Active,TIRES,
futura 205/55/16,205/55/16,Stock item,Active,TIRES,
futura 235/70/15,235/70/15,Stock item,Active,TIRES,
FUZION 185/60/14,FUZION 185/60/14,Stock item,Active,TIRES,
fuzion 195/55/15,195/55/15,Stock item,Active,TIRES,
fuzion 195/55/16,195/55/16,Stock item,Active,TIRES,
FUZION 195/60/14,,Stock item,Active,TIRES,
fuzion 195/60/15,195/60/15,Stock item,Active,TIRES,
FUZION 195/65/15,FUZION 195/65/15,Stock item,Active,TIRES,
fuzion 195/70/14,195/60/14,Stock item,Active,TIRES,
fuzion 205/40/17,205/40/17,Stock item,Active,TIRES,
fuzion 205/50/16,205/50/16,Stock item,Active,TIRES,
fuzion 205/55/16,205/55/16,Stock item,Active,TIRES,-2.00
fuzion 205/60/15,205/60/15,Stock item,Active,TIRES,
fuzion 205/60/16,205/60/16,Stock item,Active,TIRES,
fuzion 205/65/15,205/65/15,Stock item,Active,TIRES,
FUZION 205/70/15,FUZION 205/70/15,Stock item,Active,TIRES,
FUZION 205/75/15,,Stock item,Active,TIRES,
fuzion 215/45/17,215/45/17,Stock item,Active,TIRES,
FUZION 215/50/17,,Stock item,Active,TIRES,
FUZION 215/55/16,FUZION 215/55/16,Stock item,Active,TIRES,
fuzion 215/60/15,215/60/15,Stock item,Active,TIRES,
fuzion 215/60/16,215/60/16,Stock item,Active,TIRES,
FUZION 215/60/17,FUZION 215/60/17,Stock item,Active,TIRES,
fuzion 215/65/17,215/65/17,Stock item,Active,TIRES,
FUZION 215/70/15,,Stock item,Active,TIRES,
FUZION 215/70/16,,Stock item,Active,TIRES,
FUZION 225/40/18,FUZION 225/40/18,Stock item,Active,TIRES,
fuzion 225/45/17,FUZION 225/45/17,Stock item,Active,TIRES,
FUZION 225/45/18,,Stock item,Active,TIRES,
FUZION 225/50/16,225/50/16,Stock item,Active,TIRES,
fuzion 225/50/17,225/50/17,Stock item,Active,TIRES,
FUZION 225/55/16,,Stock item,Active,TIRES,
fuzion 225/55/17,225/55/17,Stock item,Active,TIRES,
fuzion 225/60/15,225/60/15,Stock item,Active,TIRES,
FUZION 225/60/16,FUZION 225/60/16,Stock item,Active,TIRES,
FUZION 225/60/17,,Stock item,Active,TIRES,
FUZION 225/70/16,FUZION 225/70/16,Stock item,Active,TIRES,
FUZION 225/75/16,FUZION 225/75/16,Stock item,Active,TIRES,
FUZION 235/45/17,FUZION 235/45/17,Stock item,Active,TIRES,
fuzion 235/45/18,FUZION 235/45/18,Stock item,Active,TIRES,
fuzion 235/55/17,235/55/17,Stock item,Active,TIRES,
FUZION 235/55/19,FUZION 235/55/19,Stock item,Active,TIRES,
FUZION 235/60/17,FUZION 235/60/17,Stock item,Active,TIRES,
FUZION 235/70/16,FUZION 235/70/16,Stock item,Active,TIRES,
fuzion 245/45/16,245/45/16,Stock item,Active,TIRES,
FUZION 245/45/17,FUZION 245/45/17,Stock item,Active,TIRES,
FUZION 245/60/18,FUZION 245/60/18,Stock item,Active,TIRES,
fuzion 245/65/17,245/65/17,Stock item,Active,TIRES,
fuzion 245/70/16,245/70/16,Stock item,Active,TIRES,
fuzion 245/75/16,245/75/16,Stock item,Active,TIRES,
fuzion 255/45/17,255/45/17,Stock item,Active,TIRES,
fuzion 255/65/17,255/65/17,Stock item,Active,TIRES,
FUZION 255/70/16,FUZION 255/70/16,Stock item,Active,TIRES,
FUZION 255/70/18,FUZION 255/70/18,Stock item,Active,TIRES,
fuzion 265/70/16,FUZION 265/70/16,Stock item,Active,TIRES,
FUZION 265/70/17,FUZION 265/70/17,Stock item,Active,TIRES,
fuzion 265/75/16,FUZION 265/75/16,Stock item,Active,TIRES,
FUZION 275/55/20,FUZION 275/55/20,Stock item,Active,TIRES,
fuzion HR 195/60/14,195/60/14,Stock item,Active,TIRES,
fuzion lt325/60/18,325/60/18,Stock item,Active,TIRES,
G/A 725MB DOMINATOR,G/A 725 MB DOMINATOR,Stock item,Active,WHEEL,
gab 235/70/15,235/70/15,Stock item,Active,TIRES,
gab 245/75/16,245/75/16,Stock item,Active,TIRES,
gab 255/70/16,255/70/16,Stock item,Active,TIRES,
GALDIATOR 205/75/14,GALDIATOR ST205/75/14,Stock item,Active,TIRES,
GBC 25/10.00/12,GBC 25/10.00/12,Stock item,Active,TIRES,
GBC 25/12/10,GBC 25/12/10,Stock item,Active,TIRES,
GBC 27/11.00/12,GBC 27/11.00/12,Stock item,Active,TIRES,
GBC 27/9.00/12,GBC 27/9.00/12,Stock item,Active,TIRES,
GEN ALTIMAX,GEN ALTIMAX,Stock item,Active,,
general  31x10.50/15,31x10.50/15,Stock item,Active,PARTS,
GENERAL 175/65/15,GENERAL 175/65/15,Stock item,Active,TIRES,
GENERAL 175/70/14,GENERAL 175/70/14,Stock item,Active,TIRES,
GENERAL 185/60/15,,Stock item,Active,TIRES,
GENERAL 185/70/14,,Stock item,Active,TIRES,
GENERAL 195/60/15,GENERAL 195/60/15,Stock item,Active,TIRES,
GENERAL 195/65/14,GENERAL 195/65/14,Stock item,Active,TIRES,
general 195/65/15,195/65/15,Stock item,Active,TIRES,
GENERAL 205/70/16,GENERAL 205/70/16,Stock item,Active,TIRES,
GENERAL 205/75/15,205/75/15,Stock item,Active,TIRES,
general 215/35/19,215/35/19,Stock item,Active,TIRES,
GENERAL 215/40/18,,Stock item,Active,TIRES,
general 215/50/17,215/50/17,Stock item,Active,TIRES,
GENERAL 215/60/15,,Stock item,Active,TIRES,
GENERAL 215/60/16,GENERAL 215/60/16,Stock item,Active,TIRES,
general 215/65/15,215/65/15,Stock item,Active,TIRES,
general 215/65/16,215/65/16,Stock item,Active,TIRES,
general 215/70/15,215/70/15,Stock item,Active,TIRES,
general 215/70/16,215/70/16,Stock item,Active,TIRES,
GENERAL 215/85/16,GENERAL 215/85/16,Stock item,Active,TIRES,
general 225/30/20,225/30/20,Stock item,Active,TIRES,
general 225/40/18,225/40/18,Stock item,Active,TIRES,
GENERAL 225/40/19,GENERAL 225/40/19,Stock item,Active,TIRES,
GENERAL 225/45/17,GENERAL 225/45/17,Stock item,Active,TIRES,
general 225/45/18,225/45/18,Stock item,Active,TIRES,
general 225/50/16,225/50/16,Stock item,Active,TIRES,
general 225/50/17,225/50/17,Stock item,Active,TIRES,
general 225/55/17,225/55/17,Stock item,Active,TIRES,
general 225/60/14,225/60/14,Stock item,Active,TIRES,
general 225/60/16,225/60/16,Stock item,Active,TIRES,
general 225/60/18,225/60/18,Stock item,Active,TIRES,
GENERAL 225/65/17,GENERAL 225/65/17,Stock item,Active,TIRES,
general 225/70/15,225/70/15,Stock item,Active,TIRES,
general 225/70/16,225/70/16,Stock item,Active,TIRES,1.00
general 235/45/17,235/45/17,Stock item,Active,TIRES,
general 235/50/18,235/50/18,Stock item,Active,TIRES,
general 235/55/16,,Stock item,Active,TIRES,
general 235/65/17,235/65/17,Stock item,Active,TIRES,
general 235/70/15,235/70/15,Stock item,Active,TIRES,
general 235/70/16,235/70/16,Stock item,Active,TIRES,
GENERAL 235/75/15,GENERAL 235/75/15,Stock item,Active,TIRES,
general 235/75/16,235/75/16,Stock item,Active,TIRES,
GENERAL 235/80/17,235/80/17,Stock item,Active,TIRES,
GENERAL 245/40/18,GENERAL 245/40/18,Stock item,Active,TIRES,
GENERAL 245/40/19,GENERAL 245/40/19,Stock item,Active,TIRES,
general 245/40/20,245/40/20,Stock item,Active,TIRES,
general 245/45/17,245/45/17,Stock item,Active,TIRES,
general 245/50/16,245/50/16,Stock item,Active,TIRES,
GENERAL 245/50/20,GENERAL 245/50/20,Stock item,Active,TIRES,
general 245/65/17,245/65/17,Stock item,Active,TIRES,
general 245/70/16,245/70/16,Stock item,Active,TIRES,
general 245/70/17,245/70/17,Stock item,Active,TIRES,
general 245/75/16,245/75/16,Stock item,Active,TIRES,
GENERAL 255/35/18,GENERAL 255/35/18,Stock item,Active,TIRES,
GENERAL 255/35/19,GENERAL 255/35/19,Stock item,Active,TIRES,
general 255/40/18,255/40/18,Stock item,Active,TIRES,
GENERAL 255/45/19,GENERAL 255/45/19,Stock item,Active,TIRES,
GENERAL 255/65/16,GENERAL 255/65/16,Stock item,Active,TIRES,
general 255/70/15,255/70/15,Stock item,Active,TIRES,
general 255/70/16,255/70/16,Stock item,Active,TIRES,-1.00
general 265/30/19,265/30/19,Stock item,Active,TIRES,
GENERAL 265/30/22,GENERAL 265/30/22,Stock item,Active,TIRES,
general 265/35/18,265/35/18,Stock item,Active,TIRES,
GENERAL 265/70/17,GENERAL 265/70/17,Stock item,Active,TIRES,
general 265/75/15,265/75/15,Stock item,Active,TIRES,
GENERAL 275/30/20,GENERAL 275/30/20,Stock item,Active,TIRES,
general 275/35/18,275/35/18,Stock item,Active,TIRES,
general 275/35/19,275/35/19,Stock item,Active,TIRES,
GENERAL 275/60/17,GENERAL 275/60/17,Stock item,Active,TIRES,
GENERAL 275/60/20,GENERAL 275/60/20,Stock item,Active,TIRES,
GENERAL 275/65/18,GENERAL 275/65/18,Stock item,Active,TIRES,
GENERAL 275/70/17,GENERAL 275/70/17,Stock item,Active,TIRES,
GENERAL 285/30/22,GENERAL 285/30/22,Stock item,Active,TIRES,
GENERAL 285/45/22,GENERAL 285/45/22,Stock item,Active,TIRES,
GENERAL 295/25/22,GENERAL 295/25/22,Stock item,Active,TIRES,
general 305/40/23,305/40/23,Stock item,Active,TIRES,
general 305/40/24,305/40/24,Stock item,Active,TIRES,
GENERAL 305/45/22,GENERAL 305/45/22,Stock item,Active,TIRES,4.00
GENERAL 31/10.50/15,GENERAL 31/10.50/15,Stock item,Active,TIRES,
GENERAL 315/70/17,GENERAL 315/70/17,Stock item,Active,TIRES,4.00
general gr,,Stock item,Active,,
GENERAL LT265/75/16,GENERAL LT265/75/16,Stock item,Active,TIRES,
GFORM 225/70/16,GFORM 225/70/16,Stock item,Active,TIRES,
GFORM 235/70/16,GFORM 235/70/16,Stock item,Active,TIRES,
GFSPERSPTAS 225/55/1,,Stock item,Active,TIRES,
giatano 255/35/20,,Stock item,Inactive,TIRES,
GLADIATOR 205/65/15,GLADIATOR 205/65/15,Stock item,Active,TIRES,
GLADIATOR 205/75/14,GLADIATOR 205/75/14,Stock item,Active,TIRES,
GLADIATOR 225/65/17,GLADIATOR 225/65/17,Stock item,Active,TIRES,
GLADIATOR 225/75/15,GLADIATOR 225/75R15,Stock item,Active,TIRES,
GLADIATOR 235/65/17,GLADIATOR 235/65/17,Stock item,Active,TIRES,
GLADIATOR 255/70/16,GALDIATOR 255/70/16,Stock item,Active,TIRES,
GLADIATOR 265/70/17,GLADIATOR 265/70/17,Stock item,Active,TIRES,
GLADIATOR 265/70/18,GLADIATOR 265/70/18,Stock item,Active,TIRES,
GLADIATOR 275/50/22,GLADIATOR 275/50/22,Stock item,Active,TIRES,4.00
GLADIATOR 31/10.5/15,GLADIATOR 31/10.5/15,Stock item,Active,TIRES,
GLADIATOR 33/12.5/18,GLADIATOR 33/12.5/18,Stock item,Active,TIRES,
GLADIATOR 33/12.5/20,GLADIATOR 33/12.50/20,Stock item,Active,TIRES,4.00
GLADIATOR 33/12.50/2,GLADIATOR 33/12.50/22,Stock item,Active,TIRES,4.00
GLADIATOR 35/12.50/2,GLADIATOR 35/12.50/20,Stock item,Active,TIRES,
GLADIATOR 37/12.5/20,GLADIATOR 37/12.5/20,Stock item,Active,TIRES,1.00
GLADIATOR 37/12.50/2,GLADITAOR 37/12.50/20,Stock item,Active,TIRES,
GLADIATOR 37/13.50/1,GLADIATOR 37/13.50/17,Stock item,Active,TIRES,
GLADIATOR225/75/15,GLADIATOR 225/75/15,Stock item,Active,TIRES,
GLADIATOR235/65/17,GLADIATOR 235/65/17,Stock item,Active,TIRES,
GLADIATOR235/80/16,GLADIATOR 235/80/16,Stock item,Active,TIRES,
GLADIATOR35x12.50/15,GLADIATOR35x12.50/15,Stock item,Active,TIRES,
GLADIATOR35x12.50/18,GLADIATOR35x12.50/18,Stock item,Active,PARTS,
GLADIATOR35x12.50/20,GLADIATOR 35x12.50/20,Stock item,Active,TIRES,
GOFORM 175/65/14,GOFORM 175/65/14,Stock item,Active,TIRES,
GOFORM 175/65/15,GOFORM 175/65/15,Stock item,Active,TIRES,
GOFORM 185/60/14,GOFORM 185/60/14,Stock item,Active,TIRES,
GOFORM 185/60/15,GOFORM 185/60/15,Stock item,Active,TIRES,
GOFORM 185/70/14,GOFORM 185/70/14,Stock item,Active,TIRES,
GOFORM 195/55/15,GOFORM 195/55/15,Stock item,Active,TIRES,
GOFORM 195/70/14,GOFORM 195/70/14,Stock item,Active,TIRES,
GOFORM 205/40/17,GOFORM 205/40/17,Stock item,Active,TIRES,
GOFORM 205/55/16,GOFORM 205/55/16,Stock item,Active,TIRES,
GOFORM 205/65/15,GOFORM 205/65/15,Stock item,Active,TIRES,
GOFORM 215/45/17,GOFORM 215/45/17,Stock item,Active,TIRES,
GOFORM 215/55/17,GOFROM 215/55/17,Stock item,Active,TIRES,
GOFORM 215/60/16,GOFORM 215/60/16,Stock item,Active,TIRES,
goform 225/40/18,GOFORM 225/40/18,Stock item,Active,TIRES,
GOFORM 225/55/16,GOFORM 225/55/16,Stock item,Active,TIRES,-2.00
GOFORM 225/55/18,GOFORM 225/55/18,Stock item,Active,TIRES,
GOFORM 225/60/17,GOFORM 225/60/17,Stock item,Active,TIRES,
GOFORM 225/65/17,GOFORM 225/65/17,Stock item,Active,TIRES,
GOFORM 225/70/16,GOFORM 225/70/16,Stock item,Active,TIRES,-1.00
GOFORM 235/65/17,,Stock item,Active,TIRES,
GOFORM 235/70/16,,Stock item,Active,TIRES,
GOFORM 235/75/15,GOFORM 235/75/15,Stock item,Active,TIRES,
GOFORM 245/45/18,GOFORM 245/45/18,Stock item,Active,TIRES,
goform 245/65/17,GOFORM 245/65/17,Stock item,Active,TIRES,
GOFORM 245/70/16,GOFORM 245/70/16,Stock item,Active,TIRES,
GOFORM 245/70/17,GOFORM 245/70/17,Stock item,Active,TIRES,
GOFORM 245/75/17,GOFORM 245/75/17,Stock item,Active,TIRES,
GOFORM 255/45/18,GOFORM 255/45/18,Stock item,Active,TIRES,
GOFORM 255/55/18,GOFORM 255/55/18,Stock item,Active,TIRES,
GOFORM 255/70/16,GOFORM 255/70/16,Stock item,Active,TIRES,
GOFORM 265/65/17,,Stock item,Active,TIRES,
goldway 195/65/15,195/65/15,Stock item,Active,TIRES,
goldway 215/35/18,215/35/18,Stock item,Active,TIRES,
goldway 225/35/20,225/35/20,Stock item,Active,TIRES,
goldway 235/30/22,235/30/22,Stock item,Active,TIRES,
goldway 245/30/22,245/30/22,Stock item,Active,TIRES,
goldway 245/35/19,245/35/19,Stock item,Active,TIRES,
goldway 245/35/20,245/35/20,Stock item,Active,TIRES,
goldway 255/30/22,255/30/22,Stock item,Active,PARTS,
goldway 255/30/24,255/30/24,Stock item,Active,TIRES,
goldway 255/35/20,255/35/20,Stock item,Active,TIRES,
goldway 265/35/22,265/35/22,Stock item,Active,TIRES,
goldway 265/40/22,265/40/22,Stock item,Active,TIRES,
GOLDWAY 265/50/20,GOLDWAY 265/50/20,Stock item,Active,TIRES,
GOLDWAY 275/25/24,GOLDWAR 275/25/24,Stock item,Active,TIRES,
GOLDWAY 275/40/20,,Stock item,Active,TIRES,
goldway 275/45/20,275/45/20,Stock item,Active,TIRES,
goldway 275/55/20,275/55/20,Stock item,Active,TIRES,
goldway 285/35/22,285/35/22,Stock item,Active,TIRES,
goldway 295/30/26,goldway 295/30/26,Stock item,Active,TIRES,
goldway 295/35/24,goldway 295/35/24,Stock item,Active,TIRES,
goldway 305/30/26,goldway 305/30/26,Stock item,Active,TIRES,
goldway 305/35/24,goldway 305/35/24,Stock item,Active,TIRES,
goldway 305/40/22,305/40/22,Stock item,Active,TIRES,
goldwayF-1 265/40/22,265/40/22,Stock item,Active,TIRES,
goldwayF-1 275/45/20,275/45/20,Stock item,Active,TIRES,
goldwayF-1 305/40/22,305/40/22,Stock item,Active,TIRES,
goldwayF1- 265/35/22,265/35/22,Stock item,Active,TIRES,
goldwayR8 265/35/22,265/35/22,Stock item,Active,TIRES,
goldwayS1- 245/35/20,245/35/20,Stock item,Active,TIRES,
goldwayS1- 255/35/20,255/35/20,Stock item,Active,TIRES,
goodride 155/80/13,155/80/13,Stock item,Active,TIRES,
goodride 175/65/14,175/65/14,Stock item,Active,TIRES,
goodride 175/70/13,175/70/13,Stock item,Active,PARTS,
goodride 175/70/14,175/70/14,Stock item,Active,TIRES,
GOODRIDE 185/55/15,,Stock item,Active,TIRES,
goodride 185/60/14,185/60/14,Stock item,Active,TIRES,
goodride 185/60/15,185/60/15,Stock item,Active,TIRES,
goodride 185/65/14,185/65/14,Stock item,Active,TIRES,
goodride 185/65/15,185/65/15,Stock item,Active,TIRES,
goodride 185/70/13,185/70/13,Stock item,Active,PARTS,
goodride 185/70/14,185/70/14,Stock item,Active,TIRES,
goodride 195/55/15,195/55/15,Stock item,Active,TIRES,
goodride 195/60/14,195/60/14,Stock item,Active,TIRES,
goodride 195/60/15,195/60/15,Stock item,Active,TIRES,
goodride 195/65/15,195/65/15,Stock item,Active,TIRES,
goodride 195/70/14,195/70/14,Stock item,Active,TIRES,
goodride 205/40/17,205/40/17,Stock item,Active,TIRES,
goodride 205/45/17,205/45/17,Stock item,Active,TIRES,
goodride 205/50/17,205/50/17,Stock item,Active,TIRES,
goodride 205/55/15,205/55/15,Stock item,Active,TIRES,
goodride 205/55/16,205/55/16,Stock item,Active,TIRES,
goodride 205/60/15,205/60/15,Stock item,Active,TIRES,
goodride 205/60/16,205/60/16,Stock item,Active,TIRES,
goodride 205/65/15,205/65/15,Stock item,Active,TIRES,
goodride 205/65/16,205/65/16,Stock item,Active,TIRES,
goodride 205/70/14,205/70/14,Stock item,Active,TIRES,
goodride 205/70/15,205/70/15,Stock item,Active,TIRES,
goodride 215/45/17,215/45/17,Stock item,Active,TIRES,
GOODRIDE 215/45/18,GOODRIDE 215/45/18,Stock item,Active,TIRES,
goodride 215/50/17,215/50/17,Stock item,Active,TIRES,
goodride 215/60/16,215/60/16,Stock item,Active,TIRES,
goodride 215/70/15,215/70/15,Stock item,Active,TIRES,
GOODRIDE 215/70/16,,Stock item,Active,TIRES,
goodride 215/75/15,215/75/15,Stock item,Active,TIRES,
goodride 225/40/18,225/40/18,Stock item,Active,TIRES,
goodride 225/45/17,225/45/17,Stock item,Active,TIRES,
goodride 225/45/18,,Stock item,Active,TIRES,
goodride 225/50/17,225/50/17,Stock item,Active,TIRES,
goodride 225/55/16,225/55/16,Stock item,Active,TIRES,
goodride 225/55/17,225/55/17,Stock item,Active,TIRES,
goodride 225/60/16,225/60/16,Stock item,Active,TIRES,
GOODRIDE 225/65/17,GOODRIDE 225/65/17,Stock item,Active,TIRES,
GOODride 225/70/16,,Stock item,Active,TIRES,
goodride 225/75/16,225/75/16,Stock item,Active,TIRES,
goodride 235/40/18,235/40/18,Stock item,Active,TIRES,
goodride 235/45/17,235/45/17,Stock item,Active,TIRES,
goodride 235/45/18,235/45/18,Stock item,Active,TIRES,
goodride 235/50/18,235/50/18,Stock item,Active,TIRES,
GOODRIDE 235/55/19,GOODRIDE 235/55/19,Stock item,Active,TIRES,
goodride 235/70/16,235/70/16,Stock item,Active,TIRES,
GOODRIDE 235/75/15,GOODRIDE 235/75/15,Stock item,Active,TIRES,
goodride 245/45/18,245/45/18,Stock item,Active,TIRES,
goodride 245/65/17,245/65/17,Stock item,Active,TIRES,
GOODRIDE 245/70/16,,Stock item,Active,TIRES,
GOODRIDE 245/70/17,,Stock item,Active,TIRES,
goodride 245/75/16,245/75/16,Stock item,Active,TIRES,
GOODRIDE 265/70/16,GOODRIDE 265/70/16,Stock item,Active,TIRES,
goodride 265/70/17,265/70/17,Stock item,Active,TIRES,
GOODRIDE 275/65/18,275/65/18,Stock item,Active,TIRES,
goodride 285/75/16,285/75/16,Stock item,Active,TIRES,
goodride 305/35/24,305/35/24,Stock item,Active,TIRES,
GOODYEAR  235/45/18,GOODYEAR 235/45/18,Stock item,Active,TIRES,
GOODYEAR 175/60/16,GOODYEAR 175/60/16,Stock item,Active,TIRES,
goodyear 175/80/13,175/80/13,Stock item,Active,TIRES,
GOODYEAR 185/55/15,,Stock item,Active,TIRES,
goodyear 185/65/14,185/65/14,Stock item,Active,TIRES,
goodyear 195/60/15,195/60/15,Stock item,Active,TIRES,
goodyear 195/65/15,195/65/15,Stock item,Active,TIRES,4.00
GOODYEAR 195/70/14,GOODYEAR 195/70/14,Stock item,Active,TIRES,
goodyear 205/50/16,good year 205/50/16,Stock item,Active,TIRES,
goodyear 205/55/16,205/55/16,Stock item,Active,TIRES,
goodyear 205/60/16,GOODYEAR 205/60/16,Stock item,Active,TIRES,
goodyear 205/65/15,205/65/15,Stock item,Active,TIRES,3.00
goodyear 205/70/16,205/70/16,Stock item,Active,TIRES,
goodyear 205/75/14,205/75/14,Stock item,Active,TIRES,
GOODYEAR 215/50/17,GOODYEAR 215/50/17,Stock item,Active,TIRES,
GOODYEAR 215/55/16,GOODYEAR 215/55/16,Stock item,Active,TIRES,
goodyear 215/55/17,goodyear 215/55/17,Stock item,Active,TIRES,
GOODYEAR 215/60/16,215/60/16 GOODYEAR,Stock item,Active,TIRES,
goodyear 215/60/17,215/60/17,Stock item,Active,TIRES,
goodyear 215/65/16,215/65/16,Stock item,Active,TIRES,
goodyear 215/65/17,215/65/17,Stock item,Active,TIRES,
GOODYEAR 215/70/15,215/70/15,Stock item,Active,TIRES,
goodyear 225/35/18,225/35/18,Stock item,Active,TIRES,
goodyear 225/45/17,225/45/17,Stock item,Active,TIRES,
GOODYEAR 225/50/17,,Stock item,Active,TIRES,
goodyear 225/50/18,225/50/18,Stock item,Active,TIRES,
goodyear 225/60/16,GOODYEAR 225/60/16,Stock item,Active,TIRES,-2.00
goodyear 225/60/17,225/60/17,Stock item,Active,TIRES,
GOODYEAR 225/60/18,GOODYEAR 225/60/18,Stock item,Active,TIRES,
goodyear 225/65/16,225/65/16,Stock item,Active,TIRES,
GOODYEAR 225/65/17,GOODYEAR 225/65/17,Stock item,Active,TIRES,
GOODYEAR 225/70/16,GOODYEAR 225/70/16,Stock item,Active,TIRES,
GOODYEAR 225/75/15,GOODYEAR 225/75/15,Stock item,Active,TIRES,
goodyear 225/75/16,225/75/16,Stock item,Active,TIRES,
goodyEAR 235/40/19,GOODYEAR 235/40/19,Stock item,Active,TIRES,
GOODYEAR 235/45/17,GOODYEAR 235/45/17,Stock item,Active,TIRES,
GOODYEAR 235/45/18,235/45/18,Stock item,Active,TIRES,
GOODYEAR 235/50/18,235/50/18,Stock item,Active,TIRES,2.00
GOODYEAR 235/55/17,GOODYEAR 235/55/17,Stock item,Active,TIRES,
GOODYEAR 235/55/18,,Stock item,Active,TIRES,
GOODYEAR 235/55/19,GOODYEAR 235/55/19,Stock item,Active,TIRES,
GOODYEAR 235/55/20,GOODYEAR 235/55/20,Stock item,Active,TIRES,
GOODYEAR 235/60/16,,Stock item,Active,TIRES,
GOODYEAR 235/60/18,GOODYEAR 235/60/18,Stock item,Active,TIRES,
GOODYEAR 235/65/16,GOOD YEAR 235/65/16,Stock item,Active,TIRES,
goodyear 235/65/17,GOODYEAR P235/65/17,Stock item,Active,TIRES,
goodyear 235/70/16,235/70/16,Stock item,Active,TIRES,
GOODYEAR 235/70/17,,Stock item,Active,TIRES,
goodyear 235/75/15,235/75/15,Stock item,Active,TIRES,
goodyear 235/75/16,235/75/16,Stock item,Active,TIRES,
GOODYEAR 235/80/16,235/80/16,Stock item,Active,TIRES,
GOODYEAR 235/85/16,,Stock item,Active,TIRES,
GOODYEAR 245/40/17,245/40/17,Stock item,Active,TIRES,
GOODYEAR 245/40/18,GOODYEAR 245/40/18,Stock item,Active,TIRES,
goodyear 245/40/19,245/40/19,Stock item,Active,TIRES,
goodyear 245/45/18,245/45/18,Stock item,Active,TIRES,
goodyear 245/45/19,245/45/19,Stock item,Active,TIRES,
goodyear 245/45/20,245/45/20,Stock item,Active,TIRES,4.00
GOODYEAR 245/50/18,GOODYEAR 245/50/18,Stock item,Active,TIRES,
GOODYEAR 245/50/20,,Stock item,Active,TIRES,
GOODYEAR 245/55/19,GOODYEAR 245/55/19,Stock item,Active,TIRES,
GOODYEAR 245/60/18,GOODYEAR 245/60/18,Stock item,Active,TIRES,
goodyear 245/65/17,245/65/17,Stock item,Active,TIRES,
GOODYEAR 245/70/16,,Stock item,Active,TIRES,
GOODYEAR 245/70/17,GOODYEAR 245/70/17,Stock item,Active,TIRES,-4.00
goodyear 245/75/16,245/75/16,Stock item,Active,TIRES,
GOODYEAR 245/75/17,GOODYEAR 245/75/17,Stock item,Active,TIRES,
goodyear 255/40/17,255/40/17,Stock item,Active,TIRES,
GOODYEAR 255/45/19,GOODYEAR 255/45/19,Stock item,Active,TIRES,
goodyear 255/45/20,255/45/20,Stock item,Active,TIRES,
goodyear 255/50/20,255/50/20,Stock item,Active,TIRES,
GOODYEAR 255/65/18,GOODYEAR 255/65/18,Stock item,Active,TIRES,
goodyear 255/70/16,255/70/16,Stock item,Active,TIRES,
GOODYEAR 255/70/18,GOODYEAR 255/7/18,Stock item,Active,TIRES,-4.00
GOODYEAR 255/75/17,GOODYEAR 255/75/17,Stock item,Active,TIRES,
goodyear 265/50/20,265/50/20,Stock item,Active,TIRES,
goodyear 265/60/18,265/60/18,Stock item,Active,TIRES,
GOODYEAR 265/60/20,GOODYEAR 265/60/20,Stock item,Active,TIRES,
GOODYEAR 265/65/18,GOODYEAR 265/65/18,Stock item,Active,TIRES,
goodyear 265/70/16,265/70/16,Stock item,Active,TIRES,2.00
goodyear 265/70/17,265/70/17,Stock item,Active,TIRES,4.00
goodyear 265/70/18,265/70/18,Stock item,Active,TIRES,-4.00
goodyear 265/75/16,265/75/16,Stock item,Active,TIRES,-4.00
GOODYEAR 275/40/17,GOODYEAR 275/40/17,Stock item,Active,TIRES,
GOODYEAR 275/40/20,GOODYEAR 275/40/20,Stock item,Active,TIRES,
goodyear 275/45/20,275/45/20,Stock item,Active,TIRES,1.00
goodyear 275/55/20,275/55/20,Stock item,Active,TIRES,2.00
GOODYEAR 275/60/16,GOODYEAR 275/60/16,Stock item,Active,TIRES,-2.00
goodyear 275/60/20,275/60/20,Stock item,Active,TIRES,
goodyear 275/65/18,275/65/18,Stock item,Active,TIRES,2.00
GOODYEAR 275/65/20,GOODYEAR 275/65/20,Stock item,Active,TIRES,
goodyear 275/70/18,275/70/18,Stock item,Active,TIRES,
GOODYEAR 285/35/19,,Stock item,Active,TIRES,
goodyear 285/45/22,GOODYEAR 285/45/22,Stock item,Active,TIRES,16.00
goodyear 285/50/20,285/50/20,Stock item,Active,TIRES,
GOODYEAR 285/70/17,GOODYEAR 285/70/17,Stock item,Active,TIRES,
GOODYEAR 285/75/16,GOODYEAR 285/75/16,Stock item,Active,TIRES,
goodyear 295/40/20,295/40/20,Stock item,Active,TIRES,
goodyear 30/9.50/15,30/9.50/15,Stock item,Active,TIRES,
goodyear 305/40/22,305/40/22,Stock item,Active,TIRES,
GOODYEAR 305/45/22,,Stock item,Active,TIRES,
goodyear 305/50/20,305/50/20,Stock item,Active,TIRES,
GOODYEAR 33/12.5/15,GOODYEAR 33/12.5/15,Stock item,Active,TIRES,
GOODYEAR DURATRAC,GD DURATRAC 265/70/17,Stock item,Active,TIRES,
GOODYEAR LT315/75/16,GOODYEAR LT315/75/16,Stock item,Active,TIRES,
Grand Prix 175/65/14,175/65/14,Stock item,Active,TIRES,
Grand Prix 185/65/14,185/65/14,Stock item,Active,TIRES,-1.00
Grand Prix 185/65/15,185/65/15,Stock item,Active,TIRES,
GRAND PRIX 195/55/15,195/55/15,Stock item,Active,TIRES,
Grand Prix 195/60/15,195/60/15,Stock item,Active,TIRES,
Grand Prix 195/65/15,195/65/15,Stock item,Active,TIRES,
GRAND PRIX 195/70/14,GRANDPRIX 195/70/14,Stock item,Active,TIRES,
Grand Prix 205/50/16,205/50/16,Stock item,Active,TIRES,
Grand Prix 205/55/16,205/55/16,Stock item,Active,TIRES,
GRAND PRIX 205/60/16,GRAND PRIX 205/60/16,Stock item,Active,TIRES,
GRAND PRIX 205/65/15,GRAND PRIX 205/65/15,Stock item,Active,TIRES,
GRAND PRIX 205/70/15,GRAND PRIX 205/70/15,Stock item,Active,TIRES,
Grand Prix 215/50/17,215/50/17,Stock item,Active,TIRES,
grand prix 215/55/16,215/55/16,Stock item,Active,TIRES,
GRAND PRIX 215/55/17,GRAND PRIX 215/55/17,Stock item,Active,TIRES,
GRAND PRIX 215/60/17,GRAND PRIX 215/60/17,Stock item,Active,TIRES,
Grand Prix 215/65/16,215/65/16,Stock item,Active,TIRES,
Grand Prix 225/50/17,225/50/17,Stock item,Active,TIRES,
GRAND PRIX 225/60/16,GRAND PRIX 225/60/16,Stock item,Active,TIRES,
GRAND PRIX 225/70/14,GRAND PRIX 225/70/14,Stock item,Active,TIRES,
GRAND PRIX 255/70/15,255/70/15,Stock item,Active,TIRES,
GRAND PRIX 255/70/16,,Stock item,Active,TIRES,
GRANDPRIX 175/70/14,GRANDPRIX 175/70/14,Stock item,Active,TIRES,
GRANDPRIX 195/55/15,,Stock item,Active,TIRES,
GRANDPRIX 205/55/16,GRANDPRIX 205/55/16,Stock item,Active,TIRES,
GRANDPRIX 215/45/17,GRANDPRIX 215/45/17,Stock item,Active,TIRES,
GRANDPRIX 215/55/17,,Stock item,Active,TIRES,
GRANDPRIX 215/60/16,GRANDPRIX 215/60/16,Stock item,Active,TIRES,
GRANTLAND 245/75/16,GRANTLAND 245/75/16,Stock item,Active,TIRES,
GREEN BALL,GREEN BALL,Stock item,Active,TIRES,
GREMAX 275/55/20,GREMAX 275/55/20,Stock item,Active,TIRES,
grill vertical layer,GRILL VERTICAL LAYER INSTALLED,Stock item,Inactive,,-1.00
GROAD 235/85/16,GROAD ST235/80/16,Stock item,Active,TIRES,4.00
GTRADIAL 185/70/14,GTRADIAL 185/70/14,Stock item,Active,TIRES,
haida 215/45/17,215/45/17,Stock item,Active,TIRES,
HAIDA 215/50/17,HAIDA 215/50/17,Stock item,Active,TIRES,
haida 225/30/20,225/30/20,Stock item,Active,TIRES,4.00
haida 225/35/20,225/35/20,Stock item,Active,TIRES,
HAIDA 225/40/18,HAIDA 225/40/18,Stock item,Active,TIRES,
HAIDA 245/30/22,HAIDA 245/30/22,Stock item,Active,TIRES,
HAIDA 245/30/24,HAIDA 245/30/24,Stock item,Active,TIRES,-5.00
haida 245/35/20,245/35/20,Stock item,Active,TIRES,
haida 245/40/18,245/40/18,Stock item,Active,TIRES,
haida 255/30/20,255/30/20,Stock item,Active,TIRES,
haida 255/30/24,255/30/24,Stock item,Active,TIRES,
haida 255/35/20,255/35/20,Stock item,Active,TIRES,
HAIDA 265/35/22,HAIDA 265/35/22,Stock item,Active,TIRES,
HAIDA 275/25/24,HAIDA 275/25/24,Stock item,Active,TIRES,
HAIDA 275/40/22,HAIDA 275/40/22,Stock item,Active,TIRES,4.00
HAIDA 275/60/20,HAIDA 275/60/20,Stock item,Active,TIRES,
haida 305/35/24,305/35/24,Stock item,Active,TIRES,
HAIDA 305/40/22,HAIDA 305/40/22,Stock item,Active,TIRES,4.00
HAIDA 33/12.5/18,HAIDA 33/12.5/18,Stock item,Active,TIRES,
HAIDA 35/12.50/20,HAIDA 35/12.50/20,Stock item,Active,TIRES,
HANCKOOK 185/55/15,HANCKOOK 185/55/15,Stock item,Active,TIRES,
HANCKOOK 185/55/16,HANCKOOK 185/55/16,Stock item,Active,TIRES,
HANCKOOK 185/65/14,HANCKOOK 185/65/14,Stock item,Active,TIRES,
HANCKOOK 185/65/15,HANCKOOK 185/65/15 MOUNTED,Stock item,Active,TIRES,
HANCKOOK 185/75/14,HANCKOOK 185/75/14,Stock item,Active,TIRES,
HANCKOOK 195/50/15,HANCKOOK 195/50/15,Stock item,Active,TIRES,
hanckook 195/60/15,HANCKOOK 195/60/15,Stock item,Active,TIRES,
HANCKOOK 195/60/16,HANCKOOK 195/60/16,Stock item,Active,TIRES,
HANCKOOK 195/65/15,HANCKOOK 195/65/15,Stock item,Active,TIRES,
HANCKOOK 195/75/14,HANCKOOK 195/75/14,Stock item,Active,TIRES,
HANCKOOK 205/50/16,HANCKOOK 205/50/16,Stock item,Active,TIRES,
HANCKOOK 205/50/17,HANCKOOK 205/50/17,Stock item,Active,TIRES,
HANCKOOK 205/55/16,HANCKOOK 205/55/16,Stock item,Active,TIRES,
HANCKOOK 205/60/15,HANCKOOK 205/60/15,Stock item,Active,TIRES,
HANCKOOK 205/60/16,HANCKOOK 205/60/16,Stock item,Active,TIRES,
HANCKOOK 205/65/15,HANCKOOK 205/65/15,Stock item,Active,TIRES,
HANCKOOK 205/65/16,HANCKOOK 205/65/16,Stock item,Active,TIRES,
HANCKOOK 205/70/15,HANCKOOK 205/70/15,Stock item,Active,TIRES,
HANCKOOK 205/75/14,HANCKOOK 205/75/14,Stock item,Active,TIRES,
hanckook 205/75/15,HANCKOOK 205/75/15,Stock item,Active,TIRES,
hanckook 215/45/17,HANCKOOK 215/45/17,Stock item,Active,TIRES,2.00
HANCKOOK 215/50/16,HANCKOOK 215/50/16,Stock item,Active,TIRES,
HANCKOOK 215/50/17,HANCKOOK 215/50/17,Stock item,Active,TIRES,
HANCKOOK 215/55/18,HANCKOOK 215/55/18,Stock item,Active,TIRES,4.00
HANCKOOK 215/65/15,HANCKOOK 215/65/15,Stock item,Active,TIRES,
HANCKOOK 215/70/14,HANCKOOK 215/70/14,Stock item,Active,TIRES,
hanckook 215/70/15,hanckook 215/70/15,Stock item,Active,TIRES,
HANCKOOK 215/75/14,HANCKOOK 215/75/14,Stock item,Active,TIRES,
HANCKOOK 215/75/15,HANCKOOK 215/75/15,Stock item,Active,TIRES,
HANCKOOK 225/40/18,HANCKOOK 225/40/18,Stock item,Active,TIRES,2.00
HANCKOOK 225/50/17,HANCKOOK 225/50/17,Stock item,Active,TIRES,
HANCKOOK 225/55/16,HANCKOOK 225/55/16,Stock item,Active,TIRES,
HANCKOOK 225/60/16,HANCKOOK 225/60/16,Stock item,Active,TIRES,
HANCKOOK 225/60/18,HANCKOOK OPTIMO 225/60/18,Stock item,Active,TIRES,
HANCKOOK 225/65/17,HANCKOOK 225/65/17,Stock item,Active,TIRES,4.00
HANCKOOK 225/70/14,HANCK0OK 225/70/14,Stock item,Active,TIRES,
HANCKOOK 225/70/15,HANCKOOK 225/70/15,Stock item,Active,TIRES,
HANCKOOK 225/70/16,HANCKOOK 225/70/16,Stock item,Active,TIRES,
HANCKOOK 225/75/15,HANCKOOK 225/75/15,Stock item,Active,TIRES,4.00
HANCKOOK 235/50/17,HANCKOOK 235/50/17,Stock item,Active,TIRES,2.00
HANCKOOK 235/60/16,HANCKOOK 235/60/16,Stock item,Active,TIRES,
HANCKOOK 235/60/17,HANCKOOK 235/60/17,Stock item,Active,TIRES,
HANCKOOK 235/60/18,HANCKOOK 235/60/18,Stock item,Active,TIRES,-4.00
hanckook 235/65/16,HANCKOOK 235/65/16,Stock item,Active,TIRES,
HANCKOOK 235/65/17,HANCKOOK 235/65/17,Stock item,Active,TIRES,-2.00
HANCKOOK 235/70/15,HANCKOOK 235/70/15,Stock item,Active,TIRES,
HANCKOOK 235/70/16,HANCKOOK 235/70/16,Stock item,Active,TIRES,
HANCKOOK 235/70/17,HANCKOOK 235/70/17,Stock item,Active,TIRES,
HANCKOOK 235/75/15,HANCKOOK 235/75/15,Stock item,Active,TIRES,
HANCKOOK 235/75/16,HANCKOOK 235/75/16,Stock item,Active,TIRES,
HANCKOOK 235/75/17,HANCKOOK 235/75/17,Stock item,Active,TIRES,
HANCKOOK 235/85/16,HANCKOOK 235/85/16,Stock item,Active,TIRES,
HANCKOOK 245/35/19,HANCKOOK 245/35/19,Stock item,Active,TIRES,
HANCKOOK 245/40/18,HANCKOOK 245/40/18,Stock item,Active,TIRES,
HANCKOOK 245/40/19,HANCKOOK 245/40/19,Stock item,Active,TIRES,
HANCKOOK 245/45/18,HANCKOOK 245/45/18,Stock item,Active,TIRES,2.00
HANCKOOK 245/50/16,HANCKOOK 245/50/16,Stock item,Active,TIRES,
HANCKOOK 245/50/20,HANCKOOK 245/50/20,Stock item,Active,TIRES,
HANCKOOK 245/65/17,HANCKOOK 245/65/17,Stock item,Active,TIRES,
HANCKOOK 245/70/16,HANCKOOK 245/70/16,Stock item,Active,TIRES,
HANCKOOK 245/70/17,HANCKOOK 245/70/17,Stock item,Active,TIRES,
HANCKOOK 245/75/16,HANCKOOK 245/75/16,Stock item,Active,TIRES,
HANCKOOK 245/75/17,HANCKOOK 245/75/17,Stock item,Active,TIRES,
HANCKOOK 255/35/18,,Stock item,Active,TIRES,
HANCKOOK 255/35/19,HANCKOOK 255/35/19,Stock item,Active,TIRES,2.00
HANCKOOK 255/40/18,HANCKOOK 255/40/18,Stock item,Active,TIRES,
HANCKOOK 255/40/19,HANCKOOK 255/40/19,Stock item,Active,TIRES,2.00
HANCKOOK 255/50/17,HANCKOOK 255/50/17,Stock item,Active,TIRES,2.00
HANCKOOK 255/50/20,HANCKOOK 255/50/20,Stock item,Active,TIRES,
HANCKOOK 255/60/19,HANCKOOK 255/60/19,Stock item,Active,TIRES,
HANCKOOK 255/70/16,HANCKOOK 255/70/16,Stock item,Active,TIRES,
HANCKOOK 265/35/18,HANCKOOK 265/35/18,Stock item,Active,TIRES,
HANCKOOK 265/35/19,HANCKOOK 265/35/19,Stock item,Active,TIRES,
HANCKOOK 265/60/18,HANCKOOK 265/60/18,Stock item,Active,TIRES,-1.00
HANCKOOK 265/65/17,HANCKOOK 265/65/17,Stock item,Active,TIRES,
HANCKOOK 265/70/17,HANCKOOK 265/70/17,Stock item,Active,TIRES,
hanckook 275/30/19,HANCKOOK 275/30/19,Stock item,Active,TIRES,
HANCKOOK 275/40/17,HANCKOOK 275/40/17,Stock item,Active,TIRES,
HANCKOOK 275/40/18,HANCKKOK 275/40/18,Stock item,Active,TIRES,2.00
HANCKOOK 275/45/22,HANCKOOK 275/45/22,Stock item,Active,TIRES,1.00
HANCKOOK 275/55/20,HANCKOOK 275/55/20,Stock item,Active,TIRES,
HANCKOOK 275/60/15,HANCKOOK 275/60/15,Stock item,Active,TIRES,
HANCKOOK 275/60/20,HANCKOOK 275/60/20,Stock item,Active,TIRES,
HANCKOOK 285/30/18,HANCKOOK 285/30/18,Stock item,Active,TIRES,
HANCKOOK 285/35/19,HANCKOOK 285/35/19,Stock item,Active,TIRES,2.00
HANCKOOK 285/70/17,HANCKOOK 285/70/17,Stock item,Active,TIRES,
HANCKOOK 295/30/19,,Stock item,Active,TIRES,
HANCKOOK 295/50/15,HANCKOOK 295/50/15,Stock item,Active,TIRES,4.00
HANCKOOK 295/60/20,,Stock item,Active,TIRES,
HANCKOOK LT245/75/16,HANCKOOK LT245/75/16,Stock item,Active,TIRES,
hankook 155/80/13,155/80/13,Stock item,Active,TIRES,
HANKOOK 175/70/14,,Stock item,Active,TIRES,
hankook 185/55/15,185/55/15,Stock item,Active,TIRES,
hankook 185/55/16,185/55/16,Stock item,Active,TIRES,
hankook 185/60/14,185/60/14,Stock item,Active,TIRES,
hankook 185/60/15,185/60/15,Stock item,Active,TIRES,
HANKOOK 185/65/14,185/65/14,Stock item,Active,TIRES,
hankook 185/65/15,185/65/15,Stock item,Active,TIRES,
hankook 185/75/14,185/75/14,Stock item,Active,TIRES,
HANKOOK 195/50/15,195/50/15,Stock item,Active,TIRES,
HANKOOK 195/50/16,,Stock item,Active,TIRES,
hankook 195/55/15,195/55/15,Stock item,Active,TIRES,
HANKOOK 195/60/14,HANKOOK 195/60/14,Stock item,Active,TIRES,
hankook 195/60/15,195/60/15,Stock item,Active,TIRES,
HANKOOK 195/60/16,,Stock item,Active,TIRES,
hankook 195/65/15,195/65/15,Stock item,Active,TIRES,
hankook 195/70/14,195/70/14,Stock item,Active,TIRES,
HANKOOK 195/75/14,HANKOOK OPTIMO 195/75/14,Stock item,Active,TIRES,
hankook 205/45/16,205/45/16,Stock item,Active,TIRES,
HANKOOK 205/45/17,,Stock item,Active,,
hankook 205/50/16,205/50/16,Stock item,Active,TIRES,
HANKOOK 205/50/17,,Stock item,Active,TIRES,
hankook 205/55/15,205/55/15,Stock item,Active,TIRES,
hankook 205/55/16,205/55/16,Stock item,Active,TIRES,
hankook 205/60/15,205/60/15,Stock item,Active,TIRES,
hankook 205/60/16,205/60/16,Stock item,Active,TIRES,
hankook 205/65/15,205/65/15,Stock item,Active,TIRES,
HANKOOK 205/65/16,205/65/16,Stock item,Active,TIRES,
hankook 205/70/15,205/70/15,Stock item,Active,TIRES,
hankook 205/75/14,205/75/14,Stock item,Active,TIRES,
hankook 205/75/15,205/75/15,Stock item,Active,TIRES,
HANKOOK 215/40/16,HANKOOK 215/40/16,Stock item,Active,TIRES,
HANKOOK 215/45/17,,Stock item,Active,TIRES,-2.00
hankook 215/50/16,215/50/16,Stock item,Active,TIRES,
hankook 215/50/17,215/50/17,Stock item,Active,,
hankook 215/55/16,215/55/16,Stock item,Active,TIRES,
HANKOOK 215/60/16,,Stock item,Active,TIRES,
hankook 215/60/17,215/60/17,Stock item,Active,TIRES,
hankook 215/65/15,215/65/15,Stock item,Active,TIRES,
hankook 215/65/16,215/65/16,Stock item,Active,TIRES,
hankook 215/70/14,215/70/14,Stock item,Active,TIRES,
hankook 215/70/15,215/70/15,Stock item,Active,TIRES,
HANKOOK 215/70/16,HANKOOK 215/70/16,Stock item,Active,TIRES,4.00
hankook 215/75/14,215/75/14,Stock item,Active,TIRES,
hankook 215/75/15,215/75/15,Stock item,Active,TIRES,
hankook 225/40/18,225/40/18,Stock item,Active,TIRES,-2.00
hankook 225/45/17,225/45/17,Stock item,Active,TIRES,
hankook 225/50/16,225/50/16,Stock item,Active,TIRES,
HANKOOK 225/50/17,225/50/17,Stock item,Active,TIRES,
hankook 225/55/16,225/55/16,Stock item,Active,TIRES,
hankook 225/55/17,225/55/17,Stock item,Active,TIRES,
HANKOOK 225/55/18,HANKOOK 225/55/18,Stock item,Active,TIRES,
hankook 225/60/16,225/60/16,Stock item,Active,TIRES,
hankook 225/60/18,225/60/18,Stock item,Active,TIRES,
hankook 225/65/16,225/65/16,Stock item,Active,TIRES,
HANKOOK 225/65/17,HANKOOK 225/65/17,Stock item,Active,TIRES,-4.00
hankook 225/70/14,225/70/14,Stock item,Active,TIRES,
hankook 225/70/15,225/70/15,Stock item,Active,TIRES,
hankook 225/70/16,225/70/16,Stock item,Active,TIRES,
hankook 225/75/15,225/75/15,Stock item,Active,TIRES,-4.00
hankook 225/75/16,225/75/16,Stock item,Active,,
HANKOOK 235/45/17,HANKKOK 235/45/17,Stock item,Active,TIRES,3.00
hankook 235/50/17,235/50/17,Stock item,Active,TIRES,-2.00
HANKOOK 235/50/19,HANKOOK 235/50/19,Stock item,Active,TIRES,
hankook 235/55/16,235/55/16,Stock item,Active,TIRES,
hankook 235/55/18,235/55/18,Stock item,Active,TIRES,
hankook 235/55/19,235/55/19,Stock item,Active,TIRES,
HANKOOK 235/60/16,,Stock item,Active,TIRES,
hankook 235/60/18,235/60/18,Stock item,Active,TIRES,4.00
hankook 235/65/16,HANKOOK 235/65/15C,Stock item,Active,TIRES,
hankook 235/65/17,HANKOOK 235/65/17,Stock item,Active,TIRES,2.00
hankook 235/70/15,235/70/15,Stock item,Active,TIRES,
HANKOOK 235/70/16,HANKOOK 235/70/16,Stock item,Active,TIRES,
hankook 235/70/17,235/70/17,Stock item,Active,TIRES,
hankook 235/75/15,235/75/15,Stock item,Active,TIRES,
HANKOOK 235/75/15 RF,,Stock item,Active,PARTS,
hankook 235/75/17,235/75/17,Stock item,Active,TIRES,
hankook 235/85/16,235/85/16,Stock item,Active,TIRES,
HANKOOK 245/35/19,,Stock item,Active,TIRES,
hankook 245/35/21,245/35/21,Stock item,Active,TIRES,
hankook 245/40/18,245/40/18,Stock item,Active,TIRES,
hankook 245/40/19,245/40/19,Stock item,Active,TIRES,
hankook 245/40/20,245/40/20,Stock item,Active,TIRES,
HANKOOK 245/45/20,,Stock item,Active,TIRES,
HANKOOK 245/50/16,HANKOOK 245/50/16,Stock item,Active,TIRES,
HANKOOK 245/50/20,HANKOOK 245/50/20,Stock item,Active,TIRES,-1.00
HANKOOK 245/65/17,HANKOOK 245/65/17,Stock item,Active,TIRES,
HANKOOK 245/70/16,245/70/16,Stock item,Active,PARTS,
HANKOOK 245/70/17,,Stock item,Active,TIRES,-2.00
hankook 245/75/16,HANKOOK 245/75/16,Stock item,Active,PARTS,
HANKOOK 245/75/17,HANKOOK LT245/75/17,Stock item,Active,TIRES,1.00
HANKOOK 255/35/19,HANKOOK 255/35/19,Stock item,Active,TIRES,-2.00
HANKOOK 255/35/20,HANKOOK 255/35/20,Stock item,Active,TIRES,
HANKOOK 255/40/19,HANKOOK 255/40/19,Stock item,Active,TIRES,-2.00
hankook 255/45/17,255/45/17,Stock item,Active,TIRES,
hankook 255/50/16,255/50/16,Stock item,Active,TIRES,
HANKOOK 255/50/17,HANKOOK 255/50/17,Stock item,Active,TIRES,-2.00
hankook 255/50/19,255/50/19,Stock item,Active,TIRES,
hankook 255/50/20,255/50/20,Stock item,Active,TIRES,
hankook 255/55/18,255/55/18,Stock item,Active,TIRES,
hankook 255/60/17,255/60/17,Stock item,Active,TIRES,-4.00
hankook 255/60/19,255/60/19,Stock item,Active,TIRES,
HANKOOK 255/65/17,HANKOOK 255/65/17,Stock item,Active,TIRES,4.00
HANKOOK 255/70/16,,Stock item,Active,TIRES,4.00
HANKOOK 255/85/16,HANKOOK ST255/85/16,Stock item,Active,TIRES,
HANKOOK 265/35/18,HANKOOK 265/35/18,Stock item,Active,TIRES,
HANKOOK 265/50/19,HANKOOK 265/50/19,Stock item,Active,TIRES,
hankook 265/60/18,265/60/18,Stock item,Active,TIRES,1.00
hankook 265/65/17,265/65/17,Stock item,Active,TIRES,1.00
HANKOOK 265/65/18,HANKOOK 265/65/18,Stock item,Active,TIRES,-1.00
hankook 265/70/15,265/70/15,Stock item,Active,TIRES,
hankook 265/70/17,265/70/17,Stock item,Active,TIRES,
hankook 265/70/18,265/70/18,Stock item,Active,TIRES,
hankook 265/75/16,265/75/16,Stock item,Active,TIRES,
HANKOOK 275/30/19,HANKOOK 275/30/19,Stock item,Active,TIRES,
hankook 275/40/19,275/40/19,Stock item,Active,TIRES,
hankook 275/40/20,275/40/20,Stock item,Active,TIRES,
hankook 275/55/20,275/55/20,Stock item,Active,TIRES,-3.00
hankook 275/60/15,275/60/15,Stock item,Active,TIRES,
hankook 275/60/20,275/60/20,Stock item,Active,TIRES,
HANKOOK 275/65/18,,Stock item,Active,TIRES,
HANKOOK 275/70/16,HANKOOK 275/70/16,Stock item,Active,TIRES,
HANKOOK 285/30/18,HANKOOK 285/30/18,Stock item,Active,TIRES,
HANKOOK 285/30/20,HANKOOK 285/30/20,Stock item,Active,TIRES,
HANKOOK 285/35/19,HANKOOK 285/35/19,Stock item,Active,TIRES,-2.00
HANKOOK 285/65/18,HANKOOK 285/65/18 RF10,Stock item,Active,TIRES,
HANKOOK 285/70/17,HANKOOK 285/70/17,Stock item,Active,TIRES,
HANKOOK 295/30/19,,Stock item,Active,TIRES,
hankook 295/45/20,295/45/20,Stock item,Active,TIRES,
hankook 295/50/15,295/50/15,Stock item,Active,TIRES,2.00
HANKOOK 295/70/17,295/70/17,Stock item,Active,TIRES,
HANKOOK 305/45/22,HANKOOK 305/45/22,Stock item,Active,TIRES,
hankook 315/70/17 AT,,Stock item,Active,TIRES,
HANKOOK 31X10.50X15,HANKOOK 31X10.50X15,Stock item,Active,TIRES,
hankook 33x12.5/15,33x12.5/15,Stock item,Active,TIRES,
HANKOOK LT225/75/16,,Stock item,Active,TIRES,
hankookplus235/75/15,235/75/15,Stock item,Active,TIRES,
harmony 195/65/15,195/65/15,Stock item,Active,TIRES,
harmony 205/55/16,205/55/16,Stock item,Active,TIRES,
hartland 700-15,700-15,Stock item,Active,,
HAZARDOUS,,Non-stock item,Active,,
HAZARDOUS - i,,Stock item,Inactive,,-2.00
HEADLIGHT,XENON  ULTRA WHITH 9004NW,Non-stock item,Active,,
HEADLIGHT - i,XENON  ULTRA WHITH 9004NW,Stock item,Inactive,,
HEADWAY,HEADWAY 175/65/14,Stock item,Active,,
HEADWAY 175/65/14,175/65/14,Stock item,Active,TIRES,
HEADWAY 175/70/13,,Stock item,Active,TIRES,
headway 185/60/15,185/60/15,Stock item,Active,TIRES,
HEADWAY 185/65/14,HEADWAY 185/65/14,Stock item,Active,TIRES,
HEADWAY 185/65/15,185/65/15,Stock item,Active,TIRES,
HEADWAY 185/70/14,HEADWAY 185/70/14,Stock item,Active,TIRES,
HEADWAY 195/60/15,195/60/15,Stock item,Active,TIRES,
HEADWAY 195/65/15,195/65/15,Stock item,Active,TIRES,
HEADWAY 195/70/14,195/70/14,Stock item,Active,TIRES,
HEADWAY 205/55/16,HEADWAY  205/55/16,Stock item,Active,TIRES,
HEADWAY 205/60/16,HEADWAY 205/60/16,Stock item,Active,TIRES,
HEADWAY 205/70/14,HEADWAY 205/70/14,Stock item,Active,TIRES,
Headway 205/70/15,HEADWAY 205/70/15,Stock item,Active,TIRES,
HEADWAY 215/45/17,,Stock item,Active,TIRES,
HEADWAY 215/50/17,HEADWAY 215/50/17,Stock item,Active,TIRES,
HEADWAY 215/55/16,HEADWAY 215/55/16,Stock item,Active,TIRES,
HEADWAY 215/60/16,HEADWAY 215/60/16,Stock item,Active,TIRES,
HEADWAY 215/65/16,HEADWAY 215/65/16,Stock item,Active,TIRES,
HEADWAY 225/35/20,HEADWAY 225/35/20,Stock item,Active,TIRES,
HEADWAY 225/40/18,HEADWAY 225/40/18,Stock item,Active,TIRES,
HEADWAY 225/45/17,HEADWAY 225/45/17,Stock item,Active,TIRES,
HEADWAY 225/45/18,HEADWAY 225/45/18,Stock item,Active,TIRES,
HEADWAY 235/40/18,HEADWAY 235/40/18,Stock item,Active,TIRES,
HEADWAY 235/45/17,HEADWAY235/45/17,Stock item,Active,TIRES,
HEADWAY 235/45/18,HEADWAY235/45/18,Stock item,Active,TIRES,
HEADWAY 235/60/16,HEADWAY 235/60/16,Stock item,Active,TIRES,
HEADWAY 245/45/17,HEADWAY 245/45/17,Stock item,Active,TIRES,
HEADWAY 245/45/18,HEADWAY 245/45/18,Stock item,Active,TIRES,-1.00
HEADWAY 285/45/22,,Stock item,Active,TIRES,
hercules 155/80/12,155/80/12,Stock item,Active,TIRES,
HERCULES 18/8.50/8,HERCULES 18X8.50-8,Stock item,Active,TIRES,
HERCULES 205/65/15,HERCULES 205/65/15,Stock item,Active,TIRES,
hercules 205/75/14,205/75/14,Stock item,Active,TIRES,
HERCULES 205/75/15,,Stock item,Active,TIRES,
HERCULES 205/85/14.5,HERCULES 205/85/14.50,Stock item,Active,TIRES,
HERCULES 215/45/18,HERCULES 215/45/18,Stock item,Active,TIRES,
hercules 215/65/16,215/65/16,Stock item,Active,TIRES,
HERCULES 215/70/15,HERCULES 215/70/15,Stock item,Active,TIRES,
HERCULES 215/70/16,HERCULES 215/70/16,Stock item,Active,TIRES,
HERCULES 215/75/14,HERCULES 215/75/14,Stock item,Active,TIRES,
hercules 225/60/16,225/60/16,Stock item,Active,TIRES,
hercules 225/70/15,225/70/15,Stock item,Active,TIRES,
hercules 225/70/19.5,HERCULES 225/70/19.5,Stock item,Active,TIRES,
HERCULES 225/70/195,,Stock item,Active,TIRES,
hercules 235/75/15,235/75/15,Stock item,Active,TIRES,
HERCULES 245/40/20,HERCULES 245/40/20,Stock item,Active,TIRES,4.00
HERCULES 245/50/18,HERCULES 245/50/18,Stock item,Active,TIRES,4.00
HERCULES 245/75/17,HERCULES 245/75/17,Stock item,Active,TIRES,4.00
HERCULES 255/45/19,HERCULES 255/45/19,Stock item,Active,TIRES,
HERCULES 255/60/15,HECULES 255/60/15,Stock item,Active,TIRES,
HERCULES 265/60/20,HERCULES 265/60/20,Stock item,Active,TIRES,-2.00
hercules 265/70/17,265/70/17,Stock item,Active,TIRES,
HERCULES 275/65/18,HERCULES LT275/65/18,Stock item,Active,TIRES,
HERCULES 275/70/18,HERCULES LT275/70/18,Stock item,Active,TIRES,
HERCULES ST215/75/14,HERCULES ST215/75/14,Stock item,Active,TIRES,
HERCULES ST225/75/15,HERCULES ST225/75/15,Stock item,Active,TIRES,
HIDA 245/30/24,HIDA 245/30/24,Stock item,Active,TIRES,-1.00
HIRUN 165/80/13,HIRUN 165/80/13,Stock item,Active,TIRES,
HIRUN 175/80/13,HIRUN 175/80/13,Stock item,Active,TIRES,
hirun 185/80/13,185/80/13,Stock item,Active,TIRES,
HIRUN 205/75/14,HIRUN 205/75/14,Stock item,Active,TIRES,
hirun 205/75/15,205/75/15,Stock item,Active,TIRES,-2.00
HIRUN 205/90/15,HIRUN 205/90/15,Stock item,Active,TIRES,
HIRUN 215/75/14,HIRUN 215/75/14,Stock item,Active,TIRES,1.00
HIRUN 225/75/15,HIRUN 225/75/15,Stock item,Active,TIRES,
HIRUN 235/80/16,HIRUN 235/80/16,Stock item,Active,TIRES,
HIRUN 235/85/16,HIRUN 235/85/16,Stock item,Active,TIRES,
HIRUN 4.80-12,HIRUN 4.80-12,Stock item,Active,TIRES,
HIRUN 5.3/12,HIRUN 5.3/12,Stock item,Active,TIRES,
HIRUN 5.7/8,HIRUN 5.7/8,Stock item,Active,,
HIRUN 5.70-8/8,HIRUN 5.70-8/8,Stock item,Active,TIRES,-1.00
HIRUN ATV,HIRUN ATV,Stock item,Active,TIRES,
HIRUN ST 205/75/14,,Stock item,Active,TIRES,
HIRUN ST 235/85/16,HIRUN ST 235/85/16,Stock item,Active,TIRES,
HUB CENTRIC,HUB CENTRIC,Stock item,Active,PARTS,1.00
INSTALLATION,INSTALLTION,Non-stock item,Active,,
INSTALLATION - i,INSTALLTION,Stock item,Inactive,,-146.00
integrity 225/60/16,225/60/16,Stock item,Active,TIRES,
integrity 235/70/16,235/70/16,Stock item,Active,TIRES,
IRON ALL COUNTRY A/T,IRONMAN ALL COUNTRY A/T,Stock item,Active,TIRES,-2.00
iron imove 285/45/22,iron imove,Stock item,Active,TIRES,
IRONHEAD 35/12.50/22,IRONHEAD 35/12.50/22,Stock item,Active,TIRES,4.00
IRONMAN 11R22.5,IRONMAN 11R22.5,Stock item,Active,TIRES,
IRONMAN 175/70/13,IRONMAN 175/70/13,Stock item,Active,TIRES,
IRONMAN 175/70/14,IRONMAN 175/70/14,Stock item,Active,TIRES,
IRONMAN 185/55/15,IRONMAN 185/55/15,Stock item,Active,TIRES,2.00
IRONMAN 185/60/15,IRONMAN 185/60/15,Stock item,Active,TIRES,4.00
IRONMAN 185/65/14,IRONMAN 185/65/14,Stock item,Active,TIRES,
IRONMAN 185/65/15,IRONMAN 185/65/15,Stock item,Active,TIRES,-4.00
IRONMAN 185/70/14,IRONMAN 185/70/14,Stock item,Active,PARTS,
IRONMAN 195/50/15,IRONMAN 195/50/15,Stock item,Active,TIRES,
IRONMAN 195/60/15,IRONMAN 195/60/15,Stock item,Active,TIRES,
ironman 195/65/15,195/65/15,Stock item,Active,TIRES,
IRONMAN 195/70/14,,Stock item,Active,TIRES,
IRONMAN 195/75/14,IRONMAN 195/75/14,Stock item,Active,TIRES,
IRONMAN 205/40/17,IRONMAN 205/40/17,Stock item,Active,TIRES,
IRONMAN 205/45/16,IRONMAN 205/45/16,Stock item,Active,TIRES,-1.00
IRONMAN 205/45/17,IRONMAN 205/45/17,Stock item,Active,TIRES,
IRONMAN 205/50/16,IRONMAN 205/50/16,Stock item,Active,TIRES,
IRONMAN 205/50/17,IRONMAN 205/50/17,Stock item,Active,TIRES,1.00
IRONMAN 205/55/16,IRONMAN 205/55/16,Stock item,Active,TIRES,
IRONMAN 205/60/16,IRONMAN 205/60/16,Stock item,Active,TIRES,
ironman 205/65/15,205/65/15,Stock item,Active,TIRES,
IRONMAN 205/70/15,IRONMAN 205/70/15,Stock item,Active,TIRES,4.00
IRONMAN 205/70/16,IRONMAN 205/70/16,Stock item,Active,TIRES,
IRONMAN 205/75/14,IRONMAN 205/75/14,Stock item,Active,TIRES,
IRONMAN 205/75/15,IRONMAN 205/75/15,Stock item,Active,TIRES,
IRONMAN 215/45/17,IRONMAN 215/45/17,Stock item,Active,TIRES,2.00
IRONMAN 215/50/17,IRONAMN 215/50/17,Stock item,Active,TIRES,
IRONMAN 215/55/16,IRONMAN 215/55/16,Stock item,Active,TIRES,-1.00
IRONMAN 215/60/16,IRONMAN 215/60/16,Stock item,Active,TIRES,
IRONMAN 215/60/17,IRONMAN 215/60/17,Stock item,Active,TIRES,
IRONMAN 215/65/15,IRONMAN 215/65/15,Stock item,Active,TIRES,
IRONMAN 215/65/16,IRONMAN 215/65/16,Stock item,Active,TIRES,-1.00
IRONMAN 215/70/15,IRONMAN 215/70/15,Stock item,Active,TIRES,8.00
IRONMAN 215/70/16,IRONMAN 215/70/16,Stock item,Active,TIRES,
IRONMAN 215/75/15,IRONMAN 215/75/15,Stock item,Active,TIRES,
IRONMAN 215/85/16,IRONAMN 215/85/16,Stock item,Active,TIRES,2.00
IRONMAN 225/40/18,IRONMAN 225/40/18,Stock item,Active,TIRES,3.00
IRONMAN 225/45/17,IRONMAN 225/45/17,Stock item,Active,TIRES,-4.00
IRONMAN 225/45/18,IRONMAN 225/45/18,Stock item,Active,TIRES,
IRONMAN 225/50/16,IRONMAN 225/50/16,Stock item,Active,TIRES,
IRONMAN 225/50/17,IRONMAN 225/50/17,Stock item,Active,TIRES,
IRONMAN 225/50/18,IRONMAN 225/50/18,Stock item,Active,TIRES,
ironman 225/60/16,225/60/16,Stock item,Active,TIRES,
IRONMAN 225/65/16,IRONMAN 225/65/16,Stock item,Active,TIRES,-3.00
IRONMAN 225/65/17,IRONMAN 225/65/17,Stock item,Active,TIRES,
IRONMAN 225/70/15,IRONMAN 225/50/15,Stock item,Active,TIRES,
ironman 225/70/16,225/70/16,Stock item,Active,TIRES,
IRONMAN 225/75/15,IRONMAN 225/75/15,Stock item,Active,TIRES,
IRONMAN 225/75/16,IRONMAN 225/75/16,Stock item,Active,TIRES,-4.00
IRONMAN 235/35/19,IRONMAN 235/35/19,Stock item,Active,TIRES,4.00
IRONMAN 235/40/18,IRONMAN 235/40/18,Stock item,Active,TIRES,-1.00
IRONMAN 235/45/17,IRONMAN 235/45/17,Stock item,Active,TIRES,-1.00
IRONMAN 235/45/18,IRONMAN 235/45/18,Stock item,Active,TIRES,
IRONMAN 235/50/17,IRONMAN 235/50/17,Stock item,Active,TIRES,3.00
IRONMAN 235/50/18,IRONMAN 235/50/18,Stock item,Active,TIRES,
IRONMAN 235/55/17,IRONMAN 235/55/17,Stock item,Active,TIRES,
IRONMAN 235/55/18,IRONMAN 235/55/18,Stock item,Active,TIRES,
IRONMAN 235/55/19,IRONMAN 235/55/19,Stock item,Active,TIRES,4.00
IRONMAN 235/60/16,IRONMNA 235/60/16,Stock item,Active,TIRES,
IRONMAN 235/65/16,IRONMAN 235/65/16,Stock item,Active,TIRES,1.00
IRONMAN 235/65/18,IRONMAN 235/65/18,Stock item,Active,TIRES,-2.00
IRONMAN 235/70/15,IRONMAN 235/70/15,Stock item,Active,TIRES,
IRONMAN 235/70/16,IRONMAN 235/70/16,Stock item,Active,TIRES,
IRONMAN 235/70/17,IRONMAN 235/70/17,Stock item,Active,TIRES,-2.00
ironman 235/75/15,235/75/15,Stock item,Active,TIRES,
IRONMAN 235/75/17.5,IRONMAN 235/75/17.5,Stock item,Active,TIRES,2.00
IRONMAN 235/80/17,IRONMAN 235/80/17,Stock item,Active,TIRES,
IRONMAN 245/40/17,IRONMAN 245/40/17,Stock item,Active,TIRES,
IRONMAN 245/40/18,IRONMAN 245/40/18,Stock item,Active,TIRES,4.00
IRONMAN 245/40/19,IRONMAN 245/40/19,Stock item,Active,TIRES,-3.00
IRONMAN 245/40/20,IRONMAN 245/40/20,Stock item,Active,TIRES,
IRONMAN 245/45/17,IRONMAN 245/45/17,Stock item,Active,TIRES,
IRONMAN 245/45/18,IRONMAN 245/45/18,Stock item,Active,TIRES,2.00
IRONMAN 245/45/19,IRONMAN 245/45/19,Stock item,Active,TIRES,
IRONMAN 245/45/20,IRONMAN 245/45/20,Stock item,Active,TIRES,
IRONMAN 245/50/20,IRONMAN 245/50/20,Stock item,Active,TIRES,
IRONMAN 245/60/18,IRONMAN 245/60/18,Stock item,Active,TIRES,
IRONMAN 245/65/17,,Stock item,Active,TIRES,
IRONMAN 245/70/16,IRONMAN 245/70/16,Stock item,Active,TIRES,
IRONMAN 245/70/17,IRONMAN 245/70/17,Stock item,Active,TIRES,
IRONMAN 245/75/16,IRONMAN LT245/75/16,Stock item,Active,TIRES,4.00
IRONMAN 245/75/17,IRONMAN 245/75/17,Stock item,Active,TIRES,
IRONMAN 255/30/22,IRONMAN 255/30/22,Stock item,Active,TIRES,
IRONMAN 255/35/18,IRONMAN 255/35/18,Stock item,Active,TIRES,
IRONMAN 255/35/19,IRONMAN 255/35/19,Stock item,Active,TIRES,
IRONMAN 255/35/20,IRONMAN 255/35/20,Stock item,Active,TIRES,4.00
IRONMAN 255/45/20,IRONMAN 255/45/20,Stock item,Active,TIRES,
IRONMAN 255/55/18,IRONMAN 255/55/18,Stock item,Active,TIRES,
IRONMAN 255/60/19,IRONMAN 255/60/19,Stock item,Active,TIRES,
IRONMAN 255/65/17,IRONMAN 255/65/17,Stock item,Active,TIRES,
IRONMAN 255/65/18,IRONAMN 255/65/18,Stock item,Active,TIRES,
IRONMAN 255/70/16,IRONMAN 255/70/16,Stock item,Active,TIRES,-1.00
IRONMAN 255/70/17,IRONMAN 255/70/17,Stock item,Active,TIRES,-2.00
IRONMAN 255/70/18,IRONMAN 255/70/18,Stock item,Active,TIRES,
ironman 265/30/19,265/30/19,Stock item,Active,TIRES,
ironman 265/35/19,265/35/19,Stock item,Active,TIRES,
IRONMAN 265/35/22,IRONMAN 265/35/22,Stock item,Active,TIRES,-1.00
IRONMAN 265/40/22,IRONMAN 265/40/22,Stock item,Active,TIRES,
IRONMAN 265/50/20,IRONMAN 265/50/20,Stock item,Active,TIRES,
IRONMAN 265/60/18,IRONMAN 265/60/18,Stock item,Active,TIRES,
IRONMAN 265/65/17,IRONMAN 265/65/17,Stock item,Active,TIRES,
IRONMAN 265/65/18,IRONMAN 265/65/18,Stock item,Active,TIRES,4.00
IRONMAN 265/70/16,IRONMAN 265/70/16,Stock item,Active,TIRES,
IRONMAN 265/70/17,IRONMAN 265/70/17,Stock item,Active,TIRES,
IRONMAN 265/70/18,IRONMAN 265/70/18,Stock item,Active,TIRES,4.00
IRONMAN 265/75/16,IRONMAN 265/75/16,Stock item,Active,TIRES,
IRONMAN 275/30/19,IRONMAN 275/30/19,Stock item,Active,TIRES,-1.00
IRONMAN 275/40/22,IRONMAN 275/40/22,Stock item,Active,TIRES,3.00
IRONMAN 275/45/20,IRONMAN 275/45/20,Stock item,Active,TIRES,2.00
IRONMAN 275/55/20,IRONMAN 275/55/20,Stock item,Active,TIRES,
IRONMAN 275/60/20,IRONMAN 275/60/20,Stock item,Active,TIRES,1.00
IRONMAN 275/65/18,IRONMAN 275/65/18,Stock item,Active,TIRES,
IRONMAN 275/65/20,IRONMAN 275/65/20,Stock item,Active,TIRES,4.00
IRONMAN 275/70/18,IRONMAN 275/70/18,Stock item,Active,TIRES,
IRONMAN 285/45/22,IRONMAN 285/45/22,Stock item,Active,TIRES,
IRONMAN 285/50/20,IRONMAN 285/50/20,Stock item,Active,TIRES,
IRONMAN 285/70/17,IRONMAN 285/70/17,Stock item,Active,TIRES,
IRONMAN 285/75/16,IRONMAN 285/75/16,Stock item,Active,TIRES,
IRONMAN 305/35/24,IRONMAN 305/35/24,Stock item,Active,TIRES,-1.00
IRONMAN 305/40/22,IRONMAN 305/40/22,Stock item,Active,TIRES,
IRONMAN 305/45/22,IRONMAN 305/45/22,Stock item,Active,TIRES,
IRONMAN 31/10.5/15,IRONMAN 31/10.5/15,Stock item,Active,TIRES,1.00
IRONMAN 33/12.5/20,IRONMAN 33/12.5/20,Stock item,Active,TIRES,
IRONMAN 35/12.5/18,IRONMAN 35/12.5/18,Stock item,Active,TIRES,
IRONMAN 35/12.50/20,IRONMAN 35/12.50/20,Stock item,Active,TIRES,4.00
IRONMAN 37/12.50/20,IRONMAN 37/12.50/20,Stock item,Active,TIRES,
IRONMAN 37/13.50/20,IRONMAN 37/13.50/20,Stock item,Active,TIRES,2.00
IRONMAN 37/13.50/22,IRONMAN 37/13.50/22,Stock item,Active,TIRES,4.00
IRONMAN 37X13.50R22,IRONMAN 37X13.50R22,Stock item,Active,TIRES,1.00
IRONMAN LT225/75/16,IRONMAN LT225/75/16,Stock item,Active,TIRES,
IRONMAN LT235/80/17,IRONMAN LT235/80/17,Stock item,Active,TIRES,
IRONMAN LT245/75/16,IRONMAN LT245/75/16,Stock item,Active,TIRES,
IRONMAN LT315/70/17,IRONMAN LT315/70/17,Stock item,Active,TIRES,
JETZON 235/60/18,JETZON 235/60/18,Stock item,Active,TIRES,
KANATI 265/60/20,KANATI 265/60/20,Stock item,Active,TIRES,
KANati 295/60/20,295/60/20,Stock item,Active,TIRES,
KANATI 30/10.00/14,KANATI 30/10.00/14,Stock item,Active,TIRES,1.00
KANATI 37/12.50/17,KANATI 37/12.50/17,Stock item,Active,TIRES,
Kanati 37/12.50/20,37/12.50/20,Stock item,Active,TIRES,
KC PROMOTIONS,KC PROMOTIONS COUPON,Non-stock item,Active,,
KC PROMOTIONS - i,KC PROMOTIONS COUPON,Stock item,Inactive,,-140.00
kelly 185/65/15,KELLY 185/65/15,Stock item,Active,TIRES,
KELLY 205/50/17,KELLY 205/50/17,Stock item,Active,TIRES,
KELLY 205/55/16,,Stock item,Active,TIRES,
KELLY 205/65/15,KELLY 205/65/15,Stock item,Active,TIRES,
KELLY 215/45/17,KELLY 215/45/17,Stock item,Active,TIRES,
KELLY 215/55/17,KELLY 215/55/17,Stock item,Active,TIRES,
KELLY 225/45/18,,Stock item,Active,TIRES,
KELLY 225/50/17,KELLY 225/50/17,Stock item,Active,TIRES,
KELLY 225/65/16,,Stock item,Active,TIRES,
KELLY 225/70/16,KELLY 225/70/16,Stock item,Active,TIRES,
KELLY 235/50/19,KELLY 235/50/19,Stock item,Active,TIRES,4.00
KELLY 235/55/17,KELLY 235/55/17,Stock item,Active,TIRES,
KELLY 235/55/18,KELLY 235/55/18,Stock item,Active,TIRES,
KELLY 245/65/17,KELLY 245/65/17,Stock item,Active,TIRES,
KELLY 245/70/16,KELLY 245/70/16,Stock item,Active,TIRES,
KELLY 245/70/17,KELLY 245/70/17,Stock item,Active,TIRES,-4.00
KELLY 265/70/17,KELLY 265/70/17,Stock item,Active,TIRES,4.00
KELLY 265/75/16,KELLY 265/75/16,Stock item,Active,TIRES,
KELLY 275/55/20,KELLY 275/55/20,Stock item,Active,TIRES,
KELLY 315/70/17,KELLY 315/70/17,Stock item,Active,TIRES,
KELLY LT245/75/16,KELLY LT245/75/16,Stock item,Active,TIRES,
KELLY LT245/75/17,KELLY LT245/75/17,Stock item,Active,TIRES,
kely 195/65/15,195/65/15,Stock item,Active,TIRES,
KELY 215/60/15,KELY 215/60/15,Stock item,Active,TIRES,
KELY 215/60/16,KELY 215/60/16,Stock item,Active,TIRES,
kely 215/65/15,215/65/15,Stock item,Active,TIRES,
KELY 215/70/15,KELY 215/70/15,Stock item,Active,TIRES,
KELY 225/60/16,KELY 225/60/16,Stock item,Active,TIRES,
KELY 235/60/16,KELLY 235/60/16,Stock item,Active,TIRES,
KELY 265/70/16,,Stock item,Active,TIRES,
kely 275/60/20,kely 275/60/20,Stock item,Active,TIRES,
KENDA 205/70/16,KENDA 205/70/16,Stock item,Active,TIRES,
KENDA 215/70/16,KENDA 215/70/16,Stock item,Active,TIRES,
KENDA 275/65/20,KENDA 275/65/20,Stock item,Active,TIRES,2.00
KENDA 37/12.50/22,KENDA 37/12.50/22,Stock item,Active,TIRES,4.00
KENDAKELVER 31/10.5/,KENDAKELVER 31/10.5/15,Stock item,Active,TIRES,
KINFOREST 205/40/18,KINFOREST 205/40/18,Stock item,Active,TIRES,
KINFOREST 245/45/18,KINFOREST 245/45/18,Stock item,Active,TIRES,
kjr 205/60/15,205/60/15,Stock item,Active,TIRES,
kjr 205/65/15,205/65/15,Stock item,Active,TIRES,
KNOCK OFF,WIRE WHEEL KNOCK OFF,Non-stock item,Active,,
KNOCK OFF - i,WIRE WHEEL KNOCK OFF,Stock item,Inactive,,
kumho,,Stock item,Inactive,,
Kumho 155/60/15,155/60/15,Stock item,Active,TIRES,4.00
Kumho 155/80/13,155/80/13,Stock item,Active,TIRES,
Kumho 165/80/13,165/80/13,Stock item,Active,TIRES,
kumho 175/55/15,175/55/15,Stock item,Active,TIRES,4.00
Kumho 175/65/14,175/65/14,Stock item,Active,PARTS,
kumho 175/70/13,175/70/13,Stock item,Active,TIRES,
kumho 175/70/14,175/70/14,Stock item,Active,TIRES,
KUMHO 185/55/15,KUMHO 185/55/15,Stock item,Active,TIRES,
kumho 185/60/14,185/60/14,Stock item,Active,TIRES,
KUMHO 185/60/15,KUMHO 185/60/15,Stock item,Active,TIRES,
kumho 185/65/14,185/65/14,Stock item,Active,TIRES,
kumho 185/65/15,185/65/15,Stock item,Active,TIRES,
kumho 185/70/13,185/70/13,Stock item,Active,TIRES,
Kumho 185/70/14,185/70/14,Stock item,Active,PARTS,
KUMHO 185R14,,Stock item,Active,TIRES,
kumho 195/50/15,195/50/15,Stock item,Active,TIRES,
kumho 195/50/16,195/50/16,Stock item,Active,TIRES,
kumho 195/55/15,195/55/15,Stock item,Active,TIRES,
kumho 195/55/16,195/55/16,Stock item,Active,TIRES,
kumho 195/60/14,195/60/14,Stock item,Active,TIRES,
kumho 195/60/15,195/60/15,Stock item,Active,TIRES,
Kumho 195/65/14,195/65/14,Stock item,Active,TIRES,
kumho 195/65/15,195/65/15,Stock item,Active,TIRES,
Kumho 195/75/14,195/75/14,Stock item,Active,TIRES,
kumho 205/40/16,205/40/16,Stock item,Active,TIRES,
kumho 205/40/17,205/40/17,Stock item,Active,TIRES,
KUMHO 205/45/16,KUMHO 205/45/16,Stock item,Active,TIRES,
KUMHO 205/45/17,KUMHO 205/45/17,Stock item,Active,TIRES,
kumho 205/50/15,205/50/15,Stock item,Active,TIRES,
kumho 205/50/16,205/50/16,Stock item,Active,TIRES,
kumho 205/50/17,205/50/17,Stock item,Active,TIRES,
kumho 205/55/16,205/55/16,Stock item,Active,PARTS,
KUMHO 205/55/17,,Stock item,Active,,4.00
kumho 205/60/15,205/60/15,Stock item,Active,TIRES,
kumho 205/60/16,205/60/16,Stock item,Active,TIRES,
kumho 205/65/15,205/65/15,Stock item,Active,TIRES,
kumho 205/65/16,205/65/16,Stock item,Active,TIRES,
kumho 205/70/15,205/70/15,Stock item,Active,TIRES,
kumho 205/75/15,205/75/15,Stock item,Active,TIRES,
kumho 215/35/18,215/35/18,Stock item,Active,TIRES,
KUMHO 215/40/18,KUMHO 215/40/18,Stock item,Active,TIRES,
kumho 215/45/17,215/45/17,Stock item,Active,TIRES,
KUMHO 215/45/18,,Stock item,Active,TIRES,
KUMHO 215/50/16,KUMHO 215/50/16,Stock item,Active,TIRES,
kumho 215/50/17,215/50/17,Stock item,Active,TIRES,
KUMHO 215/55/17,KUMHO 215/55/17,Stock item,Active,TIRES,
kumho 215/60/16,215/60/16,Stock item,Active,TIRES,
kumho 215/60/17,,Stock item,Active,TIRES,
kumho 215/65/15,215/65/15,Stock item,Active,TIRES,
Kumho 215/65/16,215/65/16,Stock item,Active,TIRES,
kumho 215/70/15,215/70/15,Stock item,Active,TIRES,
kumho 215/70/16,215/70/16,Stock item,Active,TIRES,
kumho 215/75/14,215/75/14,Stock item,Active,TIRES,
KUMHO 215/75/15,KUMHO 215/75/15,Stock item,Active,TIRES,
kumho 225/40/18,225/40/18,Stock item,Active,TIRES,
kumho 225/40/19,225/40/19,Stock item,Active,TIRES,
kumho 225/45/17,,Stock item,Active,TIRES,
KUMHO 225/45/19,KUMHO 225/45/19,Stock item,Active,TIRES,
kumho 225/50/15,225/50/15,Stock item,Active,TIRES,
kumho 225/50/16,225/50/16,Stock item,Active,TIRES,
KUMHO 225/55/18,KUMHO 225/55/18,Stock item,Active,TIRES,-1.00
kumho 225/55/19,kumho 225/55/19,Stock item,Active,TIRES,4.00
kumho 225/60/14,225/60/14,Stock item,Active,TIRES,
kumho 225/60/16,225/60/16,Stock item,Active,TIRES,
kumho 225/60/17,225/60/17,Stock item,Active,TIRES,
KUMHO 225/65/16,KUMHO 225/65/16,Stock item,Active,TIRES,
kumho 225/65/17,225/65/17,Stock item,Active,TIRES,
kumho 225/70/15,225/70/15,Stock item,Active,TIRES,
kumho 225/70/16,225/70/16,Stock item,Active,TIRES,
KUMHO 225/75/15,KUMHO 225/75/15,Stock item,Active,TIRES,
kumho 225/75/16,225/75/16,Stock item,Active,TIRES,
kumho 235/30/22,235/30/22,Stock item,Active,TIRES,
KUMHO 235/40/18,KUMHO 235/40/18,Stock item,Active,TIRES,
KUMHO 235/50/17,KUMHO 235/50/17,Stock item,Active,TIRES,
KUMHO 235/50/18,KUMHO 235/50/18,Stock item,Active,TIRES,
kumho 235/55/16,235/55/16,Stock item,Active,TIRES,-4.00
kumho 235/55/17,235/55/17,Stock item,Active,TIRES,
KUMHO 235/55/18,KUMHO 235/55/18,Stock item,Active,TIRES,
kumho 235/55/19,KUMHO 235/55/19,Stock item,Active,TIRES,
kumho 235/60/16,235/60/16,Stock item,Active,TIRES,
kumho 235/60/18,235/60/18,Stock item,Active,TIRES,
kumho 235/65/16,235/65/16,Stock item,Active,TIRES,
kumho 235/65/17,235/65/17,Stock item,Active,TIRES,
kumho 235/65/18,235/65/18,Stock item,Active,TIRES,
kumho 235/70/15,235/70/15,Stock item,Active,TIRES,
kumho 235/70/16,235/70/16,Stock item,Active,TIRES,
kumho 235/75/15,235/75/15,Stock item,Active,TIRES,
kumho 235/75/16,235/75/16,Stock item,Active,TIRES,
kumho 235/75/17.5,235/75/17.5,Stock item,Active,TIRES,
kumho 235/85/16,235/85/16,Stock item,Active,TIRES,
kumho 245/35/20,245/35/20,Stock item,Active,TIRES,
kumho 245/40/18,245/40/18,Stock item,Active,TIRES,
kumho 245/40/20,245/40/20,Stock item,Active,TIRES,
kumho 245/45/17,245/45/17,Stock item,Active,TIRES,
kumho 245/45/18,245/45/18,Stock item,Active,TIRES,
KUMHO 245/45/19,KUMHO 245/45/19 CRUGEN HP71,Stock item,Active,,
KUMHO 245/45/20,KUMHO 245/45/20,Stock item,Active,TIRES,
kumho 245/50/16,245/50/16,Stock item,Active,TIRES,
KUMHO 245/50/18,KUMHO 245/50/18,Stock item,Active,TIRES,
KUMHO 245/50/20,KUMHO 245/50/20,Stock item,Active,TIRES,
kumho 245/70/16,245/70/16,Stock item,Active,TIRES,
KUMHO 245/70/17,KUMHO 245/70/17,Stock item,Active,TIRES,
kumho 245/75/16,245/75/16,Stock item,Active,TIRES,
kumho 255-30-24,,Stock item,Inactive,TIRES,
kumho 255/30/24,255/30/24,Stock item,Active,TIRES,
kumho 255/35/18,255/35/18,Stock item,Active,TIRES,
kumho 255/35/19,255/35/19,Stock item,Active,TIRES,
kumho 255/35/20,255/35/20,Stock item,Active,TIRES,
KUMHO 255/40/17,KUMHO 255/40/17,Stock item,Active,TIRES,
kumho 255/40/19,255/40/19,Stock item,Active,TIRES,-4.00
kumho 255/45/17,255/45/17,Stock item,Active,TIRES,
kumho 255/45/20,255/45/20,Stock item,Active,TIRES,
KUMHO 255/50/17,KUMHO 255/50/17,Stock item,Active,TIRES,
KUmho 255/60/17,255/60/17,Stock item,Active,TIRES,
kumho 255/65/17,255/65/17,Stock item,Active,TIRES,
kumho 265/40/22,265/40/22,Stock item,Active,TIRES,
KUMHO 265/60/18,,Stock item,Active,TIRES,
KUMHO 265/65/17,KUMHO 265/65/17,Stock item,Active,TIRES,4.00
KUMHO 265/65/18,KUMHO 265/65/18,Stock item,Active,TIRES,
kumho 265/70/15,,Stock item,Active,TIRES,
KUMHO 265/70/16,KUMHO 265/70/16,Stock item,Active,TIRES,
KUMHO 265/70/17,KUMHO 265/70/17,Stock item,Active,TIRES,
kumho 265/75/16,265/75/16,Stock item,Active,TIRES,
kumho 275/35/19,275/35/19,Stock item,Active,TIRES,
kumho 275/40/17,275/40/17,Stock item,Active,TIRES,
kumho 275/45/20,275/45/20,Stock item,Active,TIRES,
KUMHO 275/45/22,KUMHO 275/45/22,Stock item,Active,TIRES,
KUMHO 275/50/20,KUMHO 275/50/20,Stock item,Active,TIRES,
kumho 275/55/17,275/55/17,Stock item,Active,TIRES,
KUMHO 275/55/18,KUMHO 275/55/18,Stock item,Active,TIRES,4.00
kumho 275/55/20,275/55/20,Stock item,Active,TIRES,
KUMHO 275/60/20,KUMHO 275/60/20,Stock item,Active,TIRES,
kumho 285/35/19,285/35/19,Stock item,Active,TIRES,
KUMHO 285/35/22,KUMHO 285/35/22,Stock item,Active,TIRES,
kumho 285/50/20,285/50/20,Stock item,Active,TIRES,
KUMHO 285/70/17,KUMHO 285/70/17,Stock item,Active,TIRES,
kumho 285/75/16/8,285/75/16/8,Stock item,Active,TIRES,
kumho 305/30/26,305/30/26,Stock item,Active,TIRES,
kumho 305/40/22,305/40/22,Stock item,Active,TIRES,
kumho 305/45/22,305/45/22,Stock item,Active,TIRES,
kumho 30x9.5/15,30x9.5/15,Stock item,Active,TIRES,
KUMHO 31/10.50/15,KUMHO 31/10.50/15,Stock item,Active,TIRES,
KUMHO 315/75/16,,Stock item,Active,TIRES,
kumho 31x10.5/15,31x10.5/15,Stock item,Active,TIRES,
KUMHO 35/12.5/20,KUMHO 35/12.5/20,Stock item,Active,TIRES,
kumho 35x12.5/15,35x12.5/15,Stock item,Active,TIRES,
kumho ecst 275/40/17,275/40/17,Stock item,Active,TIRES,
KUMHO ECSTA225/40/19,,Stock item,Active,TIRES,
kumho KH23 245/45/19,245/45/19,Stock item,Active,TIRES,
kumho235/60/16,235/60/16,Stock item,Active,TIRES,
kumhoecsta 205/50/17,205/50/17,Stock item,Active,TIRES,
LABOR,,Non-stock item,Active,,
LABOR - i,,Stock item,Inactive,,-214.75
LANDSAIL 215/60/16,LANDSAIL 215/60/16,Stock item,Active,TIRES,
LANDSPIDER 275/55/20,LANDSPIDER LT275/55/20,Stock item,Active,TIRES,
LANDSPIDER 305/60/18,LANDSPIDER LT305/60/18,Stock item,Active,TIRES,4.00
LANDSPIDER 33/12.50/,LANDSPIDER 33/12.50/20,Stock item,Active,TIRES,4.00
LANDSPIDER 35/12.50/,LANDSPIDER 35/12.5/20,Stock item,Active,TIRES,
LANVIGATOR 175/65/15,175/65/15,Stock item,Active,TIRES,
LANVIGATOR 185/55/15,185/55/15,Stock item,Active,TIRES,
LANVIGATOR 195/50/15,195/50/15,Stock item,Active,TIRES,
LANVIGATOR 195/55/15,195/55/15,Stock item,Active,TIRES,
LANVIGATOR 205/55/16,,Stock item,Active,TIRES,
LANVIGATOR 205/60/16,,Stock item,Active,TIRES,
LANVIGATOR 215/50/17,,Stock item,Active,TIRES,
LANVIGATOR 215/55/17,215/55/17,Stock item,Active,TIRES,
LANVIGATOR 215/70/16,215/70/16,Stock item,Active,TIRES,
LANVIGATOR 225/40/18,LANVIGATOR 225/40/18,Stock item,Active,TIRES,
LANVIGATOR 225/45/18,225/45/18,Stock item,Active,TIRES,
LANVIGATOR 235/45/17,LANVIGATOR 235/45/17,Stock item,Active,TIRES,
LANVIGATOR 235/45/18,,Stock item,Active,TIRES,
LANVIGATOR 235/65/17,LANVIGATOR 235/65/17,Stock item,Active,TIRES,
LANVIGATOR 235/70/16,LANVIGATOR 235/70/16,Stock item,Active,TIRES,
LANVIGATOR 245/45/18,245-45-18,Stock item,Active,TIRES,
LANVIGATOR 255/35/20,LANVIGATOR 255/35/20,Stock item,Active,TIRES,
LANVIGATOR 255/65/17,255/65/17,Stock item,Active,TIRES,
lanvigator 265/70/16,265/70/16,Stock item,Active,TIRES,
LANVIGATOR 265/70/17,265/70/17,Stock item,Active,TIRES,
LANVIGATOR 275/60/20,LANVIGATOR 275/60/20,Stock item,Active,TIRES,
LAUFENN 205/55/17,LAUFENN 205/55/17,Stock item,Active,TIRES,-4.00
LAUFENN 215/45/17,LAUFENN 215/45/17,Stock item,Active,TIRES,
LAUFENN 215/45/18,LAUFENN 215/45/18,Stock item,Active,TIRES,4.00
LAUFENN 215/55/16,LAUFENN 215/55/16,Stock item,Active,TIRES,
LAUFENN 215/60/15,LAUFENN 215/60/15,Stock item,Active,TIRES,
LAUFENN 215/60/16,LAUFENN 215/60/16,Stock item,Active,TIRES,
LAUFENN 215/70/15,LAUFENN 215/70/15,Stock item,Active,TIRES,1.00
LAUFENN 225/50/18,LAUFENN 225/50/18,Stock item,Active,TIRES,
LAUFENN 225/55/19,,Stock item,Active,TIRES,
LAUFENN 225/75/16,LAUFENN 225/75/16,Stock item,Active,TIRES,
LAUFENN 235/45/18,LAUFENN 235/45/18,Stock item,Active,TIRES,
LAUFENN 235/50/19,LAUFENN 235/50/19,Stock item,Active,TIRES,
LAUFENN 235/70/16,LAUFENN 235/70/16,Stock item,Active,TIRES,2.00
LAUFENN 245/45/18,LAUFENN 245/45/18,Stock item,Active,TIRES,
LAUFENN 255/35/18,LAUFENN 255/35/18,Stock item,Active,TIRES,
LAUFENN 255/45/19,LAUFENN 255/45/19,Stock item,Active,TIRES,
LAXANI LX 295/25/24,LAXANI LX 295/25/24,Stock item,Active,PARTS,-2.00
LEASE,LEASE,Stock item,Active,LOAN,
lexani 225/30/20,225/30/20,Stock item,Active,TIRES,
LEXANI 225/30/22,LEXANI 225/30/22,Stock item,Active,TIRES,
LEXANI 225/35/19,LEXANI 225/35/19,Stock item,Active,TIRES,2.00
LEXANI 255/30/19,LEXANI 255/30/19,Stock item,Active,TIRES,1.00
lexani 255/30/22,255/30/22,Stock item,Active,TIRES,2.00
LEXANI 265/30/22,LEXANI 265/30/22,Stock item,Active,TIRES,
lexani 265/35/22,265/35/22,Stock item,Active,TIRES,
lexani 305/40/22,305/40/22,Stock item,Active,TIRES,
lexington 175/65/14,175/65/14,Stock item,Active,TIRES,
lexington 205/65/15,205/65/15,Stock item,Active,TIRES,
lexington 215/70/15,215/70/15,Stock item,Active,TIRES,
LINGLONG 195/75/14,LINGLONG 195/75/14,Stock item,Active,TIRES,
linglong 225/35/20,225/35/20,Stock item,Active,TIRES,
LINGLONG 235/60/17,LINGLONG 235/60/17,Stock item,Active,TIRES,
LINGLONG 235/60/18,LINGLONG 235/60/18,Stock item,Active,TIRES,
linglong 245/35/20,245/35/20,Stock item,Active,TIRES,
linglong 245/45/17,245/45/17,Stock item,Active,TIRES,
linglong 255/30/22,255/30/22,Stock item,Active,TIRES,
LINGLONG 255/60/19,LINGLONG 255/60/19,Stock item,Active,TIRES,
LINGLONG 265/70/18,,Stock item,Active,,-4.00
linglong 275/40/20,275/40/20,Stock item,Active,TIRES,
linglong 295/30/26,295/30/26,Stock item,Active,TIRES,
linglong 305/35/24,305/35/24,Stock item,Active,TIRES,
LIONCLAW 35/12.50/20,LIONCLAW 35/12.50/20,Stock item,Active,TIRES,
LIONHART 215/60/16,215/60/16,Stock item,Active,TIRES,
LIONHART 225/30/20,LIONHART 225/30/20,Stock item,Active,TIRES,1.00
LIONHART 225/35/20,LIONHART 225/35/20,Stock item,Active,TIRES,2.00
LIONHART 235/30/20,LIONHART 235/30/20,Stock item,Active,TIRES,2.00
LIONHART 235/30/22,LIONHART 235/30/22,Stock item,Active,TIRES,11.00
LIONHART 235/35/20,LIONHART 235/35/20,Stock item,Active,TIRES,3.00
LIONHART 235/40/19,LIONHART 235/40/19,Stock item,Active,TIRES,
LIONHART 235/45/18,LIONHART 235/45/18,Stock item,Active,TIRES,
LIONHART 235/50/18,LIONHART 235/50/18,Stock item,Active,TIRES,
LIONHART 235/55/17,LIONHART 235/55/17,Stock item,Active,TIRES,
LIONHART 245/30/20,LIONHART 245/30/20,Stock item,Active,TIRES,5.00
LIONHART 245/30/22,LIONHART 245/30/22,Stock item,Active,TIRES,23.00
LIONHART 245/35/20,LIONHART 245/35/20,Stock item,Active,TIRES,16.00
LIONHART 245/40/18,LIONAHRT 245/40/18,Stock item,Active,TIRES,2.00
LIONHART 245/40/19,LIONHART 245/40/19,Stock item,Active,TIRES,4.00
LIONHART 245/40/20,LIONHART 245/40/20,Stock item,Active,TIRES,
LIONHART 245/45/18,LIONHART 245/45/18,Stock item,Active,TIRES,4.00
LIONHART 245/45/19,LIONHART 245/45/19,Stock item,Active,TIRES,
LIONHART 245/45/20,LIONHART 245/45/20,Stock item,Active,TIRES,-1.00
LIONHART 255/25/24,LIONHART 255/25/24,Stock item,Active,TIRES,
LIONHART 255/30/22,255/30/22,Stock item,Active,TIRES,7.00
LIONHART 255/30/24,LIONHART 255/30/24,Stock item,Active,TIRES,4.00
LIONHART 255/30/26,LIONHART 255/30/26,Stock item,Active,TIRES,
LIONHART 255/30/30,LIONHART 255/30/30,Stock item,Active,TIRES,
LIONHART 255/35/20,LIONHART 255/35/20,Stock item,Active,TIRES,1.00
LIONHART 255/40/19,LIONHART 255/40/19,Stock item,Active,TIRES,5.00
LIONHART 265/30/22,LIONHART 265/30/22,Stock item,Active,TIRES,4.00
LIONHART 265/35/22,LIONHART 265/35/22,Stock item,Active,TIRES,6.00
LIONHART 265/40/22,LIONHART 265/40/22,Stock item,Active,TIRES,9.00
LIONHART 265/45/20,LIONHART 265/45/20,Stock item,Active,TIRES,1.00
LIONHART 275/25/24,LIONHART 275/25/24,Stock item,Active,TIRES,
LIONHART 275/25/26,LIONHART 275/25/26,Stock item,Active,TIRES,
LIONHART 275/25/28,LIONHART 275/25/28,Stock item,Active,TIRES,7.00
LIONHART 275/30/20,LIONHART 275/30/20,Stock item,Active,TIRES,2.00
LIONHART 275/30/24,LIONHART 275/30/24,Stock item,Active,TIRES,
LIONHART 275/35/20,LIONHART 275/35/20,Stock item,Active,TIRES,
LIONHART 275/35/24,LIONHART 275/35/24,Stock item,Active,TIRES,
LIONHART 275/40/19,LIONHART 275/40/19,Stock item,Active,TIRES,
LIONHART 275/40/20,LIONHART 275/40/20,Stock item,Active,TIRES,2.00
LIONHART 275/40/22,LIONHART 275/40/22,Stock item,Active,TIRES,
LIONHART 275/45/20,LIONHART 275/45/20,Stock item,Active,TIRES,
LIONHART 285/25/20,LIONHART 285/25/20,Stock item,Active,TIRES,2.00
LIONHART 285/25/22,LIONHART 285/25/22,Stock item,Active,TIRES,3.00
LIONHART 285/30/20,LIONHART 285/30/20,Stock item,Active,TIRES,2.00
LIONHART 285/35/18,285/35R18 XL 101W LionHart LH-,Stock item,Active,TIRES,2.00
LIONHART 285/35/22,LIONHART 285/35/22,Stock item,Active,TIRES,
LIONHART 285/40/22,LIONHART 285/40/22,Stock item,Active,TIRES,
LIONHART 285/45/22,LIONHART 285/45/22,Stock item,Active,TIRES,
LIONHART 295/25/20,LIONHART 295/25/20,Stock item,Active,TIRES,
LIONHART 295/25/22,LIONHART 295/25/22,Stock item,Active,TIRES,6.00
LIONHART 295/25/28,LIONHART 295/25/28,Stock item,Active,TIRES,1.00
LIONHART 295/30/22,LIONHART 295/30/22,Stock item,Active,TIRES,
lionhart 295/30/26,LIONHART 295/30/26,Stock item,Active,TIRES,7.00
LIONHART 295/35/20,LIONHART 295/35/20,Stock item,Active,TIRES,2.00
LIONHART 295/35/24,LIONHART 295/35/24,Stock item,Active,TIRES,4.00
LIONHART 305/30/26,LIONHART 305/30/26,Stock item,Active,TIRES,6.00
LIONHART 305/35/22,LIONAHRT 305/35/22,Stock item,Active,TIRES,
LIONHART 305/35/24,LIONHART 305/35/24,Stock item,Active,TIRES,2.00
LIONHART 305/40/22,LIONHART 305/40/22,Stock item,Active,TIRES,8.00
LIONHART 305/45/22,LIONHART 305/45/22,Stock item,Active,TIRES,-4.00
LIONHART 35/12.5/20,LIONHART 35/12.5/20,Stock item,Active,TIRES,
LIONHART3 245/35/20,LIONHART3 245/35/20,Stock item,Active,TIRES,
LIONHART305/45/22,LIONHART 305/45/22,Stock item,Active,TIRES,3.00
LIONHEART 35/12.5/20,,Stock item,Active,TIRES,
LIONSPORT 285/55/20,LIONSPORT 285/55/20,Stock item,Active,TIRES,
locks,LOCKS BOLTS,Non-stock item,Active,,
locks - i,LOCKS BOLTS,Stock item,Inactive,,-227.00
LUG NUTS,LUG NUTS,Non-stock item,Active,,
LUG NUTS - i,,Stock item,Inactive,,"-1,226.00"
LUTON 235/40/18,LUTON 235/40/18,Stock item,Active,TIRES,
luton 265/75/16,235/75/16,Stock item,Active,TIRES,
LUX 4 CHROME 22,LUX 4 CHROME 22,Stock item,Active,WHEEL,
LUX 6 24 BLK,LUX 6 24 BLK,Stock item,Active,WHEEL,
LUX 6 BLACK/MACH,LUX 6 BLACK/ MACH,Stock item,Active,WHEEL,
LUX 7 22950,LUX 7 22950,Stock item,Active,WHEEL,
LUX 7 2495,LUX 7 2495,Stock item,Active,WHEEL,
LUX 7 BLK/MACH,LUX7 BLK/MACH,Stock item,Active,WHEEL,
LUX 7 CHROME 24,LUX 7 CHROME 24,Stock item,Active,WHEEL,
LUX 9,LUX 9,Stock item,Active,WHEEL,
mab 205/70/15,205/70/15,Stock item,Active,TIRES,
mab 215/75/15,215/75/15,Stock item,Active,TIRES,
mab 235/75/15,235/75/15,Stock item,Active,TIRES,
mab 245/70/16,245/70/16,Stock item,Active,TIRES,
mab 265/70/15,265/70/15,Stock item,Active,TIRES,
mab 265/70/17,265/70/17,Stock item,Active,TIRES,
mab 265/75/16,265/75/16,Stock item,Active,TIRES,
mab 33x12.50/15,33x12.50/15,Stock item,Active,TIRES,
mab trail 225/75/16,225/75/16,Stock item,Active,TIRES,
"MANCINI CHROME 20""","MANCINI CHROME 20""",Stock item,Active,WHEEL,
mas 215/60/15,215/60/15,Stock item,Active,TIRES,
mas/kjr 205/60/15,205/60/15,Stock item,Active,TIRES,
MASTERCRA 175/70/14,MASTERCRAFT 175/70/14,Stock item,Active,TIRES,
MASTERCRA 205/70/14,MASTERCRA 205/70/14,Stock item,Active,TIRES,
MASTERCRA 215/60/16,MASTERCRAFT 215/60/16,Stock item,Active,TIRES,
MASTERCRA 225/50/16,,Stock item,Active,TIRES,
MASTERCRA 275/60/20,MASTERCRA 275/60/20,Stock item,Active,TIRES,
MASTERCRA 285/75/16,,Stock item,Active,TIRES,
MASTERCRAF 225/55/16,MASTERCRAFT 225/55/16,Stock item,Active,TIRES,
MASTERCRAFT 175/70/1,MASTERCRAFT 175/70/14,Stock item,Active,TIRES,
mastercraft 185/65/1,master craft 185/65/14,Stock item,Active,TIRES,
mastercraft 185/70/1,master craft 185/70/14,Stock item,Active,TIRES,
MASTERCRAFT 195/60/1,MASTERCRAFT 195/60/14,Stock item,Active,TIRES,
MASTERCRAFT 195/65/1,MASTERCRAFT 195/65/15,Stock item,Active,TIRES,
MASTERCRAFT 195/70/1,MASTERCRAFT 195/70/14,Stock item,Active,TIRES,
mastercraft 195/75/1,master craft 195/75/14,Stock item,Active,TIRES,
MASTERCRAFT 205/55/1,MASTERCRAFT 205/55/16,Stock item,Active,TIRES,
MASTERCRAFT 205/75/1,MASTERCRAFT 205/75/15,Stock item,Active,TIRES,-2.00
MASTERCRAFT 215/55/1,MASTERCRAFT 215/55/16,Stock item,Active,TIRES,
MASTERCRAFT 215/60/1,MASTERCRAFT 215/60/15,Stock item,Active,TIRES,
MASTERCRAFT 215/65/1,MASTERCRAFT215/65/15,Stock item,Active,TIRES,
MASTERCRAFT 215/70/1,MASTERCRAFT 215/70/15,Stock item,Active,TIRES,
MASTERCRAFT 215/7016,MASTERCRAFT 215/70/16,Stock item,Active,TIRES,
MASTERCRAFT 215/75/1,MASTERCRAFT 215/75/15,Stock item,Active,TIRES,
MASTERCRAFT 215/85/1,MASTERCRAFT 215/85/16,Stock item,Active,TIRES,
MASTERCRAFT 225/50/1,MASTERCRAFT 225/50/17,Stock item,Active,TIRES,
MASTERCRAFT 225/55/1,MASTERCRAFT 225/55/16,Stock item,Active,TIRES,1.00
MASTERCRAFT 225/60/1,MASTERCRAFT 225/60/16,Stock item,Active,TIRES,-1.00
MASTERCRAFT 225/70/1,MASTERCRAFT 225/70/15,Stock item,Active,TIRES,
MASTERCRAFT 225/75/1,MASTERCRAFT 225/75/15,Stock item,Active,TIRES,
MASTERCRAFT 235/65/1,MASTERCRAFT 235/65/18,Stock item,Active,TIRES,
MASTERCRAFT 235/70/1,MASTERCRAFT235/70/15,Stock item,Active,TIRES,
MASTERCRAFT 235/75/1,MASTERCRAFT 235/75/15,Stock item,Active,TIRES,
MASTERCRAFT 235/85/1,MASTERCRAFT 235/85/16,Stock item,Active,TIRES,
MASTERCRAFT 245/45/1,MASTERCRAFT 245/45/19,Stock item,Active,TIRES,
MASTERCRAFT 245/60/1,MASTERCRAFT 245/60/18,Stock item,Active,TIRES,
MASTERCRAFT 245/70/1,MASTERCRAFT 245/60/15,Stock item,Active,TIRES,
MASTERCRAFT 245/75/1,MASTERCRAFT 245/75/16,Stock item,Active,PARTS,
MASTERCRAFT 255/50/2,MASTERCRAFT 255/50/20,Stock item,Active,TIRES,
MASTERCRAFT 255/60/1,MASTERCRAFT 255/60/17,Stock item,Active,TIRES,
mastercraft 255/65/1,,Stock item,Active,TIRES,
MASTERCRAFT 255/70/1,MASTERCRAFT 255/70/16,Stock item,Active,TIRES,
MASTERCRAFT 265/60/1,MASTERCRAFT 265/60/18,Stock item,Active,TIRES,
MASTERCRAFT 265/65/1,MASTERCRAFT 265/65/17,Stock item,Active,TIRES,
MASTERCRAFT 265/70/1,MASTERCRAFT 265/70/17,Stock item,Active,TIRES,2.00
MASTERCRAFT 265/75/1,MASTERCRAFT 265/75/16,Stock item,Active,TIRES,
MASTERCRAFT 275/55/2,MASTERCRAFT 275/55/20,Stock item,Active,TIRES,
MASTERCRAFT 275/60/2,MASTERCRAFT 275/60/20,Stock item,Active,TIRES,
MASTERCRAFT 275/65/1,MASTERCRAFT 275/65/18,Stock item,Active,TIRES,
MASTERCRAFT 275/70/1,MASTERCRAFT LT275/70/18,Stock item,Active,TIRES,
mastercraft 285/60/1,mastercraft 285/60/18,Stock item,Active,TIRES,
MASTERCRAFT 285/70/1,MASTERCRAFT 285/70/17,Stock item,Active,TIRES,4.00
MASTERCRAFT 295/70/1,MASTERCRAFT 295/70/17,Stock item,Active,TIRES,
MASTERCRAFT 30/9.50/,MASTERCRAFT 30/9.5/15,Stock item,Active,TIRES,
MASTERCRAFT 305/50/2,MASTERCRAFT 305/50/20,Stock item,Active,TIRES,
mastercraft 305/70/1,mastercraft 305/70/18,Stock item,Active,TIRES,
MASTERCRAFT 315/75/1,MASTERCRAFT 315/75/16,Stock item,Active,TIRES,
MASTERCRAFT 37/12.50,MASTERCRAFT 37/12.50/20,Stock item,Active,TIRES,
MASTERCRAFT 37/1250/,MASTERCRAFT 37/12.50/17,Stock item,Active,TIRES,
MASTERCRAFT LT245/75,MASTER CRAFT LT245/75/16,Stock item,Active,TIRES,
MASTERCRAFT195/60/18,MASTERCRAFT 195/60/18,Stock item,Active,TIRES,
mastercraft215/60/16,215/60/16,Stock item,Active,TIRES,
MASTERCRAFT225/55/18,MASTERCRAFT 225/55/18,Stock item,Active,TIRES,-1.00
MASTERCRAFT235/65/16,MASTERCRAFT 235/65/16,Stock item,Active,TIRES,
MASTERCRAFT235/75/15,MASTERCRAFT 235/75/15,Stock item,Active,TIRES,
MASTERCRAFT245/70/16,MASTERCRAFT 245/70/16,Stock item,Active,TIRES,
MASTERCRAFT37/12.5/1,MASTERCARFT 37/12.5/17,Stock item,Active,TIRES,
MASTERCRFT 225/60/16,,Stock item,Active,TIRES,
MASTERCRFT 225/70/14,,Stock item,Active,TIRES,
MASTERCRFT 225/70/15,MASTERCRAFT 255/70/15,Stock item,Active,TIRES,
MASTERCRFT 225/75/16,,Stock item,Active,TIRES,
MASTERCRFT 30/9.5/15,MASTERCRFT 30/9.5/15,Stock item,Active,TIRES,
MASTERCRFT 31/105/15,,Stock item,Active,TIRES,
MASTERCRFT 315/75/16,,Stock item,Active,TIRES,
MASTERTRAK 205/75/15,MASTERTRAK 205/75/15,Stock item,Active,TIRES,-2.00
MASTERTRAK 215/75/14,MASTERTRAK 215/75/14,Stock item,Active,TIRES,
MASTERTRAK 225/75/15,MASTERTRAK 225/75/15,Stock item,Active,TIRES,
MASTERTRAK 235/75/15,MASTERTARCK 235/75/15,Stock item,Active,TIRES,4.00
mastrcraft 185/70/13,master craft 185/70/13,Stock item,Active,TIRES,
mastrcraft 205/55/15,205/55/15,Stock item,Active,TIRES,
mastrcraft 205/65/15,205/65/15,Stock item,Active,TIRES,
mastrcraft 205/70/15,205/70/15,Stock item,Active,TIRES,
mastrcraft 205/75/15,205/75/15,Stock item,Active,TIRES,
mastrcraft 215/85/16,215/85/16,Stock item,Active,TIRES,
mastrcraft 225/60/16,225/60/16,Stock item,Active,TIRES,
mastrcraft 225/75/15,225/75/15,Stock item,Active,TIRES,
mastrcraft 225/75/16,225/75/16,Stock item,Active,TIRES,
mastrcraft 235/70/16,235/70/16,Stock item,Active,TIRES,
mastrcraft 235/80/16,235/70/16,Stock item,Active,TIRES,
mastrcraft 245/65/17,245/65/17,Stock item,Active,TIRES,
mastrcraft 255/55/18,mastercraft 255/55/18,Stock item,Active,TIRES,
mastrcraft 275/60/17,275/60/17,Stock item,Active,TIRES,
matrix 215/70/15,215/70/`15,Stock item,Active,TIRES,
MAXIS 185/70/13,,Stock item,Active,TIRES,
MAXIS 185/70/14,MAXIS 185/70/14,Stock item,Active,TIRES,
MAXIS 195/60/14,MAXIS 195/60/14,Stock item,Active,TIRES,-2.00
MAXIS 205/70/16,MAXIS 205/70/16,Stock item,Active,TIRES,4.00
MAXIS 225/40/18,MAXIS 225/40/18,Stock item,Active,TIRES,
MAXIS 225/45/18,MAXIS 225/45/18,Stock item,Active,TIRES,
MAXIS 225/50/18,MAXIS 225/50/18,Stock item,Active,TIRES,
MAXIS 225/75/15,MAXIS 225/75/15,Stock item,Active,TIRES,
MAXIS 245/45/18,MAXIS 245/45/18,Stock item,Active,TIRES,
MAXIS 255/65/18,MAXXIS 255/65/18,Stock item,Active,TIRES,
MAXIS 265/70/16,MAXIS 265/70/16,Stock item,Active,TIRES,
MAXIS 265/70/17,MAXIS 265/70/17,Stock item,Active,TIRES,
MAXIS 31/10.5/15,MAXIS 31/10.5/15,Stock item,Active,TIRES,
maxxis 175/70/13,175/70/13,Stock item,Active,TIRES,
MAXXIS 175/70/14,MAXXIS 175/70/14,Stock item,Active,TIRES,
maxxis 175/80/13,175/80/13,Stock item,Active,TIRES,
MAXXIS 185/60/14,MAXXIS 185/60/14,Stock item,Active,TIRES,
MAXXIS 185/60/15,MAXXIS 185/60/15,Stock item,Active,TIRES,
MAXXIS 185/70/13,MAXXIS 185/70/13,Stock item,Active,TIRES,
MAXXIS 185/70/14,MAXXIS 185/70/14,Stock item,Active,TIRES,
maxxis 185/80/13,185/80/13,Stock item,Active,TIRES,
maxxis 195/50/15,195/50/15,Stock item,Active,TIRES,
maxxis 195/50/16,195/50/16,Stock item,Active,TIRES,
MAXXIS 195/55/16,MAXXIS 195/55/16,Stock item,Active,TIRES,
MAXXIS 195/60/14,MAXXIS 195/60/14,Stock item,Active,TIRES,2.00
MAXXIS 195/60/15,MAXXIS 195/60/15,Stock item,Active,TIRES,
maxxis 205/40/16,205/40/16,Stock item,Active,TIRES,
maxxis 205/40/17,205/40/17,Stock item,Active,TIRES,
MAXXIS 205/45/16,MAXXIS 205/45/16,Stock item,Active,TIRES,
MAXXIS 205/45/17,MAXXIS 205/45/17,Stock item,Active,TIRES,
maxxis 205/50/15,205/50/15,Stock item,Active,TIRES,
maxxis 205/50/16,205/50/16,Stock item,Active,TIRES,
maxxis 205/50/17,205/50/17,Stock item,Active,TIRES,
MAXXIS 205/65/16,MAXXIS 205/65/16,Stock item,Active,TIRES,
maxxis 205/70/14,205/70/14,Stock item,Active,TIRES,
MAXXIS 205/70/16,MAXXIS 205/70/16,Stock item,Active,TIRES,-4.00
maxxis 205/75/14,205/75/14,Stock item,Active,TIRES,
maxxis 215/45/17,215/45/17,Stock item,Active,TIRES,
MAXXIS 215/45/18,MAXXIS 215/45/18,Stock item,Active,TIRES,
maxxis 215/50/17,215/50/17,Stock item,Active,TIRES,
MAXXIS 215/55/17,MAXXIS 215/55/17,Stock item,Active,TIRES,
MAXXIS 215/60/15,MAXXIS 215/60/15,Stock item,Active,TIRES,
MAXXIS 215/60/16,MAXXIS 215/60/16,Stock item,Active,TIRES,
maxxis 215/65/15,215/65/15,Stock item,Active,TIRES,
maxxis 215/70/14,215/70/14,Stock item,Active,TIRES,
maxxis 215/70/15,215/70/15,Stock item,Active,TIRES,
MAXXIS 225/40/18,MAXXIS 225/40/18,Stock item,Active,TIRES,
MAXXIS 225/40/19,MAXXIS 225/40/19,Stock item,Active,TIRES,2.00
MAXXIS 225/45/17,MAXXIS 225/45/17,Stock item,Active,TIRES,
MAXXIS 225/45/19,MAXXIS 225/45/19,Stock item,Active,TIRES,-2.00
maxxis 225/50/16,225/50/16,Stock item,Active,TIRES,
maxxis 225/50/17,225/50/17,Stock item,Active,TIRES,
MAXXIS 225/55/16,MAXXIS 225/55/16,Stock item,Active,TIRES,
maxxis 225/60/16,225/60/16,Stock item,Active,TIRES,
maxxis 225/65/15,225/65/15,Stock item,Active,TIRES,
MAXXIS 235/40/18,MAXXIS 235/40/18,Stock item,Active,TIRES,
MAXXIS 235/45/17,MAXXIS 235/45/17,Stock item,Active,TIRES,
maxxis 235/50/18,235/50/18,Stock item,Active,TIRES,
maxxis 235/55/18,235/55/18,Stock item,Active,TIRES,
MAXXIS 235/60/18,MAXXIS 235/60/18,Stock item,Active,TIRES,4.00
maxxis 235/70/16,235/70/16,Stock item,Active,TIRES,
maxxis 235/75/15,235/75/15,Stock item,Active,TIRES,
maxxis 235/80/16,235/80/16,Stock item,Active,TIRES,
MAXXIS 245/40/19,MAXXIS 245/40/19,Stock item,Active,TIRES,
maxxis 245/45/17,245/45/17,Stock item,Active,TIRES,
MAXXIS 245/60/15,MAXXIS 245/6015,Stock item,Active,TIRES,
MAXXIS 245/60/18,MAXXIS 245/60/18,Stock item,Active,TIRES,
maxxis 245/65/17,245/65/17,Stock item,Active,TIRES,
maxxis 245/70/17,245/70/17,Stock item,Active,TIRES,
MAXXIS 255/35/18,MAXXIS 255/35/18,Stock item,Active,TIRES,
MAXXIS 255/45/18,MAXXIS 255/45/18,Stock item,Active,TIRES,
MAXXIS 255/60/17,MAXXIS 255/60/17,Stock item,Active,TIRES,
maxxis 255/65/17,255/65/17,Stock item,Active,TIRES,
MAXXIS 255/65/18,MAXXIS 255/65/18,Stock item,Active,TIRES,
MAXXIS 255/70/15,MAXXIS 255/70/15,Stock item,Active,TIRES,4.00
MAXXIS 265/50/20,MAXXIS 265/50/20,Stock item,Active,TIRES,3.00
MAXXIS 265/65/17,MAXXIS 265/65/17,Stock item,Active,TIRES,
maxxis 265/70/16,265/70/16,Stock item,Active,TIRES,
maxxis 265/70/17,265/70/17,Stock item,Active,TIRES,
MAXXIS 275/40/17,MAXXIS 275/40/17,Stock item,Active,TIRES,
maxxis 275/60/15,275/60/15,Stock item,Active,TIRES,
MAXXIS 275/60/17,MAXXIS 275/60/17,Stock item,Active,TIRES,
MAXXIS 275/60/20,MAXXIS 275/60/20,Stock item,Active,TIRES,
MAXXIS 275/70/16,MAXXIS 275/70/16,Stock item,Active,TIRES,
maxxis 285/50/20,285/50/20,Stock item,Active,TIRES,
MAXXIS 295/70/17,MAXXIS LT295/70/17,Stock item,Active,TIRES,1.00
MAXXIS 30/9.50/15,MAXXIS 30/9.50/15,Stock item,Active,TIRES,
MAXXIS 325/60/20,MAXXIS 325/60/20,Stock item,Active,TIRES,
MAXXIS 37/12.50/17,MAXXIS 37/12.50/17,Stock item,Active,TIRES,
MAXXIS 38/13.5/20,MAXXIS 38/13.50/20,Stock item,Active,TIRES,
mayrun 185/65/15,185/65/15,Stock item,Active,TIRES,
mayrun 195/60/15,195/60/15,Stock item,Active,TIRES,
mayrun 195/65/15,195/65/15,Stock item,Active,TIRES,
mayrun 205/40/17,205/40/17,Stock item,Active,TIRES,
mayrun 205/55/16,205/55/16,Stock item,Active,TIRES,
mayrun 215/45/17,215/45/17,Stock item,Active,TIRES,
mayrun 215/50/17,215/50/17,Stock item,Active,TIRES,
mayrun 215/60/16,215/60/16,Stock item,Active,TIRES,
mayrun 225/40/18,225/40/18,Stock item,Active,TIRES,
mayrun 225/45/17,225/45/17,Stock item,Active,TIRES,
MAYRUN 225/50/17,MAYRUN 225/50/17,Stock item,Active,TIRES,
MAYRUN 235/65/17,235/65/18,Stock item,Active,,
mayrun 235/65/18,235/65/18,Stock item,Active,TIRES,
MAYRUN 245/40/18,MAYRUN 245/40/18,Stock item,Active,TIRES,
mayrun 245/45/18,245/45/18,Stock item,Active,TIRES,
merit 205/60/15,205/60/15,Stock item,Active,TIRES,
MICHELIN 165/80/15,165/80/15,Stock item,Active,TIRES,8.00
michelin 175/65/14,MICHELIN 175/65/14,Stock item,Active,TIRES,
MICHELIN 185/65/14,,Stock item,Active,TIRES,
MICHELIN 185/65/15,185/65/15,Stock item,Active,TIRES,
MICHELIN 195/55/16,MICHELIN 195/55/16,Stock item,Active,TIRES,
michelin 195/60/15,195/60/15,Stock item,Active,TIRES,
michelin 195/65/15,195/65/15,Stock item,Active,TIRES,
MICHELIN 195/70/14,,Stock item,Active,TIRES,
MIchelin 205/55/16,,Stock item,Active,TIRES,4.00
MICHELIN 205/60/16,MICHELIN PRIMACY MXV4,Stock item,Active,TIRES,
MICHELIN 205/65/15,MICHELIN 205/65/15,Stock item,Active,TIRES,
MICHELIN 205/65/16,MICHELIN 94S ENERGY SAVER,Stock item,Active,TIRES,
MICHELIN 215/45/17,MICHELIN 215/45/17,Stock item,Active,TIRES,
michelin 215/50/17,215/50/17,Stock item,Active,TIRES,
michelin 215/55/16,215/55/16,Stock item,Active,TIRES,
MICHELIN 215/55/17,215/55/17,Stock item,Active,TIRES,
michelin 215/60/16,215/60/16,Stock item,Active,TIRES,
MICHELIN 215/60/17,MICHELIN 215/60/17,Stock item,Active,TIRES,
michelin 215/65/16,215/65/16,Stock item,Active,TIRES,
MICHELIN 215/65/17,,Stock item,Active,TIRES,
MICHELIN 215/70/15,MICHELIN 215/70/15,Stock item,Active,TIRES,
MICHELIN 215/75/15,MICHELIN 215/75/15,Stock item,Active,TIRES,-2.00
michelin 215/85/16,215/85/16,Stock item,Active,TIRES,
MICHELIN 225/40/18,MICHELIN 225/40/18,Stock item,Active,TIRES,
MICHELIN 225/45/17,MICHELIN 225/45/17 ZP,Stock item,Active,TIRES,
MICHELIN 225/45/18,MICHELIN 225/45/18,Stock item,Active,TIRES,
MICHELIN 225/45/19,MICHELIN 225/45/19,Stock item,Active,TIRES,
michelin 225/50/16,225/50/16,Stock item,Active,TIRES,
MICHELIN 225/50/17,MICHELIN 225/50/17,Stock item,Active,TIRES,
MICHELIN 225/50/18,MICHELIN 225/50/18,Stock item,Active,TIRES,
MICHELIN 225/55/16,MICHELIN 225/55/16,Stock item,Active,TIRES,
MICHELIN 225/55/17,MICHELIN 225/55/17,Stock item,Active,TIRES,
MICHELIN 225/55/18,MICHELIN 225/55/18,Stock item,Active,TIRES,
MICHELIN 225/55/19,MICHELIN 225/55/19,Stock item,Active,TIRES,
michelin 225/60/16,225/60/16,Stock item,Active,TIRES,
MICHELIN 225/60/17,MICHELIN 225/60/17,Stock item,Active,TIRES,
MICHELIN 225/60/18,MICHELIN 225/60/18,Stock item,Active,TIRES,
MICHELIN 225/65/16,,Stock item,Active,TIRES,
MICHELIN 225/65/17,MICHELIN 225/65/17,Stock item,Active,TIRES,8.00
michelin 225/70/16,225/70/16,Stock item,Active,TIRES,
MICHELIN 225/75/16,225/75/16,Stock item,Active,TIRES,
michelin 235/45/17,,Stock item,Active,TIRES,
MICHELIN 235/45/18,MICHELIN 235/45/18,Stock item,Active,TIRES,-2.00
MICHELIN 235/50/17,MICHELIN 235/50/17,Stock item,Active,TIRES,-4.00
MICHELIN 235/50/18,MICELIN 235/50/18,Stock item,Active,TIRES,
MICHELIN 235/50/19,,Stock item,Active,TIRES,
MICHELIN 235/55/18,MICHELIN 235//55/18,Stock item,Active,TIRES,
MICHELIN 235/55/19,MICHELIN 235/55/19,Stock item,Active,TIRES,
MICHELIN 235/55/20,235//55/20,Stock item,Active,TIRES,
michelin 235/60/16,235/60/16,Stock item,Active,TIRES,
MICHELIN 235/60/18,,Stock item,Active,TIRES,
michelin 235/65/16,235/65/16,Stock item,Active,TIRES,
michelin 235/65/17,235/65/17,Stock item,Active,TIRES,
michelin 235/65/18,MICHELIN 235/65/18,Stock item,Active,TIRES,
michelin 235/70/16,235/70/16,Stock item,Active,TIRES,
MICHELIN 235/75/15,,Stock item,Active,TIRES,
MICHELIN 235/80/17,,Stock item,Active,TIRES,
MICHELIN 235/85/16,MICHELIN COURSER R/D 120N,Stock item,Active,TIRES,
MICHELIN 245/35/18,MICHELIN 245/35/18,Stock item,Active,TIRES,
MICHELIN 245/35/19,MICHELIN 245/35/19,Stock item,Active,TIRES,
michelin 245/40/17,245/40/17,Stock item,Active,TIRES,
MICHELIN 245/40/18,MICHELIN 245/40/18,Stock item,Active,TIRES,4.00
MICHELIN 245/40/19,MICHELIN 245/40/19,Stock item,Active,TIRES,
MICHELIN 245/45/18,MICHELIN 245/45/18,Stock item,Active,TIRES,
MICHELIN 245/45/19,MICHELIN 245/45/19,Stock item,Active,TIRES,
MICHELIN 245/50/17,MICHELIN 245/50/17,Stock item,Active,TIRES,
MICHELIN 245/50/20,MICHELIN 245/50/20,Stock item,Active,TIRES,
michelin 245/60/17,245/60/17,Stock item,Active,TIRES,
michelin 245/60/18,245/60/18,Stock item,Active,TIRES,
michelin 245/65/17,245/65/17,Stock item,Active,TIRES,
MICHELIN 245/70/17,MICHELIN 245/70/17,Stock item,Active,TIRES,
MICHELIN 245/75/16,MICHELIN LT245/75/16,Stock item,Active,TIRES,-4.00
MICHELIN 255/35/18,,Stock item,Active,TIRES,
MICHELIN 255/35/19,MICHELIN 255/35/19,Stock item,Active,TIRES,2.00
michelin 255/40/19,255/40/19,Stock item,Active,TIRES,
michelin 255/45/18,MICHELIN 255/45/18,Stock item,Active,TIRES,
michelin 255/50/19,255/50/19,Stock item,Active,TIRES,
MICHELIN 255/50/20,MICHELIN 255/50/20,Stock item,Active,TIRES,
MICHELIN 255/55/18,255/55/18,Stock item,Active,TIRES,
michelin 255/60/19,255/60/19,Stock item,Active,TIRES,4.00
michelin 255/65/16,255/65/16,Stock item,Active,TIRES,
MICHELIN 255/70/16,MICHELIN 255/70/16,Stock item,Active,TIRES,
MICHELIN 255/70/17,MICHELIN 255/70/17,Stock item,Active,TIRES,
michelin 255/70/18,255/70/18,Stock item,Active,TIRES,
MICHELIN 265/45/18,MICHELIN 265/45/18,Stock item,Active,TIRES,
MICHELIN 265/50/19,MICHELIIN 265/50/19,Stock item,Active,TIRES,
MICHELIN 265/60/18,MICHELIN 265/60/18,Stock item,Active,TIRES,2.00
MICHELIN 265/65/17,MICHELIN 265/65/17,Stock item,Active,TIRES,
michelin 265/65/18,265/65/18,Stock item,Active,TIRES,6.00
MICHELIN 265/70/16,MICHELIN 265/70/16,Stock item,Active,TIRES,
michelin 265/70/17,265/70/17,Stock item,Active,TIRES,2.00
MICHELIN 265/75/16,265/75/16,Stock item,Active,TIRES,2.00
MICHELIN 275/30/19,MICHELIN 275/30/19,Stock item,Active,TIRES,
MICHELIN 275/35/19,MICHELIN 275/35/19,Stock item,Active,TIRES,2.00
MICHELIN 275/35/20,MICHELIN 275/35/20,Stock item,Active,TIRES,
michelin 275/40/19,275/40/19,Stock item,Active,TIRES,
MICHELIN 275/40/20,,Stock item,Active,TIRES,
MICHELIN 275/50/22,MICHELIN 275/50/22,Stock item,Active,TIRES,
MICHELIN 275/55/19,MICHELIN 275/55/19,Stock item,Active,TIRES,
MICHELIN 275/55/20,MICHELIN 275/55/20,Stock item,Active,TIRES,4.00
MICHELIN 275/60/20,MICHELIN 275/60/20,Stock item,Active,TIRES,
MICHELIN 275/65/18,MICHELIN 275/65/18,Stock item,Active,TIRES,4.00
MICHELIN 275/65/20,MICHELIN 275/65/20,Stock item,Active,TIRES,
MICHELIN 275/70/18,MICHELIN LT275/70/18,Stock item,Active,TIRES,
michelin 285/30/19,285/30/19,Stock item,Active,TIRES,
MICHELIN 285/35/18,MICHELIN 285/35/18,Stock item,Active,TIRES,
michelin 285/35/19,285/35/19,Stock item,Active,TIRES,
michelin 285/45/19,285/45/19,Stock item,Active,TIRES,
MICHELIN 285/65/18,MICHELIN 285/65/18,Stock item,Active,TIRES,
MICHELIN 295/70/18,MICHELIN 295/70/18,Stock item,Active,TIRES,
MICHELIN 305/45/22,MICELEIN 305/45/22,Stock item,Active,TIRES,
MICHELIN 31/1050/15,,Stock item,Active,TIRES,
michelin 335/25/20,335/25/20,Stock item,Active,TIRES,
michelin LT265/75/16,,Stock item,Active,TIRES,
MICKEY 235/60/15,MICKEY 235/60/15,Stock item,Active,TIRES,
MICKEY 255/60/15,MICKEY THOMPSON 255/60/15,Stock item,Active,TIRES,
MICKEY 255/70/16,MICKEY 255/70/16,Stock item,Active,TIRES,
mickey 26/12.50/15,26/12.50/15,Stock item,Active,TIRES,
MICKEY 265/70/17,MICKEY 265/70/17,Stock item,Active,TIRES,
MICKEY 265/75/16,MICKEY 265/75/16,Stock item,Active,TIRES,
mickey 275/60/20,275/60/20,Stock item,Active,TIRES,
MICKEY 275/65/20,MICKEY 275/65/20,Stock item,Active,TIRES,
MICKEY 275/70/18,MICKEY 275/70/18,Stock item,Active,TIRES,4.00
MICKEY 285/55/20,MICKEY LT285/55/20,Stock item,Active,TIRES,
MICKEY 285/75/16,MICKEY 285/75/16,Stock item,Active,TIRES,-4.00
MICKEY 305/55/20,MICKEY 305/55/20,Stock item,Active,TIRES,
MICKEY 305/60/18,MICKEY 305/60/18,Stock item,Active,TIRES,
MICKEY 305/65/17,MICKEY 305/65/17,Stock item,Active,TIRES,
MICKEY 31/10.50/15,MICKEY THOMPSON 31/10.50/15,Stock item,Active,TIRES,4.00
MICKEY 315/70/17,MICKET LT315/70/17,Stock item,Active,TIRES,
MICKEY 315/75/16,MICKEY LT315/75/16,Stock item,Active,TIRES,2.00
MICKEY 33/12.50/15,MICKEY 33/12.50/15,Stock item,Active,TIRES,
MICKEY 33/12.50/17,MICKEY 33/12.50/17,Stock item,Active,TIRES,
MICKEY 33/12.50/20,MICKEY 33/12.50/20,Stock item,Active,TIRES,4.00
mickey 33/15.50/15,33/15.50/15,Stock item,Active,TIRES,
MICKEY 35/12.5/20,MICKY 35/12.5/20,Stock item,Active,TIRES,
MICKEY 35/1250/15,M/T BAJA CLAW M/T,Stock item,Active,TIRES,
mickey 35/1250/20,,Stock item,Active,TIRES,
MICKEY 35/15.50/20,MICKEY 35/15.50/20,Stock item,Active,TIRES,
MICKEY 37/13.50/18,MICKEY 37/13.50/18,Stock item,Active,TIRES,
MICKEY 37/13.50/22,MICKY 37/13.50/22,Stock item,Active,TIRES,
MICKEY LT265/65/17,MICKEY LT265/65/17,Stock item,Active,TIRES,
mickey lt265/70/17,265/70/17,Stock item,Active,TIRES,
MICKEY LT285/75/16,MICKEY LT285/75/16,Stock item,Active,TIRES,
MILE710 215/60/16,MILESTAR 215/60/16,Stock item,Active,TIRES,6.00
MILE710 225/60/18,MILESTAR 225/60/18,Stock item,Active,TIRES,4.00
MILE710 225/65/17,MILESTAR 225/65/17,Stock item,Active,TIRES,
MILE710 235/45/18,MILESTAR 235/45/18,Stock item,Active,TIRES,4.00
MILE810 225/40/18,MILESTAR 225/40/18,Stock item,Active,TIRES,4.00
MILE810 235/40/19,MILESTAR 235/40/19,Stock item,Active,TIRES,3.00
MILE810 255/45/20,MILESTAR 255/45/20,Stock item,Active,TIRES,4.00
MILESTA710 205/55/16,MILESTAR 205/55/16,Stock item,Active,TIRES,2.00
MILESTA710 215/45/17,MILESTAR 215/45/17,Stock item,Active,TIRES,
MILESTA710 215/50/17,MILESTAR 215/50/17,Stock item,Active,TIRES,8.00
MILESTA710 225/65/17,MILESTAR 225/65/17,Stock item,Active,TIRES,4.00
MILESTA710 245/45/20,MILESTAR 245/45/20,Stock item,Active,TIRES,4.00
milestar 155/80/13,155/80/13,Stock item,Active,TIRES,8.00
MILESTAR 175/65/14,MILESTAR 175/65/14,Stock item,Active,TIRES,
MILESTAR 175/80/13,MILESTAR 175/80/13,Stock item,Active,TIRES,
MILESTAR 185/60/15,MILESTAR 185/60/15,Stock item,Active,TIRES,7.00
MILESTAR 185/65/14,MILESTAR 185/65/14,Stock item,Active,TIRES,
MILESTAR 185/65/15,MILESTAR 185/65/15,Stock item,Active,TIRES,5.00
MILESTAR 185/75/14,MILESTAR 185/75/14,Stock item,Active,TIRES,
MILESTAR 195/60/15,MILESTAR 195/60/15,Stock item,Active,TIRES,4.00
MILESTAR 195/65/15,MILESTAR 195/65/15,Stock item,Active,TIRES,2.00
MILESTAR 195/75/14,MILESTAR 195/75/14,Stock item,Active,TIRES,
MILESTAR 205/40/17,MILESTAR 205/40/17,Stock item,Active,TIRES,
MILESTAR 205/45/17,MILESTAR 205/45/17,Stock item,Active,TIRES,
MILESTAR 205/50/17,MILESTAR 205/50/17,Stock item,Active,TIRES,
MILESTAR 205/55/16,MILESTAR 205/55/16,Stock item,Active,TIRES,4.00
MILESTAR 205/60/15,MILESTAR 205/60/15,Stock item,Active,TIRES,8.00
MILESTAR 205/60/16,MILESTAR 205/60/16,Stock item,Active,TIRES,12.00
MILESTAR 205/65/15,MILESTAR 205/65/15,Stock item,Active,TIRES,1.00
MILESTAR 205/65/16,MILESTAR 205/65/16,Stock item,Active,TIRES,11.00
MILESTAR 205/70/15,MILESTAR 205/70/15,Stock item,Active,TIRES,
MILESTAR 205/75/14,MILESTAR 205/75/14,Stock item,Active,TIRES,-2.00
MILESTAR 215/45/17,MILESTAR 215/45/17,Stock item,Active,TIRES,26.00
MILESTAR 215/50/17,MILESTAR 215/50/17,Stock item,Active,TIRES,4.00
MILESTAR 215/55/16,MILESTAR 215/55/16,Stock item,Active,TIRES,13.00
MILESTAR 215/55/17,MILESTAR 215/55/17,Stock item,Active,TIRES,22.00
MILESTAR 215/60/16,MILESTAR 215/60/16,Stock item,Active,TIRES,32.00
MILESTAR 215/60/17,MILESTAR 215/60/17,Stock item,Active,TIRES,5.00
MILESTAR 215/65/15,MILESTAR 215/65/15,Stock item,Active,TIRES,4.00
MILESTAR 215/65/16,MILESTAR 215/65/16,Stock item,Active,TIRES,13.00
MILESTAR 215/65/17,MILESTAR 215/65/17,Stock item,Active,TIRES,3.00
MILESTAR 215/70/14,MILESTAR 215/70/14,Stock item,Active,TIRES,
MILESTAR 215/70/15,MILESTAR 215/70/15,Stock item,Active,TIRES,
MILESTAR 215/70/16,MILESTAR 215/70/16,Stock item,Active,TIRES,
MILESTAR 215/75/15,MILESTAR 215/75/15,Stock item,Active,TIRES,
MILESTAR 215/85/16,215/85/16,Stock item,Active,TIRES,
MILESTAR 225/40/18,MILESTAR 225/40/18,Stock item,Active,TIRES,14.00
MILESTAR 225/45/17,MILESTAR 225/45/17,Stock item,Active,TIRES,14.00
MILESTAR 225/45/18,MILESTAR 225/45/18,Stock item,Active,TIRES,12.00
MILESTAR 225/50/17,MILESTAR 225/50/17,Stock item,Active,TIRES,23.00
MILESTAR 225/50/18,MILESTAR 225/50/18,Stock item,Active,TIRES,2.00
MILESTAR 225/55/17,MILESTAR 225/55/17,Stock item,Active,TIRES,4.00
milestar 225/55/18,225/55/18,Stock item,Active,TIRES,
MILESTAR 225/55/19,MILESTAR 225/55/19,Stock item,Active,TIRES,
MILESTAR 225/60/16,MILESTAR 225/60/16,Stock item,Active,TIRES,6.00
MILESTAR 225/60/17,MILESTAR 225/60/17,Stock item,Active,TIRES,5.00
MILESTAR 225/60/18,MILESTAR 225/60/18,Stock item,Active,TIRES,3.00
MILESTAR 225/65/16,MILESTAR 225/65/16,Stock item,Active,TIRES,
MILESTAR 225/65/17,MILESTAR 225/65/17,Stock item,Active,TIRES,10.00
MILESTAR 225/70/14,MILESTAR 225/70/14,Stock item,Active,TIRES,
MILESTAR 225/70/15,MILESTAR 225/70/15,Stock item,Active,TIRES,
milestar 225/70/16,MILESTAR 225/70/16,Stock item,Active,TIRES,
MILESTAR 225/70/19.5,MILESTAR 225/70/19.50,Stock item,Active,TIRES,5.00
MILESTAR 225/75/15,MILESTAR 225/75/15,Stock item,Active,TIRES,-2.00
milestar 225/75/16,225/75/16,Stock item,Active,TIRES,13.00
MILESTAR 226/60/16,MILESTAR 225/60/16,Stock item,Active,TIRES,
MILESTAR 235/35/19,MILESTAR 235/35/19,Stock item,Active,TIRES,
MILESTAR 235/40/18,MILESTAR 235/40/18,Stock item,Active,TIRES,4.00
MILESTAR 235/40/19,MILESTAR 235/40/19,Stock item,Active,TIRES,9.00
MILESTAR 235/45/17,MILESTAR 235/45/17,Stock item,Active,TIRES,
MILESTAR 235/45/18,MILESTAR 235/45/18,Stock item,Active,TIRES,12.00
MILESTAR 235/50/17,MILESTAR 235/50/17,Stock item,Active,TIRES,8.00
MILESTAR 235/50/18,MILESTAR 235/50/18,Stock item,Active,TIRES,7.00
MILESTAR 235/50/19,MILESTAR 235/50/19,Stock item,Active,TIRES,4.00
MILESTAR 235/55/17,MILESTAR 235/55/17,Stock item,Active,TIRES,5.00
MILESTAR 235/55/18,MILESTAR 235/55/18,Stock item,Active,TIRES,4.00
MILESTAR 235/55/19,MILESTAR 235/55/19,Stock item,Active,TIRES,5.00
MILESTAR 235/55/20,MILESTAR 235/55/20,Stock item,Active,TIRES,-4.00
MILESTAR 235/60/15,,Stock item,Active,,
MILESTAR 235/60/16,MILESTAR 235/60/16,Stock item,Active,TIRES,
MILESTAR 235/60/17,MILESTAR 235/60/17,Stock item,Active,TIRES,3.00
MILESTAR 235/60/18,MILESTAR 235/60/18,Stock item,Active,TIRES,8.00
MILESTAR 235/65/16,MILESTAR 235/65/16,Stock item,Active,TIRES,-4.00
MILESTAR 235/65/17,235/65/17,Stock item,Active,TIRES,8.00
MILESTAR 235/65/18,MILESTAR 235/65/18,Stock item,Active,TIRES,8.00
milestar 235/70/16,235/70/16,Stock item,Active,TIRES,2.00
milestar 235/75/15,235/75/15,Stock item,Active,TIRES,19.00
MILESTAR 235/75/17,MILESTAR 235/75/17,Stock item,Active,TIRES,
MILESTAR 235/85/16,MILESTAR 235/85/16,Stock item,Active,TIRES,
MILESTAR 245/30/22,MILESTAR 245/30/22,Stock item,Active,TIRES,4.00
MILESTAR 245/40/18,MILESTAR 245/40/18,Stock item,Active,TIRES,2.00
MILESTAR 245/40/19,MILESTAR 245/40/19,Stock item,Active,TIRES,6.00
MILESTAR 245/40/20,MILESTAR 245/40/20,Stock item,Active,TIRES,16.00
MILESTAR 245/45/17,MILESTAR 245/45/17,Stock item,Active,TIRES,2.00
MILESTAR 245/45/18,MILESTAR 245/45/18,Stock item,Active,TIRES,14.00
MILESTAR 245/45/19,MILESTAR 245/45/19,Stock item,Active,TIRES,14.00
MILESTAR 245/45/20,MILESTAR 245/45/20,Stock item,Active,TIRES,7.00
MILESTAR 245/50/16,MILESTAR 245/50/16,Stock item,Active,TIRES,
MILESTAR 245/50/20,MILESTAR 245/50/20,Stock item,Active,TIRES,8.00
MILESTAR 245/55/18,MILESTAR 245/55/18,Stock item,Active,TIRES,
MILESTAR 245/55/19,MILESTAR 245/55/19,Stock item,Active,TIRES,4.00
MILESTAR 245/60/15,MILESTAR 245/60/15,Stock item,Active,TIRES,
MILESTAR 245/60/18,MILESTAR 245/60/18,Stock item,Active,TIRES,4.00
MILESTAR 245/65/17,MILESTAR 245/65/17,Stock item,Active,TIRES,12.00
MILESTAR 245/65/18,MILESTAR 245/65/18,Stock item,Active,TIRES,
milestar 245/70/16,MILESTAR 245/70/16,Stock item,Active,TIRES,3.00
MILESTAR 245/70/17,MILESTAR 245/70/17,Stock item,Active,TIRES,9.00
MILESTAR 245/75/16,MILESTAR 245/75/16,Stock item,Active,TIRES,4.00
MILESTAR 245/75/17,MILESTAR 245/75/17,Stock item,Active,TIRES,1.00
MILESTAR 255/30/22,MILESTAR 255/30/22,Stock item,Active,TIRES,7.00
MILESTAR 255/35/18,MILESTAR 255/35/18,Stock item,Active,TIRES,
MILESTAR 255/35/20,MILESTAR 255/35/20,Stock item,Active,TIRES,
MILESTAR 255/45/19,MILESTAR 255/45/19,Stock item,Active,TIRES,4.00
MILESTAR 255/45/20,MILESTAR 255/45/20,Stock item,Active,TIRES,3.00
MILESTAR 255/50/19,MILESTAR 255/50/19,Stock item,Active,TIRES,
milestar 255/50/20,MILESTAR 255/50/20,Stock item,Active,TIRES,12.00
milestar 255/55/18,255/55/18,Stock item,Active,TIRES,
MILESTAR 255/55/20,,Stock item,Active,TIRES,6.00
MILESTAR 255/60/19,MILESTAR 255/60/19,Stock item,Active,TIRES,12.00
MILESTAR 255/65/18,MILESTAR 255/65/18,Stock item,Active,TIRES,
MILESTAR 255/70/15,MILESTAR 255/70/15,Stock item,Active,TIRES,
MILESTAR 255/70/16,MILESTAR 255/70/16,Stock item,Active,TIRES,
MILESTAR 255/75/15,MILESTAR 255/75/15,Stock item,Active,TIRES,1.00
MILESTAR 265/35/22,MILESTAR 265/35/22,Stock item,Active,TIRES,36.00
MILESTAR 265/45/20,MILESTAR 265/45/20,Stock item,Active,TIRES,
MILESTAR 265/50/19,MILESTAR 265/50/19,Stock item,Active,TIRES,
MILESTAR 265/50/20,MILESTAR 265/50/20,Stock item,Active,TIRES,8.00
MILESTAR 265/60/18,,Stock item,Active,TIRES,
MILESTAR 265/65/17,MILESTAR 265/65/17,Stock item,Active,TIRES,8.00
MILESTAR 265/65/18,MILESTAR 265/65/18,Stock item,Active,TIRES,4.00
MILESTAR 265/70/16,MILESTAR 265/70/16,Stock item,Active,TIRES,4.00
MILESTAR 265/70/17,MILESTAR 265/70/17,Stock item,Active,TIRES,-2.00
MILESTAR 265/70/18,MILESTAR 265/70/18,Stock item,Active,TIRES,
MILESTAR 265/75/16,MILESTAR 265/75/16,Stock item,Active,TIRES,
MILESTAR 275/40/19,MILESTAR 275/40/19,Stock item,Active,TIRES,1.00
MILESTAR 275/40/20,MILESTAR 275/40/20,Stock item,Active,TIRES,14.00
MILESTAR 275/45/20,MILESTAR 275/45/20,Stock item,Active,TIRES,
MILESTAR 275/55/20,MILESTAR 275/55/20,Stock item,Active,TIRES,27.00
MILESTAR 275/60/15,MILESTAR 275/60/15,Stock item,Active,TIRES,8.00
MILESTAR 275/60/20,MILESTAR 275/60/20,Stock item,Active,TIRES,10.00
MILESTAR 275/65/18,MILESTAR 275/65/18,Stock item,Active,TIRES,4.00
MILESTAR 275/65/20,MILESTAR 275/65/20,Stock item,Active,TIRES,4.00
MILESTAR 275/70/17,MILESTAR LT275/70/17,Stock item,Active,TIRES,
MILESTAR 275/70/18,MILESTAR 275/70/18,Stock item,Active,TIRES,4.00
MILESTAR 285/45/22,MILESTAR 285/45/22,Stock item,Active,TIRES,
MILESTAR 285/55/20,MILESTAR 285/55/20,Stock item,Active,TIRES,12.00
MILESTAR 285/65/18,MILESTAR 285/65/18,Stock item,Active,TIRES,
MILESTAR 285/70/17,MILESTAR 285/70/17,Stock item,Active,TIRES,6.00
MILESTAR 285/75/16,MILESTAR LT285/75/16,Stock item,Active,TIRES,-6.00
MILESTAR 295/50/15,MILESTAR 295/50/15,Stock item,Active,TIRES,
MILESTAR 305/40/22,MILESTAR 305/40/22,Stock item,Active,TIRES,4.00
MILESTAR 305/55/20,MILESTAR 305/55/20,Stock item,Active,TIRES,14.00
MILESTAR 305/7/16,MILESTAR 305/70/16,Stock item,Active,TIRES,
MILESTAR 31/10.50/15,MILESTAR 31/10.50/15,Stock item,Active,TIRES,
MILESTAR 31/1050/15,MILESTAR 31/10.50/15,Stock item,Active,TIRES,
MILESTAR 315/70/17,MILESTAR 315/70/17,Stock item,Active,TIRES,
MILESTAR 33/12.5/20,MILESTAR 33/12.50/20,Stock item,Active,TIRES,6.00
MILESTAR 33/12.50/15,MILESTAR 33/12.50/15,Stock item,Active,TIRES,
MILESTAR 33/12.50/18,MILESTAR 33/12.50/18,Stock item,Active,TIRES,
MILESTAR 33/12.50/20,MILESTAR 33/12.50/20,Stock item,Active,TIRES,-4.00
MILESTAR 33/12.50/22,MILESTAR 33/12.50/22,Stock item,Active,TIRES,
MILESTAR 35/12.5/17,MILESTAR 35/12.5/17,Stock item,Active,TIRES,-4.00
MILESTAR 35/12.5/18,MILESTAR 35/12.5/18,Stock item,Active,TIRES,4.00
MILESTAR 35/12.5/20,MILESTAR 35/12.5/20,Stock item,Active,TIRES,2.00
MILESTAR 35/12.5/22,MILESTAR 35/12.50/22,Stock item,Active,TIRES,4.00
MILESTAR 35/12.50/15,MILESTAR 35/12.50/15,Stock item,Active,TIRES,
MILESTAR 35/12.50/17,MILESTAR 35/12.50/17,Stock item,Active,TIRES,4.00
MILESTAR 35/12.50/18,MILESTAR 35/12.50/18,Stock item,Active,TIRES,-4.00
MILESTAR 35/12.50/20,MILESTAR 35/12.50/20,Stock item,Active,TIRES,9.00
MILESTAR 35X12.50X20,MILESTAR 35X12.50X20,Stock item,Active,TIRES,
MILESTAR 37/12.50/20,MILESTAR 37/12.50/20,Stock item,Active,TIRES,4.00
MILESTAR 37/13.50/20,MILESTAR 37/12.50/20,Stock item,Active,TIRES,
MILESTAR 37/13.50/22,MILESTAR 37/13.50/22,Stock item,Active,TIRES,
MILESTAR ATR LT245/7,MILESTAR ATR LT245/75/16,Stock item,Active,TIRES,
MILESTAR LT215/85/16,MILESTAR LT215/85/16,Stock item,Active,TIRES,
MILESTAR LT235/75/15,MILESTAR LT 235/75/15,Stock item,Active,TIRES,
MILESTAR LT235/85/16,MILESTAR LT235/85/16,Stock item,Active,TIRES,
MILESTAR LT245/75/16,MILESTAR LT245/75/16,Stock item,Active,TIRES,7.00
MILESTAR LT265/70/17,MILESTAR LT265/70/17,Stock item,Active,TIRES,-4.00
MILESTAR LT265/75/16,MILESTAR LT265/75/16,Stock item,Active,TIRES,4.00
MILESTAR LT275/65/20,MILESTAR LT275/65/20,Stock item,Active,TIRES,4.00
MILESTAR M/T 305/55/,MILESTAR M/T 305/55/20,Stock item,Active,TIRES,4.00
MILESTAR XT305/55/20,MILESTAR XT305/55/20,Stock item,Active,TIRES,
MILESTARW 215/60/16,MILESTAR 215/60/16,Stock item,Active,TIRES,
MINOS 185/65/15,MINOS 185/65/15,Stock item,Active,TIRES,
MINOS 195/60/15,MINOS 195/60/15,Stock item,Active,TIRES,
MINOS 205/50/16,MINOS 205/50/16,Stock item,Active,TIRES,
MINOS 205/50/17,,Stock item,Active,TIRES,
MINOS 205/55/16,205/55/16,Stock item,Active,TIRES,
MINOS 205/70/15,205/70/15,Stock item,Active,TIRES,
minos 215/50/17,minos 215/50/17,Stock item,Active,TIRES,
MINOS 215/55/17,MINOS 215/55/17,Stock item,Active,TIRES,
MINOS 225/40/18,,Stock item,Active,TIRES,
MINOS 225/55/17,MINOS 225/55/17,Stock item,Active,TIRES,
MINOS 225/60/16,MINOS 225/60/16,Stock item,Active,TIRES,
MINOS ST225/75/15,MINOS ST225/75/15,Stock item,Active,TIRES,
MIRADA 225/50/18,MIRADA 225/50/18,Stock item,Active,TIRES,
MIRADA 225/60/18,MIRADA 225/60/18,Stock item,Active,TIRES,
MIRADA 235/50/18,MIRADA 235/50/18,Stock item,Active,TIRES,
MIRADA 235/60/16,MIRADA 235/60/16,Stock item,Active,TIRES,1.00
MIRADA 245/40/17,MIRADA 245/40/17,Stock item,Active,TIRES,
MIRADA 245/45/17,MIRADA 245/45/17,Stock item,Active,TIRES,4.00
MIRDA 205/65/15,MIRDA 205/65/15,Stock item,Active,TIRES,
MIRDA 235/50/18,MIRDA 235/50/18,Stock item,Active,TIRES,
MIRDA 245/45/17,MIRDA 245/45/17,Stock item,Active,TIRES,
MIRDA 245/50/16,MIRDA 245/50/16,Stock item,Active,TIRES,
MIRIDA 215/45/18,MIRIDA 215/45/18,Stock item,Active,TIRES,
MISCELLANEOUS,MISCELLANEOUS,Non-stock item,Active,,
MISCELLANEOUS-i,MISCELLANEOUS,Stock item,Inactive,,"-1,013.50"
MITAS,MITAS 48080R42,Stock item,Active,,
MITAS 480/80/46,MITAS 480/80/46,Stock item,Active,,
mohawk 255/70/15,255/70/15,Stock item,Active,TIRES,
MOUNT,MOUNT AND BALANCE,Stock item,Active,,-529.00
MUD CLAW 30X9.50R15L,MUD CLAW 30/9.50/15,Stock item,Active,TIRES,2.00
MUDCHAMP 33/12.5/20,MUDHCAMP 33/12.5/20,Stock item,Active,TIRES,
MUDCLAW 265/70/16,MUDCLAW 265/70/16,Stock item,Active,TIRES,
MUDCLAW 265/70/17,MUDCLAW 265/70/17,Stock item,Active,TIRES,
MUDCLAW 265/75/16,MUDCLAW 265/75/16,Stock item,Active,TIRES,4.00
MUDCLAW 275/70/18,MUDCLAW 275/70/18,Stock item,Active,TIRES,
MUDCLAW 285/75/16,MUDCLAW 285/75/16,Stock item,Active,TIRES,
MUDCLAW 295/70/17,MUDCLAW 295/70/17,Stock item,Active,TIRES,1.00
MUDCLAW 31/10.50/15,MUDCLAW 31/10.50/15,Stock item,Active,TIRES,
MUDCLAW 33/12.50/20,MUDCLAW 33/12.50/20,Stock item,Active,TIRES,
MUDCLAW 35/12.5/20,MUDCLAW 35/12.5/20,Stock item,Active,TIRES,4.00
MUDCLAW 35/12.50/20,MUDCLAW 35/12.50/20,Stock item,Active,TIRES,8.00
MUDCLAW LT285/70/17,MUDCLAW LT285/70/17,Stock item,Active,TIRES,
mudking 235/75/15,235/75/15,Stock item,Active,TIRES,
MULTIMILE 195/60/15,MULTIMILE 195/60/15,Stock item,Active,TIRES,
MULTIMILE 215/70/15,,Stock item,Active,TIRES,
MULTIMILE 215/70/16,MULTIMILE 215/70/16,Stock item,Active,TIRES,
multimile 225/75/16,225/75/16,Stock item,Active,TIRES,
MULTIMILE 235/65/16,MULTIMILE 235/65/16,Stock item,Active,TIRES,
MULTIMILE 265/75/16,MULTIMILE 265/75/16,Stock item,Active,TIRES,
MUTANT 265/65/18,MUTANT 265/65/18,Stock item,Active,TIRES,4.00
MV 225/35/19,MV 225/35/19,Stock item,Active,TIRES,
NANKANG 195/50/16,NANKANG 195/60/16,Stock item,Active,TIRES,4.00
nankang 205/40/17,205/40/17,Stock item,Active,TIRES,
nankang 215/45/17,215/45/17,Stock item,Active,TIRES,
nankang 225/30/20,225/30/20,Stock item,Active,TIRES,
nankang 225/40/18,225/40/18,Stock item,Active,TIRES,
NANKANG 225/45/19,NANKANG 225/45/19,Stock item,Active,TIRES,
NANKANG 245/30/20,NANKANG 245/30/20,Stock item,Active,TIRES,
nankang 245/40/18,245/40/18,Stock item,Active,TIRES,
nankang 245/45/17,245/45/17,Stock item,Active,TIRES,
nankang 255/30/22,255/30/22,Stock item,Active,TIRES,
nankang 255/35/20,255/35/20,Stock item,Active,TIRES,
nankang 265/35/22,265/35/22,Stock item,Active,TIRES,
NANKANG 265/45/20,NANKANG 265/45/20,Stock item,Active,TIRES,
NANKANG 275/40/20,NANKANG 275/40/20,Stock item,Active,TIRES,
NANKANG 275/55/20,NANKANG 275/55/20,Stock item,Active,TIRES,
NANKANG 285/45/22,NANKANG 285/45/22,Stock item,Active,TIRES,
NANKANG 285/50/20,,Stock item,Active,TIRES,
NANKANG 285/75/16,NANKANG 285/75/16,Stock item,Active,TIRES,
nankang 295/35/24,295/35/24,Stock item,Active,TIRES,
nankang 295/45/20,295/45/20,Stock item,Active,TIRES,
nankang 305/35/24,305/35/24,Stock item,Active,TIRES,
nankang 305/40/22,305/40/22,Stock item,Active,TIRES,6.00
NANKANG 305/45/22,NANKANG 305/45/22,Stock item,Active,TIRES,
NANKANG 305/50/20,NANKANG 305/50/20,Stock item,Active,TIRES,
NATIONAL 175/80/13,NATIONAL 175/80/13,Stock item,Active,TIRES,
NATIONAL 185/80/13,NATIONAL ST185/80/13,Stock item,Active,TIRES,
NATIONAL 205/75/14,NATIONAL ST205/75/14,Stock item,Active,TIRES,
NATIONAL 205/75/15,NATIONAL ST205/75/15,Stock item,Active,TIRES,
NATIONAL 215/65/16,NATIONAL 215/65/16,Stock item,Active,TIRES,
NATIONAL 215/75/14,NATIONAL ST215/75/14,Stock item,Active,TIRES,1.00
NATIONAL 225/55/18,NATIONAL 225/55/18,Stock item,Active,TIRES,
NATIONAL 245/50/20,NATIONAL 245/50/20,Stock item,Active,TIRES,1.00
NATIONAL 265/70/16,NATIONAL 265/70/16,Stock item,Active,TIRES,
NATIONAL 275/60/20,NATIONAL 275/60/20,Stock item,Active,TIRES,
NATIONAL ST215/75/14,NATIONAL ST215/75/14,Stock item,Active,TIRES,-1.00
negotiator 175/65/14,175/65/14,Stock item,Active,TIRES,
negotiator 175/70/13,175/70/13,Stock item,Active,TIRES,
negotiator 185/60/14,185/60/14,Stock item,Active,TIRES,
negotiator 185/65/14,185/65/14,Stock item,Active,TIRES,
negotiator 185/65/15,185/65/15,Stock item,Active,TIRES,
negotiator 185/70/13,185/70/13,Stock item,Active,TIRES,
negotiator 185/70/14,185/70/14,Stock item,Active,TIRES,
negotiator 195/60/14,195/65/14,Stock item,Active,TIRES,
negotiator 195/60/15,195/60/15,Stock item,Active,TIRES,
negotiator 195/65/15,195/65/15,Stock item,Active,TIRES,
negotiator 195/70/14,195/70/14,Stock item,Active,TIRES,
negotiator 205/50/17,205/50/17,Stock item,Active,TIRES,
negotiator 205/55/16,205/55/16,Stock item,Active,TIRES,
negotiator 205/60/15,205/60/15,Stock item,Active,TIRES,
negotiator 205/65/15,205/65/15,Stock item,Active,TIRES,
negotiator 205/70/14,205/70/14,Stock item,Active,TIRES,
negotiator 205/70/15,205/70/15,Stock item,Active,TIRES,
negotiator 215/35/1,215/35/18,Stock item,Active,TIRES,
NEGOTIATOR 215/60/1,NEGOTIATOR 215/60/16,Stock item,Active,TIRES,
negotiator 215/60/15,215/70/15,Stock item,Active,TIRES,
negotiator 215/65/15,215/65/15,Stock item,Active,TIRES,
negotiator 215/70/15,215/70/15,Stock item,Active,TIRES,
negotiator 225/60/16,225/60/16,Stock item,Active,TIRES,
NEGOTIATOR 225/75/16,,Stock item,Active,TIRES,
negotiatorl235/85/16,235/85/16,Stock item,Active,TIRES,
nexen 165/80/15,165/80/15,Stock item,Active,TIRES,-2.00
NEXEN 175/65/15,NEXEN 175/65/15,Stock item,Active,TIRES,-1.00
NEXEN 185/55/15,NEXEN 185/55/15,Stock item,Active,TIRES,
NEXEN 185/60/14,NEXEN 185/60/14,Stock item,Active,TIRES,
nexen 185/60/15,185/60/15,Stock item,Active,TIRES,
NEXEN 185/65/15,NEXEN 185/65/15,Stock item,Active,TIRES,
NEXEN 195/45/15,NEXEN 195/45/15,Stock item,Active,TIRES,
NEXEN 195/45/16,NEXEN 195/45/16,Stock item,Active,TIRES,
NEXEN 195/50/16,NEXEN 195/50/16,Stock item,Active,TIRES,
NEXEN 195/60/14,,Stock item,Active,TIRES,
NEXEN 195/60/15,NEXEN 195/60/15,Stock item,Active,TIRES,
nexen 195/65/15,195/65/15,Stock item,Active,TIRES,
NEXEN 195/75/14,NEXEN 195/75/14,Stock item,Active,TIRES,
nexen 205/40/16,205/40/16,Stock item,Active,TIRES,
nexen 205/40/17,205/40/17,Stock item,Active,TIRES,
nexen 205/45/16,205/45/16,Stock item,Active,TIRES,
nexen 205/50/17,205/50/17,Stock item,Active,TIRES,
nexen 205/55/16,205/55/16,Stock item,Active,TIRES,
NEXEN 205/60/16,NEXEN 205/60/16,Stock item,Active,TIRES,
nexen 205/65/15,205/65/15,Stock item,Active,TIRES,
nexen 205/65/16,205/65/16,Stock item,Active,TIRES,
NEXEN 205/70/16,NEXEN 205/70/16,Stock item,Active,TIRES,-2.00
NEXEN 205/75/16,NEXEN 205/75/16,Stock item,Active,TIRES,2.00
nexen 215/35/18,215/35/18,Stock item,Active,TIRES,
nexen 215/40/17,215/40/17,Stock item,Active,TIRES,
nexen 215/40/18,nexen 215/40/18,Stock item,Active,TIRES,
nexen 215/45/17,215/45/17,Stock item,Active,TIRES,
NEXEN 215/45/18,NEXEN 215/45/18,Stock item,Active,TIRES,
nexen 215/50/17,215/50/17,Stock item,Active,TIRES,
nexen 215/55/16,215/55/16,Stock item,Active,TIRES,
nexen 215/55/17,215/55/17,Stock item,Active,TIRES,
NEXEN 215/55/18,NEXEN 215/55/18,Stock item,Active,TIRES,
NEXEN 215/60/15,,Stock item,Active,TIRES,
nexen 215/60/16,215/60/16,Stock item,Active,TIRES,
nexen 215/60/17,215/60/17,Stock item,Active,TIRES,
nexen 215/65/16,215/65/16,Stock item,Active,TIRES,
nexen 215/75/15,nexen 215/75/15,Stock item,Active,TIRES,1.00
nexen 225/35/20,225/35/20,Stock item,Active,TIRES,
nexen 225/40/18,225/40/18,Stock item,Active,TIRES,1.00
nexen 225/45/17,225/45/17,Stock item,Active,TIRES,
nexen 225/45/18,225/45/18,Stock item,Active,TIRES,
NEXEN 225/45/19,NEXEN 225/45/19,Stock item,Active,TIRES,2.00
nexen 225/50/17,225/50/17,Stock item,Active,TIRES,-2.00
nexen 225/55/16,225/55/16,Stock item,Active,TIRES,
nexen 225/55/17,225/55/17,Stock item,Active,TIRES,
NEXEN 225/55/18,NEXEN 225/55/18,Stock item,Active,TIRES,
NEXEN 225/55/19,NEXEN 225/55/19,Stock item,Active,TIRES,
nexen 225/60/16,225/60/16,Stock item,Active,TIRES,
NEXEN 225/60/17,NEXEN 225/60/17,Stock item,Active,TIRES,
nexen 225/60/18,225/60/18,Stock item,Active,TIRES,
nexen 225/65/16,225/65/16,Stock item,Active,TIRES,
NEXEN 225/65/17,,Stock item,Active,TIRES,
NEXEN 225/70/15,NEXEN 225/70/15,Stock item,Active,TIRES,
NEXEN 225/70/16,NEXEN 225/70/16,Stock item,Active,TIRES,
NEXEN 225/75/15,NEXEN 225/75/15,Stock item,Active,TIRES,
nexen 225/75/16,225/75/16,Stock item,Active,TIRES,
NEXEN 235/30/20,NEXEN 235/30/20,Stock item,Active,TIRES,
nexen 235/35/19,235/35/19,Stock item,Active,TIRES,
NEXEN 235/40/18,NEXEN 235/40/18,Stock item,Active,TIRES,
NEXEN 235/40/19,NEXEN 235/40/19,Stock item,Active,TIRES,
nexen 235/45/17,235/45/17,Stock item,Active,TIRES,
NEXEN 235/45/18,,Stock item,Active,TIRES,
NEXEN 235/50/17,NEXEN 235/50/17,Stock item,Active,TIRES,
nexen 235/50/18,235/50/18,Stock item,Active,TIRES,-2.00
nexen 235/55/17,235/55/17,Stock item,Active,TIRES,
nexen 235/55/18,235/55/18,Stock item,Active,TIRES,
nexen 235/55/19,235/55/19,Stock item,Active,TIRES,
NEXEN 235/55/20,NEXEN 235/55/20,Stock item,Active,TIRES,2.00
nexen 235/60/16,235/60/16,Stock item,Active,TIRES,
nexen 235/60/17,NEXEN 235/60/17,Stock item,Active,TIRES,
nexen 235/60/18,235/60/18,Stock item,Active,TIRES,
NEXEN 235/65/17,NEXEN 235/65/17,Stock item,Active,TIRES,
NEXEN 235/65/18,NEXEN 235/65/18,Stock item,Active,TIRES,
nexen 235/70/16,235/70/16,Stock item,Active,TIRES,
nexen 235/75/15,235/75/15,Stock item,Active,TIRES,
nexen 235/75/16,235/75/16,Stock item,Active,TIRES,
NEXEN 235/80/17,NEXEN 235/80/17,Stock item,Active,TIRES,-3.00
nexen 235/85/16,235/85/16,Stock item,Active,TIRES,
NEXEN 245/30/20,NEXEN 245/30/20,Stock item,Active,TIRES,
nexen 245/30/22,245/30/22,Stock item,Active,TIRES,
NEXEN 245/35/18,NEXEN 245/35/18,Stock item,Active,TIRES,
nexen 245/35/19,245/35/19,Stock item,Active,TIRES,
nexen 245/35/20,245/35/20,Stock item,Active,TIRES,
nexen 245/40/17,245/40/17,Stock item,Active,TIRES,1.00
nexen 245/40/18,245/40/18,Stock item,Active,TIRES,
NEXEN 245/40/19,245/40/19,Stock item,Active,TIRES,
NEXEN 245/40/20,NEXEN 245/40/20,Stock item,Active,TIRES,
nexen 245/45/17,245/45/17,Stock item,Active,TIRES,
nexen 245/45/18,245/45/18,Stock item,Active,TIRES,
NEXEN 245/45/19,NEXEN 245/45/19,Stock item,Active,TIRES,
NEXEN 245/45/20,NEXEN 245/45/20,Stock item,Active,TIRES,
NEXEN 245/50/17,,Stock item,Active,TIRES,
NEXEN 245/50/18,NEXEN 245/50/18,Stock item,Active,TIRES,
NEXEN 245/50/20,NEXEN 245/50/20,Stock item,Active,TIRES,4.00
NEXEN 245/55/18,NEXEN 245/55/18,Stock item,Active,TIRES,
NEXEN 245/55/19,NEXEN 245/55/19,Stock item,Active,TIRES,
nexen 245/60/18,NEXEN 245/60/18,Stock item,Active,TIRES,
nexen 245/65/17,245/65/17,Stock item,Active,17,
nexen 245/70/16,245/70/16,Stock item,Active,TIRES,
nexen 245/70/17,245/70/17,Stock item,Active,TIRES,
nexen 245/75/16,245/75/16,Stock item,Active,TIRES,
NEXEN 255/30/22,NEXEN 255/30/22,Stock item,Active,TIRES,
nexen 255/30/24,255/30/24,Stock item,Active,TIRES,
nexen 255/35/18,255/35/18,Stock item,Active,TIRES,
nexen 255/35/20,255/35/20,Stock item,Active,TIRES,
NEXEN 255/40/18,NEXEN 255/40/18,Stock item,Active,TIRES,
NEXEN 255/40/19,NEXEN 255/40/19,Stock item,Active,TIRES,
NEXEN 255/45/20,NEXEN 255/45/20,Stock item,Active,TIRES,
NEXEN 255/50/20,NEXEN 255/50/20,Stock item,Active,TIRES,
nexen 255/55/18,255/55/18,Stock item,Active,TIRES,4.00
NEXEN 255/55/20,NEXEN 255/55/20,Stock item,Active,TIRES,
NEXEN 255/65/16,NEXEN 255/65/16,Stock item,Active,TIRES,
NEXEN 255/65/17,NEXEN 255/65/17,Stock item,Active,TIRES,
NEXEN 255/65/18,NEXEN 255/65/18,Stock item,Active,TIRES,
nexen 255/70/16,255/70/16,Stock item,Active,TIRES,
NEXEN 255/70/18,NEXEN 255/70/18,Stock item,Active,TIRES,
nexen 265/30/19,265/30/19,Stock item,Active,TIRES,
nexen 265/30/22,265/30/22,Stock item,Active,TIRES,
nexen 265/35/18,265/35/18,Stock item,Active,TIRES,
nexen 265/35/22,265/35/22,Stock item,Active,TIRES,
nexen 265/45/20,265/45/20,Stock item,Active,TIRES,
NEXEN 265/50/20,NEXEN 265/50/20,Stock item,Active,TIRES,4.00
nexen 265/60/18,265/60/18,Stock item,Active,TIRES,
NEXEN 265/65/18,265/65/18,Stock item,Active,TIRES,4.00
nexen 265/70/15,265/70/15,Stock item,Active,TIRES,
nexen 265/70/16,265/70/16,Stock item,Active,TIRES,
nexen 265/70/17,265/70/17,Stock item,Active,TIRES,
NEXEN 265/70/18,NEXEN 265/70/18,Stock item,Active,TIRES,
nexen 265/75/16,265/75/16,Stock item,Active,TIRES,
nexen 265/75/16/10,265/75/16/10,Stock item,Active,TIRES,
nexen 275/30/19,275/30/19,Stock item,Active,TIRES,
nexen 275/30/20,275/30/20,Stock item,Active,TIRES,
nexen 275/35/18,275/35/18,Stock item,Active,TIRES,
NEXEN 275/35/19,NEXEN 275/35/19,Stock item,Active,TIRES,
NEXEN 275/35/20,NEXEN 275/35/20,Stock item,Active,TIRES,
nexen 275/40/17,275/40/17,Stock item,Active,TIRES,
NEXEN 275/40/20,,Stock item,Active,TIRES,
nexen 275/45/20,275/45/20,Stock item,Active,TIRES,
nexen 275/55/20,275/55/20,Stock item,Active,TIRES,6.00
nexen 275/60/17,nexen 275/60/17,Stock item,Active,TIRES,
nexen 275/60/18,275/60/18,Stock item,Active,TIRES,
nexen 275/60/20,NEXEN 275/60/20,Stock item,Active,TIRES,
nexen 275/65/18,275/65/18,Stock item,Active,TIRES,
nexen 275/70/16,275/70/16,Stock item,Active,TIRES,
NEXEN 275/70/18,NEXEN 275/70/18,Stock item,Active,,2.00
nexen 285/30/20,285/30/20,Stock item,Active,TIRES,
nexen 285/45/22,285/45/22,Stock item,Active,TIRES,
nexen 285/50/20,285/50/20,Stock item,Active,TIRES,
nexen 285/60/18,285/60/18,Stock item,Active,TIRES,
nexen 295/25/22,295/25/22,Stock item,Active,TIRES,
nexen 295/40/20,295/40/20,Stock item,Active,TIRES,
NEXEN 30/9.50/15,30/9.50/15,Stock item,Active,TIRES,
nexen 3000 245-45-17,NEXEN 3000 245-45-17,Stock item,Inactive,TIRES,
nexen 305/35/24,305/35/24,Stock item,Active,TIRES,
nexen 305/40/22,305/40/22,Stock item,Active,TIRES,
nexen 305/45/22,305/45/22,Stock item,Active,TIRES,
nexen 31/10.50/15,31/10.50/15,Stock item,Active,TIRES,
nexen 31x10.50/15/6,31x10.50/15/6,Stock item,Active,TIRES,
NEXEN 35/12.50/17,NEXEN 35/12.50/17,Stock item,Active,TIRES,
nexen 5000 225/50/17,225/50/17,Stock item,Inactive,TIRES,
nexen lt245/75/16,lt245/75/16,Stock item,Active,TIRES,
nexen lt265/75/16,lt265/75/16,Stock item,Active,TIRES,
NEXEN PLUS 235/50/18,NEXEN PLUS 235/50/18,Stock item,Active,TIRES,
NEXNE 215/40/17,,Stock item,Active,TIRES,
NEXNE 245/35/19,,Stock item,Active,TIRES,
NITTO  35/12.50/18,NITTO  35/12.50/18,Stock item,Active,TIRES,
nitto 195/50/15,195/50/15,Stock item,Active,TIRES,
NITTO 205/45/17,,Stock item,Active,TIRES,
NITTO 205/50/15,,Stock item,Active,TIRES,
NITTO 205/50/16,,Stock item,Active,TIRES,
nitto 205/50/17,205/50/17,Stock item,Active,TIRES,
nitto 205/55/15,205/55/15,Stock item,Active,TIRES,
nitto 205/55/16,205/55/16,Stock item,Active,TIRES,
nitto 215/35/18,215/35/18,Stock item,Active,TIRES,
NITTO 215/35/19,NITTO 215/35/19,Stock item,Active,TIRES,
nitto 215/40/18,215/40/18,Stock item,Active,TIRES,
nitto 215/45/17,215/45/17,Stock item,Active,TIRES,
nitto 215/50/17,215/50/17,Stock item,Active,TIRES,
NITTO 225/30/20,NITTO GEN 225/30/20,Stock item,Active,TIRES,
nitto 225/35/18,225/35/18,Stock item,Active,TIRES,
nitto 225/35/20,225/35/20,Stock item,Active,TIRES,
nitto 225/40/18,225/40/18,Stock item,Active,TIRES,
NITTO 225/40/19,NITTO 225/40/19,Stock item,Active,TIRES,2.00
NITTO 225/45/17,NITTO 225/45/17,Stock item,Active,TIRES,4.00
nitto 225/50/16,225/50/16,Stock item,Active,TIRES,
NITTO 225/50/17,,Stock item,Active,TIRES,
nitto 225/60/18,225/60/18,Stock item,Active,TIRES,
nitto 235/30/22,235/30/22,Stock item,Active,TIRES,
NITTO 235/35/19,,Stock item,Active,TIRES,
NITTO 235/40/18,NITTO 235/40/18,Stock item,Active,TIRES,
nitto 235/50/17,235/50/17,Stock item,Active,TIRES,
nitto 235/50/18,235/50/18,Stock item,Active,TIRES,
nitto 235/55/18,235/55/18,Stock item,Active,TIRES,
nitto 235/60/18,235/60/18,Stock item,Active,TIRES,
NITTO 235/75/17,NITTO 235/75/17,Stock item,Active,TIRES,
nitto 235/85/16,NITTO 235/85/16,Stock item,Active,TIRES,
nitto 245/35/19,245/35/19,Stock item,Active,TIRES,
nitto 245/35/20,245/35/20,Stock item,Active,TIRES,-2.00
nitto 245/40/18,245/40/18,Stock item,Active,TIRES,-4.00
NITTO 245/40/20,NITTO 245/40/20,Stock item,Active,TIRES,
nitto 245/45/17,245/45/17,Stock item,Active,TIRES,
NITTO 245/45/18,,Stock item,Active,TIRES,
NITTO 245/45/20,NITTO 245/45/20,Stock item,Active,TIRES,-1.00
nitto 245/50/16,245/50/16,Stock item,Active,TIRES,
nitto 245/55/19,245/55/19,Stock item,Active,TIRES,
NITTO 245/60/18,,Stock item,Active,TIRES,
nitto 245/65/17,245/65/17,Stock item,Active,TIRES,
nitto 245/70/16,245/70/16,Stock item,Active,TIRES,
NITTO 255/35/18,,Stock item,Active,TIRES,
nitto 255/35/20,255/35/20,Stock item,Active,TIRES,
NITTO 255/40/17,NITTO 255/40/17,Stock item,Active,TIRES,-2.00
NITTO 255/40/18,NITTO 255/40/18,Stock item,Active,TIRES,-4.00
NITTO 255/45/17,NITTO 255/45/17,Stock item,Active,TIRES,
NITTO 255/45/18,NITTO 255/45/18,Stock item,Active,TIRES,
NITTO 255/45/20,NITTO 255/45/20,Stock item,Active,TIRES,2.00
NITTO 255/50/17,NITTO 255/50/17,Stock item,Active,TIRES,
nitto 255/55/18,255/55/18,Stock item,Active,TIRES,
NITTO 255/55/20,NITTO 255/55/20,Stock item,Active,TIRES,
nitto 255/60/17,255/60/17,Stock item,Active,TIRES,
NITTO 255/65/16,NITTO 255/65/16,Stock item,Active,TIRES,
NITTO 255/65/18,NITTO 255/65/18,Stock item,Active,TIRES,
NITTO 255/70/17,NITTO 255/70/17,Stock item,Active,TIRES,
NITTO 265/30/22,NITTO 265/30/22,Stock item,Active,TIRES,
nitto 265/35/18,265/35/18,Stock item,Active,TIRES,
NITTO 265/50/20,NITTO 265/50/20,Stock item,Active,TIRES,
NITTO 265/60/18,NITTO 265/60/18,Stock item,Active,TIRES,
NITTO 265/60/20,NITTO 265/60/20,Stock item,Active,TIRES,-4.00
NITTO 265/65/17,NITTO 265/65/17,Stock item,Active,TIRES,
NITTO 265/65/18,NITTO 265/65/18,Stock item,Active,TIRES,
nitto 265/70/16,NITTO 265/70/16,Stock item,Active,TIRES,
nitto 265/70/17,265/70/17,Stock item,Active,TIRES,
nitto 265/75/16,265/75/16,Stock item,Active,TIRES,
NITTO 275/30/19,NITTO 275/30/19,Stock item,Active,TIRES,
nitto 275/30/20,NITTO 275/30/20,Stock item,Active,TIRES,
NITTO 275/35/18,NITTO 275/35/18,Stock item,Active,TIRES,-4.00
nitto 275/35/19,275/35/19,Stock item,Active,TIRES,
NITTO 275/35/20,,Stock item,Active,TIRES,
NITTO 275/40/17,NITTO 275/40/17,Stock item,Active,TIRES,
nitto 275/40/18,275/40/18,Stock item,Active,TIRES,
NITTO 275/40/20,NITTO 275/40/20,Stock item,Active,TIRES,
NITTO 275/45/20,NITTO 275/45/20,Stock item,Active,TIRES,
NITTO 275/50/17,NITTO 275/50/17,Stock item,Active,TIRES,
nitto 275/55/20,275/55/20,Stock item,Active,TIRES,
NITTO 275/60/15,NITTO 275/60/15,Stock item,Active,TIRES,
nitto 275/60/20,275/60/20,Stock item,Active,TIRES,1.00
nitto 275/65/18,275/65/18,Stock item,Active,TIRES,
nitto 275/65/20,275/65/20,Stock item,Active,TIRES,
NITTO 275/70/17,NITTO 275/70/17,Stock item,Active,TIRES,-4.00
nitto 275/70/18,275/70/18,Stock item,Active,TIRES,
nitto 285/30/20,285/30/20,Stock item,Active,TIRES,
NITTO 285/30/22,NITTO 285/30/22,Stock item,Active,TIRES,
NITTO 285/35/18,NITTO 285/35/18,Stock item,Active,TIRES,
NITTO 285/40/17,NITTO 285/40/17,Stock item,Active,TIRES,
NITTO 285/40/20,NITTO 285/40/20,Stock item,Active,TIRES,2.00
nitto 285/45/22,285/45/22,Stock item,Active,TIRES,
NITTO 285/50/20,NITTO DUNE 285/50/20,Stock item,Active,TIRES,
nitto 285/50/22,285/50/22,Stock item,Active,TIRES,-6.00
nitto 285/55/20,285/55/20,Stock item,Active,TIRES,-4.00
nitto 285/60/18,285/60/18,Stock item,Active,TIRES,-4.00
NITTO 285/65/18,NITTO 285/65/18 DUNE GR,Stock item,Active,TIRES,
nitto 285/70/17,285/70/17,Stock item,Active,TIRES,6.00
nitto 285/75/16,285/75/16,Stock item,Active,TIRES,
nitto 285/75/17,285/75/17,Stock item,Active,TIRES,
nitto 295/30/23,295/30/23,Stock item,Active,TIRES,
nitto 295/30/24,295/30/24,Stock item,Active,TIRES,
NITTO 295/40/18,NITTO 295/40/18,Stock item,Active,TIRES,
NITTO 295/45/18,NITTO 555 295/45/18,Stock item,Active,TIRES,
nitto 295/55/20,295/55/20,Stock item,Active,TIRES,
nitto 295/60/20,295/60/20,Stock item,Active,TIRES,
nitto 295/70/17,295/70/17,Stock item,Active,TIRES,
NITTO 295/70/18,,Stock item,Active,TIRES,
NITTO 305/30/20,NITTO 305/30/20,Stock item,Active,TIRES,
nitto 305/40/22,305/40/22,Stock item,Active,TIRES,
nitto 305/45/22,305/45/22,Stock item,Active,TIRES,
nitto 305/50/20,305/50/20,Stock item,Active,TIRES,
nitto 305/55/20,305/55/20,Stock item,Active,TIRES,
NITTO 305/65/18,NITTO 305/65/18,Stock item,Active,TIRES,
nitto 305/70/17,305/70/17,Stock item,Active,TIRES,
NITTO 315/35/17,NITTO 315/35/17,Stock item,Active,TIRES,
NITTO 315/35/20,NITTO 315/35/20,Stock item,Active,TIRES,
NITTO 315/40/24,NITTO 315/40/24,Stock item,Active,TIRES,-4.00
NITTO 315/45/24,NITTO 315/45/24,Stock item,Active,TIRES,1.00
nitto 315/75/16/10,315/75/16/10,Stock item,Active,TIRES,
NITTO 325/45/24,NITTO 325/45/24,Stock item,Active,TIRES,2.00
nitto 325/50/22,325/50/22,Stock item,Active,TIRES,
nitto 325/60/18/8,325/60/18/10,Stock item,Active,TIRES,
NITTO 325/60/20,,Stock item,Active,TIRES,
nitto 325/65/18,325/65/18,Stock item,Active,TIRES,
NITTO 33/12.50/17,NITTO 33/12.50/17,Stock item,Active,TIRES,4.00
NITTO 33/12.50/18,NITTO 33/12.50/18,Stock item,Active,TIRES,
NITTO 33/12.50/20,NITTO 33/12.50/20,Stock item,Active,TIRES,
NITTO 33/12.50/22,NITTO 33/12.5/22,Stock item,Active,TIRES,
NITTO 35/12.5/18,NITTO 35/12.5/18,Stock item,Active,TIRES,
NITTO 35/12.5/20,NITTO 35/12.5/20,Stock item,Active,TIRES,1.00
NITTO 35/12.50/17,NITTO 35/12.50/17,Stock item,Active,TIRES,
NITTO 35/12.50/20,NITTO 35/12.50/20,Stock item,Active,TIRES,-4.00
NITTO 35/12.50/22,NITTO 35/12.50/22,Stock item,Active,TIRES,
NITTO 37/12.50/17,NITTO 37/12.50/17,Stock item,Active,TIRES,1.00
NITTO 37/12.50/18,NITTO 37/12.50/18,Stock item,Active,TIRES,
NITTO 37/12.50/20,NITTO 37/12.50/20,Stock item,Active,TIRES,-4.00
NITTO 37/12.50/22,NITTO 37/12.5/22,Stock item,Active,TIRES,
nitto 37/13.50/20,37/13.50/20,Stock item,Active,TIRES,
NITTO 37/13.50/22,NITTO 37/13.50/22,Stock item,Active,TIRES,-4.00
NITTO 40/13.50/17,NITTO 40/13.50/17,Stock item,Active,TIRES,-9.00
nitto envo 255/35/19,255/35/19,Stock item,Active,,
nitto lt 265/75/16/8,265/75/16/8,Stock item,Active,TIRES,
nitto lt 325/60/20,325/60/20/8,Stock item,Active,TIRES,
NITTO LT245/75/17,NITTO LT245/75/17,Stock item,Active,TIRES,-6.00
nitto lt265/70/17/10,265/70/17/10,Stock item,Active,TIRES,
nitto lt265/75/16/10,265/75/16/10,Stock item,Active,TIRES,
nitto lt275/70/18/10,275/70/18,Stock item,Active,TIRES,
nitto LT285/65/18/10,285/65/18/10,Stock item,Active,TIRES,
nitto neo 225/40/18,225/40/18,Stock item,Active,TIRES,
NITTO NEO 245/40/18,,Stock item,Active,TIRES,
NITTO NEO GEN 205/45,NITTO NEO GEN 205/4517,Stock item,Active,TIRES,
NITTO RIDG35/12.5/20,NITTO RIDGE 35/12.5/20,Stock item,Active,TIRES,
NITTO RIDGE 285/70/1,NITTO RIDGE 285/70/17,Stock item,Active,TIRES,
NITTO RIDGE 33/12.50,NITTORIDGE 33/12.5/20,Stock item,Active,TIRES,
NITTO RIDGE 35/12.5/,NIITTO RIDGE 35/12.50/17,Stock item,Active,TIRES,
NITTO TRA35/12.50/20,NITTO 35/12.50/20,Stock item,Active,TIRES,
NITTO285/45/22,,Stock item,Active,TIRES,
nitto295/35/24,295/35/24,Stock item,Active,TIRES,
nittomud 12.50/50/20,12.50/20/10,Stock item,Active,TIRES,
nittomud 305/40/22,305/40/22,Stock item,Active,TIRES,
NITTORIDGE 38/13.50/,NITTORIDGE 38/13.50/24,Stock item,Active,TIRES,
NOBILE ST205/75/15,NOBILE ST205/75/15,Stock item,Active,TIRES,
NOBILE ST225/75/15,NOBILE ST225/75/15,Stock item,Active,TIRES,
OHT 185/65/15,OHT 185/65/15,Stock item,Active,TIRES,
OHT 195/50/16,OHT 195/50/16,Stock item,Active,TIRES,
OHT 195/55/15,OHT 195/55/15,Stock item,Active,TIRES,
OHT 205/50/17,OHT 205/50/17,Stock item,Active,TIRES,
OHT 205/55/16,OHT 205/55/16,Stock item,Active,TIRES,
OHT 205/65/15,OHT 205/65/15,Stock item,Active,TIRES,
OHT 215/45/17,,Stock item,Active,TIRES,
OHT 215/60/15,OHT 215/60/15,Stock item,Active,TIRES,
OHT 225/55/16,OHT 225/55/16,Stock item,Active,TIRES,
OHT 225/60/16,OHT 225/60/16,Stock item,Active,TIRES,
OHT 235/50/17,OHT 235/50/17,Stock item,Active,TIRES,1.00
OHT 235/60/16,OHT 235/60/16,Stock item,Active,TIRES,
OHT 235/60/18,OHT 235/60/18,Stock item,Active,TIRES,3.00
OHT 245/40/18,OHT 245/40/18,Stock item,Active,TIRES,
OHT 245/40/20,OHT 245/40/20,Stock item,Active,TIRES,
OHT 245/45/19,OHT 245/45/19,Stock item,Active,TIRES,
OHT 245/45/20,OHT 245/45/20,Stock item,Active,TIRES,
OHT 255/35/20,OHT 255/35/20,Stock item,Active,TIRES,
OHT 255/45/18,OHT 255/45/18,Stock item,Active,TIRES,
OHT 275/30/19,275/30/19,Stock item,Active,TIRES,
OHT 275/35/20,OHT 275/35/20,Stock item,Active,TIRES,
OHT 275/40/19,275/40/19,Stock item,Active,TIRES,
OHT 275/55/20,OHT 275/55/20,Stock item,Active,TIRES,
OHT 285/35/19,OHT 285/35/19,Stock item,Active,TIRES,
OHT225/55/16,OHT 225/55/16,Stock item,Active,TIRES,
OHTSU 205/50/17,OHTSU 205/50/17,Stock item,Active,TIRES,
OHTSU 205/55/16,OHTSU 205/55/16,Stock item,Active,TIRES,
OHTSU 205/65/15,OHTSU 205/65/15,Stock item,Active,TIRES,
OHTSU 205/65/16,OHTSU 205/65/16,Stock item,Active,TIRES,
OHTSU 225/45/17,OHTSU 225/45/17,Stock item,Active,TIRES,1.00
OHTSU 225/50/16,OHTSU 225/50/16,Stock item,Active,TIRES,
OHTSU 225/55/17,OHTSU 225/55/17,Stock item,Active,TIRES,
OHTSU 235/50/17,OHTSU235/50/17,Stock item,Active,TIRES,-1.00
OHTSU 235/60/18,OHTSU 235/60/18,Stock item,Active,TIRES,-3.00
OHTSU 245/35/19,OHTSU 245/35/19,Stock item,Active,TIRES,4.00
OHTSU 245/50/16,OHTSU 245/50/16,Stock item,Active,TIRES,
OHTSU 265/35/22,OHTSU 265/35/22,Stock item,Active,TIRES,
OHTSU 265/70/18,OHTSU265/70/18,Stock item,Active,TIRES,
OIL CHANGE,OIL FILTER AND UP TO 5 QUARTS,Non-stock item,Active,,
OIL CHANGE - i,OIL FILTER AND 5 QUARTS,Stock item,Inactive,,-169.00
OIL DISPOSAL,OIL DISPOSAL,Non-stock item,Active,,
OIL DISPOSAL - i,OIL DISPOSAL,Stock item,Inactive,,-69.00
oll 275/40/20,275/40/20,Stock item,Active,TIRES,
OMNI 185/70/14,185/70/14,Stock item,Active,TIRES,
OMNI 195/60/14,,Stock item,Active,TIRES,
OMNI 205/40/17,205/40/17,Stock item,Active,TIRES,
OMNI 205/50/17,OMNI 205/50ZR17,Stock item,Active,TIRES,
OMNI 205/60/16,OMNI 205/60/16,Stock item,Active,TIRES,
omni 205/65/15,omni 205/65/15,Stock item,Active,TIRES,
OMNI 215/45/17,OMNI 215/45/17,Stock item,Active,TIRES,
OMNI 215/75/15,OMNI 215/75/15,Stock item,Active,TIRES,
omni 225/45/17,225/45/17,Stock item,Active,TIRES,
OMNI 225/75/16,OMNI 225/75/16,Stock item,Active,TIRES,
OMNI 235/40/18,,Stock item,Active,TIRES,
OMNI 235/45/17,OMNI 235/45/17,Stock item,Active,TIRES,
OMNI 235/50/17,235/50/17,Stock item,Active,TIRES,
OMNI 235/75/15,OMNI 235/75/15,Stock item,Active,TIRES,
OMNI 245/35/20,245/35/20,Stock item,Active,TIRES,
omni 245/40/17,245/40/17,Stock item,Active,TIRES,
omni 245/40/18,,Stock item,Active,TIRES,
OMNI 255/55/18,OMNI 255/55/18,Stock item,Active,TIRES,
OMNI 265/75/16,OMNI 265/75/16,Stock item,Active,TIRES,
OMNI lt245/75/16,OMNI lt245/75/16,Stock item,Active,TIRES,
ONIX 908,ONIX 908,Stock item,Active,WHEEL,
pacemark 255/70/16,255/70/16,Stock item,Active,TIRES,3.00
"pacer 241 20""",,Stock item,Inactive,,
PACER WHEEL 83B,PACER WHEEL 83B 4*100,Stock item,Active,WHEEL,
PALOGONIA 35X12.50X2,PALOGONIA 35X12.50X20,Stock item,Active,TIRES,
PARALLER 235/70/15,PARALLER 235/70/15,Stock item,Active,TIRES,
PARALLER 35/12.50/20,PARALLER 35/12.50/20,Stock item,Active,TIRES,4.00
PARTS,AUTO PARTS,Non-stock item,Active,,
PARTS - i,AUTO PARTS,Stock item,Inactive,,-204.00
"pasatti18"" 225-40-18",,Stock item,Inactive,TIRES,
PATAGONIA 235/75/15,PATAGONIA 235/75/15,Stock item,Active,TIRES,2.00
PATAGONIA 265/70/17,,Stock item,Active,TIRES,
PATAGONIA 285/70/17,PATAGONIA 285/70/17,Stock item,Active,TIRES,2.00
peg 175/70/13,175/70/13,Stock item,Active,TIRES,
peg 205/70/15,205/70/15,Stock item,Active,TIRES,
PEG 215/50/17,,Stock item,Active,TIRES,
PEG 215/65/17,PEG 215/65/17,Stock item,Active,TIRES,
peg 225/75/16,225/75/16,Stock item,Active,TIRES,
peg 235/65/17,235/65/17,Stock item,Active,TIRES,
PEG 235/85/16,PEG 235/85/16,Stock item,Active,TIRES,
peg 245/75/16,245/75/16,Stock item,Active,TIRES,
PEG 265/70/17,PEG 265/70/17,Stock item,Active,TIRES,
PEG 265/70/18,PEG 265/70/18,Stock item,Active,TIRES,
PEG 275/65/18,PEG 275/65/18,Stock item,Active,TIRES,
peg 275/65/20,PEG 275/65/20,Stock item,Active,TIRES,
PEG 285/70/17,285/70/17,Stock item,Active,TIRES,
PEG 285/75/16,PEG  285/75/16,Stock item,Active,TIRES,
PEG 31/10.5/15,PEG 31/10.5/15,Stock item,Active,TIRES,
PEG 315/75/16,PEG 315/75/16,Stock item,Active,TIRES,
peg 31x10.50/15,31x10.50/15,Stock item,Active,TIRES,
PEG LT265/75/16,,Stock item,Active,TIRES,
PEG LT285/75/16,,Stock item,Active,TIRES,
PERELLI 245/50/20,,Stock item,Active,TIRES,
PERELLI 245/60/18,PERELLI 245/60/18,Stock item,Active,TIRES,
PERELLI 255/40/19,PERELLI 255/40/19,Stock item,Active,TIRES,
perelli 265/50/19,perelli 265/60/19,Stock item,Active,TIRES,
PERELLI 275/40/20,,Stock item,Active,TIRES,1.00
PERELLI 275/45/18,PERELLI 275/45/18,Stock item,Active,TIRES,
PERELLI 275/55/20,PERELLI 275/55/20,Stock item,Active,TIRES,
PERFORMER 185/60/15C,PERFORMER 185/60/15C,Stock item,Active,TIRES,4.00
PERFORMER 235/65/16,PERFORMER 235/65/16,Stock item,Active,TIRES,
PERSONAL PROPERTY TA,PERSONAL PROPERTY TAX,Stock item,Active,,
PIRELLI 195/65/15,,Stock item,Active,TIRES,
pirelli 205/50/16,205/50/16,Stock item,Active,TIRES,
pirelli 205/50/17,205/50/17,Stock item,Active,TIRES,
PIRELLI 205/65/15,PIRELLI 205/65/15,Stock item,Active,TIRES,4.00
pirelli 215/45/18,215/45/18,Stock item,Active,TIRES,
PIRELLI 215/55/17,PIRELLI 215/55/17,Stock item,Active,TIRES,
PIRELLI 215/60/16,PIRELLI 215/60/16,Stock item,Active,TIRES,
PIRELLI 225/40/18,PIRELLI 225/40/18,Stock item,Active,TIRES,
pirelli 225/45/18,PIRELLI 225/45/18,Stock item,Active,TIRES,
PIRELLI 225/60/16,PIRELLI 225/60/16,Stock item,Active,TIRES,
PIRELLI 235/40/18,PIRELLI 235/40/18,Stock item,Active,TIRES,
pirelli 235/55/17,235/55/17,Stock item,Active,TIRES,
pirelli 235/55/18,235/55/18,Stock item,Active,TIRES,
PIRELLI 235/55/19,PIRELLI 235/55/19,Stock item,Active,TIRES,
PIRELLI 235/55/20,PIRELLI 235/55/20,Stock item,Active,TIRES,
PIRELLI 235/60/18,PIRELLI 235/60/18,Stock item,Active,TIRES,
PIRELLI 245/40/18,PIRELLI 245/40/18,Stock item,Active,TIRES,
PIRELLI 245/45/19,PIRELLI 245/45/19,Stock item,Active,TIRES,
PIRELLI 245/50/19,PIRELLI 245/50/19,Stock item,Active,TIRES,
PIRELLI 245/50/20,245/50/20,Stock item,Active,TIRES,
PIRELLI 245/60/18,PIRELLI 245/60/18,Stock item,Active,TIRES,
PIRELLI 255/35/18,PIRELLI 255/35/18,Stock item,Active,TIRES,
PIRELLI 255/40/19,PIRELLI 255/40/19,Stock item,Active,TIRES,
PIRELLI 255/40/20,PIRELLI 255/40/20,Stock item,Active,TIRES,2.00
PIRELLI 255/60/19,PIRELLI 255/60/19,Stock item,Active,TIRES,
PIRELLI 265/35/20,PIRELLI 265/35/20,Stock item,Active,TIRES,-2.00
PIRELLI 265/50/19,PIRELLI 265/50/19,Stock item,Active,TIRES,
PIRELLI 275/40/19,PIRELLI 275/40/19,Stock item,Active,TIRES,
PIRELLI 275/40/20,PIRELLI 275/40/20,Stock item,Active,TIRES,-1.00
PIRELLI 275/45/20,PIRELLI 275/45/20,Stock item,Active,TIRES,
PIRELLI 275/45/21,PIRELLI 275/45/21,Stock item,Active,TIRES,
pirelli 275/55/20,275/55/20,Stock item,Active,TIRES,4.00
PIRELLI 275/60/20,PIRELLI 275/60/20,Stock item,Active,TIRES,4.00
pirelli 285/45/22,285/45/22,Stock item,Active,TIRES,
PIRELLI 295/35/21,PIRELLI 295/35/21,Stock item,Active,TIRES,
PIRELLI 305/30/20,PIRELLI 305/30/20,Stock item,Active,TIRES,2.00
pirelli 325/60/20,325/60/20,Stock item,Active,TIRES,
PIRRELLI 305/35/20,PIRRELLI 305/35/20,Stock item,Active,TIRES,4.00
POWERKING 4.80-12,POWERKING 4.80-12,Stock item,Active,TIRES,
POWERKING 750-16,POWERKING 750-16,Stock item,Active,TIRES,
POWERKING 950-16.5,POWERKING 950-16.5,Stock item,Active,TIRES,
PREDATOR 265/60/18,PREDATOR 265/60/18,Stock item,Active,TIRES,2.00
PREDATOR 265/70/17,PREDATOR LT265/70/17,Stock item,Active,TIRES,
PREDATOR 275/65/18,PREDATOR 275/65/18,Stock item,Active,TIRES,-4.00
PREDATOR 285/75/16,PREDATOR LT285/75/16,Stock item,Active,TIRES,
PREDATOR 33/12.50/18,PREDATOR 33/12.50/18,Stock item,Active,TIRES,5.00
PRESA 215/50/17,PRESA 215/50/17,Stock item,Active,TIRES,-4.00
PRESA 225/50/17,PRESA 225/50/17,Stock item,Active,TIRES,
PRESA 265/70/17,PRESA 265/70/17,Stock item,Active,TIRES,
primacy 205/65/15,205/65/15,Stock item,Active,TIRES,
primacy 225/60/16,225/60/16,Stock item,Active,TIRES,
primewell 175/70/13,175/70/13,Stock item,Active,TIRES,
primewell 195/60/15,primewell 195/60/15,Stock item,Active,TIRES,
primewell 195/70/14,195/70/14,Stock item,Active,TIRES,
primewell 205/65/15,205/65/15,Stock item,Active,TIRES,
primewell 205/70/15,205/70/15,Stock item,Active,TIRES,
primewell 205/75/14,205/75/14,Stock item,Active,TIRES,
primewell 205/75/15,205/75/15,Stock item,Active,TIRES,
primewell 215/70/14,215/70/14,Stock item,Active,TIRES,
primewell 215/70/15,215/70/15,Stock item,Active,TIRES,
primewell 215/75/15,215/75/15,Stock item,Active,TIRES,
primewell 225/60/16,225/60/16,Stock item,Active,TIRES,
primewell 225/70/15,225/70/15,Stock item,Active,TIRES,
primewell 225/75/15,225/75/15,Stock item,Active,TIRES,
primewell 235/75/15,235/75/15,Stock item,Active,TIRES,
PRINX 185/60/15,PRINX 185/60/15,Stock item,Active,TIRES,2.00
PRINX 195/65/15,PRINX HI CITY 195/65/15,Stock item,Active,,2.00
PRINX 205/65/15,PRINX 205/65/15,Stock item,Active,TIRES,1.00
PRINX 215/60/16,PRINX 215/60/16,Stock item,Active,TIRES,4.00
PRINX 215/65/16,PRINX 215/65/16,Stock item,Active,TIRES,-4.00
PRINX 215/70/15,PRINX 215/70/15,Stock item,Active,TIRES,
PRINX 225/40/18,PRINX 255/40/18,Stock item,Active,TIRES,2.00
PRINX 225/40/19,PRINX 225/40/19,Stock item,Active,TIRES,-2.00
PRINX 225/65/16,,Stock item,Active,,
PRINX 245/40/18,PRINX 245/40/18,Stock item,Active,TIRES,
PRINX 245/45/20,PRINX 245/45/20,Stock item,Active,TIRES,
PRINX 255/35/19,PRINX 255/35/19,Stock item,Active,TIRES,
PRINX 265/60/18,PRINX 265/60/18,Stock item,Active,TIRES,
PROVIDER 235/80/16,PROVIDER 235/80/16,Stock item,Active,TIRES,5.00
putco,PUTCO SHARK PILLAR POSTS,Stock item,Inactive,,-1.00
pzernero 225/40/18,225/40/18,Stock item,Active,TIRES,
pzernero 255/35/18,255/35/18,Stock item,Active,TIRES,
radar 175/70/13,175/70/13,Stock item,Active,TIRES,
radar 195/60/15,195/60/15,Stock item,Active,TIRES,
RADAR 195/65/15,RADAR 195/65/15,Stock item,Active,TIRES,
radar 205/40/17,205/40/17,Stock item,Active,TIRES,
radar 205/55/16,205/55/16,Stock item,Active,TIRES,
radar 205/65/15,205/65/15,Stock item,Active,TIRES,
radar 205/70/15,205/70/15,Stock item,Active,TIRES,
radar 215/45/17,215/45/17,Stock item,Active,TIRES,
radar 215/55/17,215/55/17,Stock item,Active,TIRES,
radar 215/60/16,215/60/16,Stock item,Active,TIRES,
radar 225/40/18,225/40/18,Stock item,Active,TIRES,
radar 225/50/17,225/50/17,Stock item,Active,TIRES,
radar 235/40/18,235/40/18,Stock item,Active,TIRES,
radar 235/70/15,235/70/15,Stock item,Active,TIRES,
RADAR 245/35/20,,Stock item,Active,TIRES,
radar 245/40/18,245/40/18,Stock item,Active,TIRES,
RADAR 245/40/20,245/40/20,Stock item,Active,TIRES,
RADAR 245/45/18,RADAR 245/45/18,Stock item,Active,TIRES,
radar 245/65/17,245/65/17,Stock item,Active,TIRES,
radar 245/70/17,245/70/17,Stock item,Active,PARTS,
radar 245/75/16,RADAR 245/75/16,Stock item,Active,TIRES,1.00
radar 255/35/20,255/35/20,Stock item,Active,PARTS,
RADAR 255/45/18,RADAR 255/45/18,Stock item,Active,TIRES,
radar 255/55/18,255/55/18,Stock item,Active,TIRES,
RADAR 265/75/16,,Stock item,Active,TIRES,
RADAR 275/55/20,RADAR 275/55/20,Stock item,Active,TIRES,
RADAR 295/55/20,RADAR LT295/55/20,Stock item,Active,TIRES,-11.00
RADAR 295/70/17,RADAR LT295/70/17,Stock item,Active,TIRES,4.00
RADAR LT285/55/20,RADAR LT285/55/20,Stock item,Active,TIRES,
RADIATOR DRAIN,,Stock item,Active,,
RANGER 235/55/18,RANGER 235/55/18,Stock item,Active,TIRES,
RANGER 235/70/16,RANGER 235/70/16,Stock item,Active,TIRES,
RBMPT 35/13.50/26,RBMPT 35/13.50/26,Stock item,Active,TIRES,4.00
RBP 305/40/22,RBP 305/40/22,Stock item,Active,TIRES,
RBP 33/12.50/20,RBP 33/12.50/20,Stock item,Active,TIRES,3.00
RBP 33/13.50/26,RBP 33/13.50/26,Stock item,Active,TIRES,4.00
RBP 35/12.50/20,RBP 35/12.50/20,Stock item,Active,TIRES,8.00
REGUL 185/65/14,REGUL 185/65/14,Stock item,Active,TIRES,
REGUL 205/50/16,REGUL 205/50/16,Stock item,Active,PARTS,
REGUL 205/55/16,REGUL 205/55/16,Stock item,Active,PARTS,
REGUL 215/45/17,REGUL 215/45/17,Stock item,Active,TIRES,
REGUL 215/60/16,REGUL 215/60/16,Stock item,Active,TIRES,
REGUL 215/65/17,REGUL 215/65/17,Stock item,Active,TIRES,
REGUL 235/45/17,REGUL 235/45/17,Stock item,Active,TIRES,
Regul 235/60/17,Regul 235/60/17,Stock item,Active,TIRES,
remington 225/75/15,225/75/15,Stock item,Active,TIRES,
RENEGADE 265/70/17,RENEGADE 265/70/17,Stock item,Active,TIRES,
RENEGADE 275/40/22,RENEGADE 275/40/22,Stock item,Active,TIRES,4.00
RENEGADE 275/55/20,RENEGADE 275/55/20,Stock item,Active,TIRES,-12.00
RENEGADE 275/70/18,RENEGADE 275/70/18,Stock item,Active,TIRES,
RENEGADE 285/55/20,RENEGADE 285/55/20,Stock item,Active,TIRES,-5.00
RENEGADE 285/75/16,RENEGADE 285/75/16,Stock item,Active,TIRES,
RENEGADE 295/55/20,RENEGADE LT295/55/20,Stock item,Active,TIRES,8.00
RENEGADE 305/55/20,RENEGADE 305/55/20,Stock item,Active,TIRES,4.00
RENEGADE 31X10.50-15,RENEGADE 31X10.50-15,Stock item,Active,TIRES,
RENEGADE 33/12.5/20,RENEGADE 33/12.5/20,Stock item,Active,TIRES,-11.00
RENEGADE 35/12.5/20,RENEGADE 35/12.50/20,Stock item,Active,TIRES,-4.00
REPAIR,MECHANIC REPAIR,Non-stock item,Active,,
REPAIR - i,MECHANIC REPAIR,Stock item,Inactive,,-6.00
republic 215/65/15,215/65/15,Stock item,Active,TIRES,
republic 215/65/16,215/65/16,Stock item,Active,TIRES,
REPULSOR 33/12.50/20,REPULSOR 33/12.50/20,Stock item,Active,TIRES,16.00
REPULSOR 33/12.50/24,REPULSOR 33/12.50/24,Stock item,Active,TIRES,
REPULSOR 35/12.50/20,REPULSOR 35/12.50/20,Stock item,Active,TIRES,4.00
REPULSOR 35/12.50/24,REPULSOR 35/12.50/24,Stock item,Active,TIRES,4.00
REPULSOR 35/13.50/26,REPULSOR 35/13.50/26,Stock item,Active,TIRES,4.00
RIDGETRAK 275/55/20,RIDGETRAK LT275/55/20,Stock item,Active,TIRES,16.00
RIDGETRAK LT285/60/2,RIDGETRAK LT285/60/20,Stock item,Active,TIRES,4.00
riken  205/60/15,205/60/15,Stock item,Active,TIRES,
riken  205/65/15,205/65/15,Stock item,Active,TIRES,
riken  225/50/16,225/50/16,Stock item,Active,TIRES,
RIKEN 185/60/14,,Stock item,Active,TIRES,
riken 185/65/15,185/65/15,Stock item,Active,TIRES,
riken 195/55/15,195/55/15,Stock item,Active,TIRES,
riken 195/60/15,195/60/15,Stock item,Active,TIRES,
riken 195/65/15,195/65/15,Stock item,Active,TIRES,
riken 205/40/17,205/40/17,Stock item,Active,TIRES,
riken 205/45/16,205/45/16,Stock item,Active,TIRES,
riken 205/50/16,205/50/16,Stock item,Active,TIRES,
riken 205/50/17,205/50/17,Stock item,Active,TIRES,
RIKEN 205/55/16,RIKEN 205/55/16,Stock item,Active,TIRES,
riken 205/60/15,205/60/15,Stock item,Active,TIRES,
riken 205/60/16,205/60/16,Stock item,Active,TIRES,
riken 205/65/15,205/65/15,Stock item,Active,TIRES,
riken 215/40/17,215/40/17,Stock item,Active,TIRES,
riken 215/45/17,215/45/17,Stock item,Active,TIRES,
riken 215/55/16,215/55/16,Stock item,Active,TIRES,
riken 225/45/18,225/45/18,Stock item,Active,TIRES,
riken 225/50/16,225/50/16,Stock item,Active,TIRES,
riken 225/55/16,225/55/16,Stock item,Active,TIRES,
riken 225/55/17,225/55/17,Stock item,Active,TIRES,
riken 225/75/16,225/75/16,Stock item,Active,TIRES,
riken 235/65/17,235/65/17,Stock item,Active,TIRES,
riken 245/35/20,245/35/20,Stock item,Active,TIRES,
riken 245/40/17,245/40/17,Stock item,Active,TIRES,
riken 245/45/17,245/45/17,Stock item,Active,TIRES,
riken 245/45/18,245/45/18,Stock item,Active,TIRES,
riken 245/50/16,245/50/16,Stock item,Active,TIRES,
riken 255/40/17,255/40/17,Stock item,Active,TIRES,
riken 255/45/18,255/45/18,Stock item,Active,TIRES,
riken 255/50/17,255/50/17,Stock item,Active,TIRES,
riken 275/35/18,275/35/18,Stock item,Active,TIRES,
riken 275/40/17,275/40/17,Stock item,Active,TIRES,
ROAD INSPECTION,ROAD INSPECTION,Non-stock item,Active,,
ROAD INSPECTION - i,ROAD INSPECTION,Stock item,Inactive,,-2.00
ROADCRUZA 33/12.5/22,ROADCRUZA 33/12.50/22,Stock item,Active,TIRES,4.00
ROADFORSE 225/40/18,ROADFORSE 225/40/18,Stock item,Active,TIRES,
ROADGUIDE 225/75/15,225/75/15,Stock item,Active,,
roadhazard,ROADHAZARD,Stock item,Inactive,,-5.00
ROADX 235/80/16,ROADX ST235/80/16,Stock item,Active,TIRES,4.00
ROVELO 235/65/16,ROVELO 235/65/16,Stock item,Active,TIRES,4.00
rpx 175/65/14,175/65/14,Stock item,Active,TIRES,
rpx 175/70/13,175/70/13,Stock item,Active,TIRES,
rpx 175/70/14,175/70/14,Stock item,Active,TIRES,
RPX 185/60/15,,Stock item,Active,TIRES,
rpx 185/65/14,185/65/14,Stock item,Active,TIRES,
RPX 185/70/13,185/70/13,Stock item,Active,TIRES,
rpx 185/70/14,185/70/14,Stock item,Active,TIRES,
rpx 195/60/14,rpx 195/60/14 mounted and bala,Stock item,Active,TIRES,
RPX 195/60/15,RPX 800 195/60/15,Stock item,Active,TIRES,
rpx 205/55/16,205/55/16,Stock item,Active,TIRES,
rpx 205/60/16,205/60/16,Stock item,Active,TIRES,
rpx 205/65/15,205/65/15,Stock item,Active,TIRES,
rpx 215/60/16,215/60/16,Stock item,Active,TIRES,
rpx 215/70/15,215/70/15,Stock item,Active,TIRES,
RR 10 18X8,RR 10 18X8,Stock item,Active,WHEEL,
SAFFIRO 215/35/18,SAFFIRO 215/35/18,Stock item,Active,TIRES,
SAFFIRO 265/35/22,,Stock item,Active,TIRES,
SAFIRO 215/35/18,SAFIRO 215/35/18,Stock item,Active,TIRES,
SAFIRO 225/30/20,,Stock item,Active,TIRES,
SAFIRO 225/35/20,225/35/20,Stock item,Active,TIRES,
SAFIRO 225/40/18,SAFIRO 225/40/18,Stock item,Active,TIRES,
SAFIRO 225/45/18,225/45/18,Stock item,Active,TIRES,
SAFIRO 235/75/15,SAFIRO 235/75/15,Stock item,Active,TIRES,
SAFIRO 245/30/22,245/30/22,Stock item,Active,TIRES,
SAFIRO 245/35/20,245/35/20,Stock item,Active,TIRES,
SAFIRO 245/40/18,245/40/18,Stock item,Active,TIRES,
SAFIRO 255/30/24,SAFIRO 255/30/24,Stock item,Active,TIRES,
SAFIRO 265/35/22,265/35/22,Stock item,Active,TIRES,
SAFIRO 265/40/22,265/40/22,Stock item,Active,TIRES,
SAFIRO 265/70/16,265/70/16,Stock item,Active,TIRES,
SAFIRO 265/70/17,265/70/17,Stock item,Active,TIRES,
SAFIRO 275/25/26,275/25/26,Stock item,Active,TIRES,
SAFIRO 275/25/28,275/25/28,Stock item,Active,TIRES,
SAFIRO 275/45/20,275/45/20,Stock item,Active,TIRES,
SAFIRO 295/25/28,SAFIRO 295/25/28,Stock item,Active,PARTS,
SAFIRO 295/30/26,SAFIRO 295/30/26,Stock item,Active,TIRES,
SAFIRO 305/30/26,305/30/26,Stock item,Active,TIRES,
SAFIRO 305/35/24,305/35/24,Stock item,Active,TIRES,
SAFIRO 305/40/22,305/40/22,Stock item,Active,TIRES,
SAILUN 155/80/13,SAILUN 155/80/13,Stock item,Active,TIRES,
SAILUN 175/65/15,SAILUN 175/65/15,Stock item,Active,TIRES,
SAILUN 175/70/14,SAILUN 175/70/14,Stock item,Active,TIRES,
SAILUN 185/55/15,SAILUN 185/55/15,Stock item,Active,TIRES,
SAILUN 185/60/15,SAILUN 185/60/15,Stock item,Active,TIRES,4.00
SAILUN 185/65/14,SAILUN 185/65/14,Stock item,Active,TIRES,
SAILUN 185/65/15,SAILUN 185/65/15,Stock item,Active,TIRES,-5.00
SAILUN 195/50/16,SAILUN 195/50/16,Stock item,Active,TIRES,
SAILUN 195/55/15,SAILUN 195/55/15,Stock item,Active,TIRES,
SAILUN 195/55/16,SAILUN 195/55/16,Stock item,Active,TIRES,
SAILUN 195/60/14,SAILUN 195/60/14,Stock item,Active,TIRES,
SAILUN 195/70/14,SAILUN 195/70/14,Stock item,Active,TIRES,
SAILUN 205/45/17,SAILUN 205/45/17,Stock item,Active,TIRES,4.00
SAILUN 205/50/16,SAILUN 205/50/16,Stock item,Active,TIRES,
SAILUN 205/50/17,SAILUN 205/50/17,Stock item,Active,TIRES,4.00
SAILUN 205/55/16,SAILUN 205/55/16,Stock item,Active,TIRES,-2.00
SAILUN 205/60/16,SAILUN 205/60/16,Stock item,Active,TIRES,
SAILUN 205/65/15,SAILUN 205/65/15,Stock item,Active,TIRES,
SAILUN 205/65/16,SAILUN 205/65/16,Stock item,Active,TIRES,
SAILUN 215/35/18,SAILUN 215/35/18,Stock item,Active,TIRES,1.00
SAILUN 215/45/17,SAILUN 215/45/17,Stock item,Active,TIRES,4.00
SAILUN 215/50/17,SAILUN 215/50/17,Stock item,Active,TIRES,
SAILUN 215/55/16,SALIUN 215/55/16,Stock item,Active,TIRES,-2.00
SAILUN 215/60/15,SAILUN 215/60/15,Stock item,Active,TIRES,1.00
SAILUN 215/60/16,SAILUN 215/60/16,Stock item,Active,TIRES,3.00
SAILUN 215/60/17,SAILUN 215/6017,Stock item,Active,TIRES,2.00
SAILUN 215/65/16,SAILUN 215/65/16,Stock item,Active,TIRES,
SAILUN 215/70/15,SAILUN 215/70/15,Stock item,Active,TIRES,-2.00
SAILUN 215/70/16,SAILUN 215/70/16,Stock item,Active,TIRES,
SAILUN 215/85/16,SAILUN LT215/85/16,Stock item,Active,TIRES,
SAILUN 225/35/20,SAILUN 225/35/20,Stock item,Active,TIRES,1.00
SAILUN 225/40/18,SAILUN 225/40/18,Stock item,Active,TIRES,
SAILUN 225/45/17,SAILUN 225/45/17,Stock item,Active,TIRES,2.00
SAILUN 225/45/18,SAILUN 225/45/18,Stock item,Active,TIRES,
SAILUN 225/50/17,SAILUN 225/50/17,Stock item,Active,TIRES,
SAILUN 225/55/17,SAILUN 225/55/17,Stock item,Active,TIRES,
SAILUN 225/60/17,Sailun Atrezzo SH406,Stock item,Active,TIRES,
SAILUN 225/65/16,SAILUN 225/65/16,Stock item,Active,TIRES,
SAILUN 225/65/17,SAILUN 225/65/17,Stock item,Active,TIRES,
SAILUN 225/75/16,SAILUN LT225/75/16,Stock item,Active,TIRES,
SAILUN 235/30/22,SAILUN 235/30/22,Stock item,Active,TIRES,1.00
SAILUN 235/35/19,SAILUN 235/35/19,Stock item,Active,TIRES,
SAILUN 235/40/18,SAILUN 235/40/18,Stock item,Active,TIRES,1.00
SAILUN 235/40/19,SAILUN 235/40/19,Stock item,Active,TIRES,1.00
SAILUN 235/45/17,SAILUN 235/45/17,Stock item,Active,TIRES,
SAILUN 235/50/17,SAILUN 235/50/17,Stock item,Active,TIRES,
SAILUN 235/50/18,SAILUN 235/50/18,Stock item,Active,TIRES,1.00
SAILUN 235/55/17,SAILUN 235/55/17,Stock item,Active,TIRES,
SAILUN 235/55/18,SAILUN 235/55/18,Stock item,Active,TIRES,
SAILUN 235/55/19,SAILUN 235/55/19,Stock item,Active,TIRES,5.00
SAILUN 235/55/20,SAILUN 235/55/20,Stock item,Active,TIRES,
SAILUN 235/60/16,SAILUN 235/60/16,Stock item,Active,TIRES,4.00
SAILUN 235/65/16,SAILUN 235/65/16,Stock item,Active,TIRES,4.00
SAILUN 235/65/17,SAILUN 235/65/17,Stock item,Active,TIRES,
SAILUN 235/70/16,SAILUN 235/70/16,Stock item,Active,TIRES,2.00
SAILUN 235/75/15,SAILUN 235/75/15,Stock item,Active,TIRES,
SAILUN 235/80/17,SAILUN LT235/80/17,Stock item,Active,TIRES,1.00
SAILUN 245/40/17,SAILUN 245/40/17,Stock item,Active,TIRES,-2.00
SAILUN 245/40/18,SAILUN 245/40/18,Stock item,Active,TIRES,
SAILUN 245/40/19,SAILUN 245/40/19,Stock item,Active,TIRES,
SAILUN 245/45/20,SAILUN 245/45/20,Stock item,Active,TIRES,
SAILUN 245/55/19,SAILUN 245/55/19,Stock item,Active,TIRES,
SAILUN 245/60/18,SAILUN 245/60/18,Stock item,Active,TIRES,
SAILUN 245/60/20,SAILUN 245/60/20,Stock item,Active,TIRES,
SAILUN 245/65/17,SAILUN 245/65/17,Stock item,Active,TIRES,
SAILUN 245/70/17,SAILUN 245/70/17,Stock item,Active,TIRES,
SAILUN 245/70/19.5,SAILUN 245/70/19.5,Stock item,Active,TIRES,2.00
SAILUN 245/75/16,SAILUN LT245/75/16,Stock item,Active,TIRES,
SAILUN 245/75/17,SAILUN LT245/75/17,Stock item,Active,TIRES,
SAILUN 255/35/18,SAILUN 255/35/18,Non-stock item,Active,TIRES,
SAILUN 255/35/19,SAILUN 255/35/19,Stock item,Active,TIRES,
SAILUN 255/35/20,SAILUN 255/35/20,Stock item,Active,TIRES,
SAILUN 255/45/18,SAILUN 255/45/18,Stock item,Active,TIRES,
SAILUN 255/45/20,SAILUN 255/45/20,Stock item,Active,TIRES,
SAILUN 255/50/19,SAILUN 255/50/19,Stock item,Active,TIRES,4.00
SAILUN 255/50/20,SAILUN 255/50/20,Stock item,Active,TIRES,
SAILUN 255/55/18,SAILUN 255/55/18,Stock item,Active,TIRES,8.00
SAILUN 255/60/19,SAILUN 255/60/19,Stock item,Active,TIRES,
SAILUN 255/65/18,SAILUN 255/65/18,Stock item,Active,TIRES,
SAILUN 255/70/16,SALIN 255/70/16,Stock item,Active,TIRES,
SAILUN 265/35/22,SAILUN 265/35/22,Stock item,Active,TIRES,3.00
SAILUN 265/60/18,SAILUN 265/60/18,Stock item,Active,TIRES,
SAILUN 265/65/17,SAILUN 265/65/17,Stock item,Active,TIRES,4.00
SAILUN 265/70/16,SAILUN 265/70/16,Stock item,Active,TIRES,
SAILUN 265/70/17,,Stock item,Active,TIRES,5.00
SAILUN 265/70/18,SAILUN LT265/70/18,Stock item,Active,TIRES,12.00
SAILUN 265/75/16,SAILUN 265/75/16,Stock item,Active,TIRES,4.00
SAILUN 275/40/20,SAILUN 275/40/20,Stock item,Active,TIRES,
SAILUN 275/45/20,SAILUN 275/45/20,Stock item,Active,TIRES,4.00
SAILUN 275/55/20,SAILUN 275/55/20,Stock item,Active,TIRES,
SAILUN 275/60/20,SAILUN 275/60/20,Stock item,Active,TIRES,
SAILUN 275/65/18,SAILUN 275/65/18,Stock item,Active,TIRES,4.00
SAILUN 285/45/22,SAILUN 285/45/22,Stock item,Active,TIRES,
SAILUN 285/70/17,SAILUN LT285/70/17,Stock item,Active,TIRES,
SAILUN 295/35/24,SAILUN 295/35/24,Stock item,Active,TIRES,
SAILUN 305/35/24,SAILUN 305/35/24,Stock item,Active,TIRES,
SAILUN 305/40/22,SAILUN 305/40/22,Stock item,Active,TIRES,
SAILUN 305/45/22,SAILUN 305/45/22,Stock item,Active,TIRES,2.00
SAILUN 305/55/20,SAILUN LT305/55/20,Stock item,Active,TIRES,8.00
SAILUN 33/12.50/17,SAILUN 33/12.50/17,Stock item,Active,TIRES,
SAILUN 33/12.50/18,SAILUN 33/12.50/18,Stock item,Active,TIRES,9.00
SAILUN 33/12.50/22,SAILUN 33/12.50/22,Stock item,Active,TIRES,20.00
SAILUN 35/12.50/20,SAILUN 35/12.50/20,Stock item,Active,TIRES,2.00
SAILUN AT245/65/17,SAILUN AT245/65/17,Stock item,Active,TIRES,
SAILUN INSPIRE,SAILUN,Stock item,Active,TIRES,
SAILUN LT235/85/16,SAILUN LT235/85/16,Stock item,Active,TIRES,
SAILUN LT245/70/17,SAILUN LT245/70/17,Stock item,Active,TIRES,2.00
SAILUN LT245/75/16,SAILUN LT245/75/16,Stock item,Active,TIRES,
SAILUN LT245/75/17,SAILUN LT245/75/17,Stock item,Active,TIRES,
SAILUN LT265/70/17,SAILUN LT265/70/17,Stock item,Active,TIRES,
SALUN 195/65/15,SALUN 195/65/15,Stock item,Active,TIRES,-4.00
SALUN 215/50/17,SALUN 215/50/17,Stock item,Active,TIRES,
SALUN 225/60/17,SALUN 225/60/17,Stock item,Active,TIRES,
sam 10-16.5 skid,sam 10-16.5 skid,Stock item,Active,,
SAM 11.2-28,SAM 11.2-28,Stock item,Active,,
sam 215/85/16,215/85/16,Stock item,Active,TIRES,
sam 245/70/19.5,,Stock item,Active,TIRES,
SAM 7-14.5/12,SAM 7-14.5/12,Stock item,Active,18,
SAM 9/22.5,SAM 9/22.5,Stock item,Active,,
SAMSON 10/16.5/10,SAMSON 10/16.5/10,Stock item,Active,TIRES,
samson 205/90/15,samson205/90/15,Stock item,Active,TIRES,
samson 225/70/19,225/70/19,Stock item,Active,TIRES,
samson 225/75/16,225/75/16,Stock item,Active,TIRES,
se,State Excise Tax,Non-stock item,Active,,
SERVICE,SERVICE,Stock item,Active,,
ses,State Excise Tax,Stock item,Active,,
SHIPPING,SHIPPING CHARGES,Non-stock item,Active,,
SHIPPING - i,SHIPPING CHARGES,Stock item,Inactive,,-71.00
SHOP FEE,SHOP FEE,Non-stock item,Active,,
SHOP FEE - i,SHOP FEE,Service,Inactive,,
sigma 155/80/13,155/80/13,Stock item,Active,TIRES,
SOLAR 175/65/15,SOLAR 175/65/15,Stock item,Active,TIRES,4.00
SOLAR 185/65/15,SOLAR 185/65/15,Stock item,Active,TIRES,
SOLAR 195/50/16,SOLAR 195/50/16,Stock item,Active,TIRES,
SOLAR 205/55/16,SOLAR 205/55/16,Stock item,Active,TIRES,
SOLAR 205/70/15,SOLAR 205/70/15,Stock item,Active,TIRES,
SOLAR 215/70/15,SOLAR 215/70/15,Stock item,Active,TIRES,
SOLAR 225/60/16,SOLAR 225/60/16,Stock item,Active,TIRES,
SPACERS,5 LUG SPACERS,Non-stock item,Active,,
SPACERS - i,5 LUG SPACERS,Stock item,Inactive,,-22.00
spector 215/45/17,215/45/17,Stock item,Active,TIRES,
spector 215/70/16,215/70/16,Stock item,Active,TIRES,
spector 215/85/16,215/85/16,Stock item,Active,TIRES,
spector 225/35/20,spector 225/35/20,Stock item,Active,TIRES,
spector 225/45/17,225/45/17,Stock item,Active,TIRES,
spector 225/75/16,225/75/16,Stock item,Active,TIRES,
spector 235/65/17,235/65/17,Stock item,Active,TIRES,
spector 235/75/15,235/75/15,Stock item,Active,TIRES,
spector 235/85/16,235/85/16,Stock item,Active,TIRES,
spector 245/65/17,245/65/17,Stock item,Active,TIRES,
spector 245/70/16,245/70/16,Stock item,Active,TIRES,
spector 245/70/17,245/70/17,Stock item,Active,TIRES,
spector 245/75/16,245/75/16,Stock item,Active,TIRES,
spector 255/35/20,spector 255/35/20,Stock item,Active,PARTS,
spector 255/65/17,255/65/17,Stock item,Active,TIRES,
spector 255/70/16,255/70/16,Stock item,Active,TIRES,
spector 255/70/17,255/70/17,Stock item,Active,TIRES,
spector 265/70/16,265/70/16,Stock item,Active,TIRES,
spector 265/70/18,265/70/18,Stock item,Active,TIRES,
spector 265/75/16,265/75/16,Stock item,Active,TIRES,
spector 31/10.5/15,31/10.5/15,Stock item,Active,TIRES,
spoiler gt,SPOILER GT BATTLE INSTALLED,Stock item,Inactive,,
sporsplus 305/40/22,305/40/22,Stock item,Active,TIRES,
sportivva 215/35/18,215/35/18,Stock item,Active,TIRES,
sportivva 245/35/20,245/35/20,Stock item,Active,TIRES,
sportivva 255/30/22,255/30/22,Stock item,Active,TIRES,
sportivva 305/40/22,305/40/22,Stock item,Active,TIRES,
sportking 30/9.50/15,30/9.50/15,Stock item,Active,TIRES,
sportone 245/30/22,245/30/22,Stock item,Active,TIRES,
sportone 245/35/20,245/35/20,Stock item,Active,TIRES,
sportsplus 255/30/22,255/30/22,Stock item,Active,TIRES,
sportsplus 265/35/22,265/35/22,Stock item,Active,TIRES,
sportsplus 305/40/22,305/40/22,Stock item,Active,TIRES,
SPORTUHP 255/30/22,SPORTUHP 255/30/22,Stock item,Active,TIRES,
SPORTUHP 265/35/22,SPORTUHP 265/35/22,Stock item,Active,TIRES,
ST 165/80/13,ST 165/80/13,Stock item,Active,TIRES,
ST 205/75/14,ST 205/75/14,Stock item,Active,TIRES,
ST 205/75/15,205/75/15,Stock item,Active,TIRES,-1.00
ST 225/75/15,ST 225/75/15,Stock item,Active,TIRES,
ST 235/85/16,ST 235/85/16,Stock item,Active,TIRES,-4.00
st 7.00-15/10,7.00-15/10,Stock item,Active,TIRES,
st 7.50-16/14,st 7.50-16/14,Stock item,Active,PARTS,
ST205/75/14,ST 205/75/14,Stock item,Active,TIRES,
ST700.15,ST 700.15,Stock item,Active,,
STARSAIL 245/35/20,STARSAIL 245/35/20,Stock item,Active,TIRES,
STATE EXCISE TAX,STATE EXCISE TAX,Non-stock item,Active,,
stc 165/80/13,165/80/13,Stock item,Active,TIRES,
stc 175/80/13,175/80/13,Stock item,Active,TIRES,
stc 185/80/13,185/80/13,Stock item,Active,TIRES,
stc 20.5-8.00-10/10,20.5-8.00-10/10,Stock item,Active,TIRES,
stc 205/75/14,205/75/14,Stock item,Active,TIRES,
stc 205/75/15,205/75/15,Stock item,Active,TIRES,
stc 215/75/14,215/75/14,Stock item,Active,TIRES,
stc 215/85/16,STC 215/85/16,Stock item,Active,PARTS,
stc 225/75/15,225/75/15,Stock item,Active,TIRES,
stc 235/80/16,235/80/16,Stock item,Active,PARTS,
stc 235/85/16,STC ST235/85/16,Stock item,Active,TIRES,4.00
stc 4.80 8/6,4.80 8/6,Stock item,Active,,
stc 4.80-12/6,4.80-12/6,Stock item,Active,,
stc 5-12/6,5-12/6,Stock item,Active,,
stc 5-30-12/6,5.30-12/6,Stock item,Active,,
stc 5.70-8/8,5.70-8/8,Stock item,Active,,
STC 700/15,,Stock item,Active,,
STC 9/14.5,STC 9/14.5,Stock item,Active,,
stc hi-run 225/75/15,225/75/15,Stock item,Active,TIRES,
STORAGE FEE,STORAGE FEE,Stock item,Active,,-136.00
SUMI 195/50/16,SUMI 195/50/16,Stock item,Active,TIRES,4.00
SUMI 235/60/18,SUMITOMO 235/60/18,Stock item,Active,TIRES,
SUMIC 175/65/14,SUMIC 175/65/14,Stock item,Active,TIRES,
SUMIC 175/70/13,175/70/13,Stock item,Active,TIRES,
SUMIC 185/60/14,185/60/14,Stock item,Active,TIRES,
sumic 185/65/14,185/65/14,Stock item,Active,TIRES,
SUMIC 185/65/15,SUMIC 185/65/15,Stock item,Active,TIRES,
SUMIC 185/70/14,SUMIC 185/70/14,Stock item,Active,TIRES,
sumic 195/60/14,195/60/14,Stock item,Active,TIRES,
SUMIC 195/60/15,SUMIC 195/60/15,Stock item,Active,TIRES,
SUMIC 195/65/15,SUMIC 195/65/15,Stock item,Active,TIRES,
SUMIC 195/70/14,SUMIC 195/70/14,Stock item,Active,TIRES,
SUMIC 195/710/14,SUMIC 195/70/14,Stock item,Active,TIRES,
SUMIC 205/50/16,SUMIC 205/50/16,Stock item,Active,TIRES,4.00
SUMIC 205/55/16,SUMIC 205/55/16,Stock item,Active,TIRES,
sumic 205/60/15,205/60/15,Stock item,Active,TIRES,
sumic 205/65/15,205/65/15,Stock item,Active,TIRES,
SUMIC 205/70/15,SUMIC 205/70/15,Stock item,Active,TIRES,
SUMIC 215/55/16,,Stock item,Active,TIRES,
SUMIC 215/60/15,SUMIC 215/60/15,Stock item,Active,TIRES,
sumic 215/60/16,215/60/16,Stock item,Active,TIRES,
sumic 215/65/15,215/65/15,Stock item,Active,TIRES,
sumic 215/70/15,215/70/15,Stock item,Active,TIRES,5.00
sumic 225/50/16,225/50/16,Stock item,Active,TIRES,
SUMIC 225/50/17,SUMIC 225/50/17,Stock item,Active,TIRES,
sumic 225/60/16,225/60/16,Stock item,Active,TIRES,2.00
SUMIC 225/65/17,SUMIC 225/65/17,Stock item,Active,TIRES,
sumic 235/60/17,235/60/17,Stock item,Active,TIRES,
SUMIC 235/65/16,235/65/16,Stock item,Active,TIRES,
sumic 245/50/16,245/50/16,Stock item,Active,TIRES,
SUMIC 315/35/17,315/35/17,Stock item,Active,TIRES,
SUMITOMO 175/65/15,SUMITOMO 175/65/15,Stock item,Active,TIRES,
SUMITOMO 185/55/16,SUMITOMO 185/55/16,Stock item,Active,TIRES,
SUMITOMO 185/60/14,,Stock item,Active,TIRES,
SUMITOMO 195/65/15,SUMITOMO 195/65/15,Stock item,Active,TIRES,
SUMITOMO 195/70/14,SUMITOMO 195/70/14,Stock item,Active,TIRES,
sumitomo 205/40/16,205/40/16,Stock item,Active,PARTS,
SUMITOMO 205/60/16,SUMITOMO 205/60/16,Stock item,Active,TIRES,
SUMITOMO 205/65/15,SUMITOMO 205/65/15,Stock item,Active,TIRES,
SUMITOMO 215/40/18,SUMITOMO 215/40/18,Stock item,Active,TIRES,
sumitomo 215/50/17,215/50/17,Stock item,Active,TIRES,
SUMITOMO 215/60/16,SUMITOMO 215/60/16,Stock item,Active,TIRES,
SUMITOMO 215/60/17,SUMITOMO 215/60/17,Stock item,Active,TIRES,2.00
SUMITOMO 215/75/14,SUMITOMO 215/75/14,Stock item,Active,TIRES,
sumitomo 225/40/18,225/40/18,Stock item,Active,TIRES,
SUMITOMO 225/50/18,SUMIITOMO 225/50/18,Stock item,Active,TIRES,
SUMITOMO 225/55/18,SUMITOMO 225/55/18,Stock item,Active,TIRES,
sumitomo 225/60/16,225/60/16,Stock item,Active,TIRES,
SUMITOMO 225/60/17,SUMITOMO 225/60/17,Stock item,Active,TIRES,
SUMITOMO 225/60/18,SUMITOMO 225/60/18,Stock item,Active,TIRES,
SUMITOMO 225/65/17,SUMITOMO 225/65/17,Stock item,Active,TIRES,
SUMITOMO 225/75/15,SUMITOMO 225/75/15,Stock item,Active,TIRES,
SUMITOMO 225/75/16,SUMITOMO 225/75/16,Stock item,Active,TIRES,2.00
sumitomo 235/40/17,235/40/17,Stock item,Active,TIRES,
SUMITOMO 235/40/18,SUMITOMO 235/40/18,Stock item,Active,TIRES,
SUMITOMO 235/45/18,SUMITOMO 235/45/18,Stock item,Active,TIRES,
SUMITOMO 235/50/17,SUMITOMO 235/50/17,Stock item,Active,TIRES,
sumitomo 235/55/16,235/55/16,Stock item,Active,TIRES,
sumitomo 235/55/18,235/55/18,Stock item,Active,TIRES,
SUMITOMO 235/55/20,SUMITOMO 235/55/20,Stock item,Active,TIRES,
SUMITOMO 235/60/16,SUMITOMO 235/60/16,Non-stock item,Active,TIRES,
SUMITOMO 235/60/18,SUMITOMO 235/60/18,Stock item,Active,TIRES,
sumitomo 235/65/17,235/65/17,Stock item,Active,TIRES,1.00
SUMITOMO 235/65/18,SUMITOMO 235/65/18,Stock item,Active,TIRES,
SUMITOMO 235/70/16,SUMITOMO 235/70/16,Stock item,Active,TIRES,
SUMITOMO 235/75/16,SUMITOMO 235/75/16,Stock item,Active,TIRES,
sumitomo 245/35/20,245/35/20,Stock item,Active,PARTS,
SUMITOMO 245/40/17,SUMITOMO 245/40/17,Stock item,Active,TIRES,
sumitomo 245/40/18,245/40/18,Stock item,Active,TIRES,
SUMITOMO 245/45/17,SUMITOMO 245/45/17,Stock item,Active,TIRES,
sumitomo 245/45/18,245/45/18,Stock item,Active,TIRES,
SUMITOMO 245/50/17,SUMITOMO 245/50/17,Stock item,Active,TIRES,
SUMITOMO 245/60/18,SUMITOMO 245/60/18,Stock item,Active,TIRES,
sumitomo 255/40/18,255/40/18,Stock item,Active,TIRES,
SUMITOMO 255/45/18,SUMITOMO 255/45/18,Stock item,Active,TIRES,
SUMITOMO 255/60/19,SUMITOMO 255/60/19,Stock item,Active,TIRES,
sumitomo 265/40/18,265/40/18,Stock item,Active,TIRES,
SUMITOMO 265/60/18,SUMITOMO 265/60/18,Stock item,Active,TIRES,
SUMITOMO 265/70/17,SUMITOMO 265/70/17,Stock item,Active,TIRES,1.00
SUMITOMO 275/35/18,SUMITOMO 275/35/18,Stock item,Active,TIRES,
SUMITOMO 275/35/20,SUMITOMO 275/35/20,Stock item,Active,TIRES,-2.00
sumitomo 275/40/17,275/40/17,Stock item,Active,TIRES,
SUMITOMO 275/40/18,,Stock item,Active,TIRES,
SUMITOMO 275/40/19,SUMITOMO 275/40/19,Stock item,Active,TIRES,
sumitomo 275/45/20,275/45/20,Stock item,Active,TIRES,
sumitomo 285/50/20,285/50/20,Stock item,Active,TIRES,
SUMITOMO 315/35/17,SUMITOMO 315/35/17,Stock item,Active,TIRES,
SUMMIC 205/50/16,SUMMIC 205/50/16,Stock item,Active,TIRES,
SUNEW 205/40/17,205/40/17,Stock item,Active,TIRES,
SUNEW 205/50/17,205/50/17,Stock item,Active,TIRES,
SUNEW 205/55/16,SUNEW 205/55/16,Stock item,Active,TIRES,
sunew 215/35/18,215/35/18,Stock item,Active,TIRES,
SUNEW 215/40/17,215/40/17,Stock item,Active,TIRES,
sunew 215/45/17,215/45/17,Stock item,Active,TIRES,
sunew 215/50/17,215/50/17,Stock item,Active,TIRES,
SUNEW 225/40/18,SUNEW 225/40/18 MOUNTED AND BA,Stock item,Active,TIRES,
SUNEW 225/45/17,225/45/17,Stock item,Active,TIRES,
SUNEW 225/45/18,225/45/18,Stock item,Active,TIRES,
SUNEW 225/50/17,225/50/17,Stock item,Active,TIRES,
sunew 235/40/18,235/40/18,Stock item,Active,TIRES,
SUNEW 235/45/17,235/45/17,Stock item,Active,TIRES,
sunew 245/45/18,245/45/18,Stock item,Active,TIRES,
sunny 225/30/20,225/30/20,Stock item,Active,TIRES,
sunny 225/35/20,225/35/20,Stock item,Active,TIRES,
SUNNY 225/40/18,SUNNY 225/40/18,Stock item,Active,TIRES,
sunny 245/35/20,245/35/20,Stock item,Active,TIRES,
sunny 245/40/18,245/40/18,Stock item,Active,TIRES,
sunny 255/35/20,255/35/20,Stock item,Active,TIRES,
sunny 265/35/22,265/35/22,Stock item,Active,TIRES,
sunny 275/40/20,275/40/20,Stock item,Active,TIRES,
sunny 285/50/20,285/50/20,Stock item,Active,TIRES,
SUNNY 295/35/24,SUNNY 295/35/24,Stock item,Active,TIRES,
sunny 305/35/24,305/35/24,Stock item,Active,TIRES,
sunny 305/40/22,305/40/22,Stock item,Active,TIRES,
sunny 305/45/22,305/45/22,Stock item,Active,TIRES,
SUNTEK 205/75/14,205/75/14,Stock item,Active,TIRES,
SUPERTRAC 33/1250/20,,Stock item,Active,TIRES,
SUPERTRAC 35/1250/20,,Stock item,Active,TIRES,
SUPHWY 700-15,SUPHWY 700-15,Stock item,Active,TIRES,
SURE TRACK,SURE TRACK,Stock item,Active,,
SURETRAC 33/12.50/20,SURETRAC 33/12.50/20,Stock item,Active,TIRES,
TAKOMA,TAKOMA,Stock item,Active,,
TAMAROCK 33/12.50/20,TAMAROCK 33/12.50/20,Stock item,Active,TIRES,-1.00
TAX,SALES TAX,Stock item,Active,,22.00
tbc 165/80/15,165/80/15,Stock item,Active,TIRES,
tbc 185/75/14,185/75/14,Stock item,Active,TIRES,
tbc 205/75/14,tbc 205/75/14,Stock item,Active,TIRES,
tbc 225/60/16,225/60/16,Stock item,Active,TIRES,
TBC 225/70/15,TBC 225/70/15,Stock item,Active,TIRES,
tbc 225/75/16,225/75/16,Stock item,Active,TIRES,
TBC 235/80/16,TBC ST235/80/16,Stock item,Active,TIRES,3.00
TBC 235/85/16,TBC ST235/85/16,Stock item,Active,TIRES,
TBC 265/70/18,TBC 265/70/18,Stock item,Active,TIRES,
tbc 295/30/26,295/30/26,Stock item,Active,TIRES,
TBC 295/70/18,TBC LT295/70/18,Stock item,Active,TIRES,
TBC 37/12.50/17,TBC 37/12.50/17,Stock item,Active,TIRES,
td,Tire Disposal,Non-stock item,Active,,
tdp,Tire Disposal,Stock item,Inactive,,-23.00
telestar 165/15,TELESTAR 165/15,Stock item,Active,TIRES,
TELESTAR 195/70/14,TELESTAR 195/70/14,Stock item,Active,TIRES,
TELESTAR 225/55/17,TELESTAR 225/55/17 MOUNTED AND,Stock item,Active,TIRES,
TELESTAR 225/55/18,,Stock item,Active,TIRES,
TELESTAR 225/65/16,225/65/16,Stock item,Active,TIRES,
TELESTAR 225/65/18,225/65/18,Stock item,Active,TIRES,
TELESTAR 235/60/17,,Stock item,Active,TIRES,
telestar 235/60/18,TELESTAR 235/60/18,Stock item,Active,TIRES,
TELESTAR 235/65/18,TELESTAR 235/65/18,Stock item,Active,TIRES,
TELESTAR 235/75/16,235/75/16,Stock item,Active,PARTS,
telestar 245/35/20,TELESTAR 245/35/20,Stock item,Active,TIRES,
TELESTAR 245/75/16,TELESTAR 245/75/16,Stock item,Active,TIRES,
telestar 255/55/18,TELESTAR 255/55/18,Stock item,Active,TIRES,
TELESTAR 255/65/16,TELESTAR 255/65/16,Stock item,Active,TIRES,
TELESTAR 255/65/18,255/65/18,Stock item,Active,TIRES,
TELESTAR 255/70/15,255/70/15,Stock item,Active,PARTS,
Telestar 275/55/20,275/55/20,Stock item,Active,TIRES,
TELESTAR 275/70/18,275/70/18,Stock item,Active,TIRES,
TELESTAR 33/12.50/17,33/12.50/17,Stock item,Active,TIRES,
Telstar 265/35/22,265/35/22,Stock item,Active,TIRES,
TELSTAR 285/75/16,,Stock item,Active,TIRES,
TELSTAR 295/50/15,TELSTAR 295/50/15,Stock item,Active,TIRES,
TELSTAR 295/50/17,TELSTAR 295/50/17,Stock item,Active,TIRES,
tempra 295/50/16,295/50/16,Stock item,Active,TIRES,
TERRAIN 285/55/22,TERRAIN LT285/55/22,Stock item,Active,TIRES,
THUNDER 215/85/16,THUNDER 215/85/16,Stock item,Active,TIRES,
THUNDER 225/70/19.5,THUNDER 225/70/19.5,Stock item,Active,TIRES,
THUNDER 225/75/16,THUNDER 225/75/16,Stock item,Active,TIRES,
THUNDER 245/75/16,THUNDER 245/7516,Stock item,Active,TIRES,
THUNDER 255/65/18,THUNDER 255/65/18,Stock item,Active,TIRES,
THUNDER 37/12.5/20,THUNDER 37/12.5/20,Stock item,Active,TIRES,
THUNDER LT265/75/16,,Stock item,Active,TIRES,
THUNDERER 205/55/15,THUNDERER 205/55/15,Stock item,Active,TIRES,-4.00
THUNDERER 235/85/16,THUNDERER 235/85/16,Stock item,Active,TIRES,
THUNDERER 265/75/16,THUNDERER 265/75/16,Stock item,Active,TIRES,
THUNDERER 285/70/17,THUNDERER 285/70/17,Stock item,Active,TIRES,5.00
TIRE DISPOSAL,TIRE DISPOSAL CHARGE,Non-stock item,Active,,
TIRE PATCH,TIRE PATCH,Non-stock item,Active,,
TIRE PATCH - i,TIRE PATCH,Stock item,Inactive,,-18.00
tire plug,TIRE PLUG,Non-stock item,Active,,
tire plug - i,TIRE PLUG,Stock item,Inactive,,-80.00
TIRE PROTECTION,,Non-stock item,Active,,
TIRE PROTECTION OLD,,Stock item,Inactive,,-20.00
TIRE ROTATION,,Non-stock item,Active,,
TIRE ROTATION - i,,Stock item,Inactive,,-22.00
tire wheel package,F,Non-stock item,Active,,
tire wheel package -,F,Stock item,Inactive,,
tirepatch,Tire Patch,Stock item,Inactive,,-3.00
TOURING 185/65/15,TOURING 185/65/15,Stock item,Active,TIRES,1.00
touring 205/60/15,205/60/15,Stock item,Active,TIRES,
touring 205/70/15,205/70/15,Stock item,Active,TIRES,
touring 205/75/15,205/75/15,Stock item,Active,TIRES,
touring 215/60/15,215/60/15,Stock item,Active,TIRES,
TOURING 215/65/16,TOURING 215/65/16,Stock item,Active,TIRES,
TOURING 215/65/17,TOURING 215/65/17,Stock item,Active,TIRES,
touring 215/70/15,215/70/15,Stock item,Active,TIRES,1.00
touring 235/75/15,235/75/15,Stock item,Active,TIRES,
TOW,TOWING SERVICE,Service,Active,,
TOW STAR 205/75/15,TOW STAR 205/75/15,Stock item,Active,TIRES,
towmast 205/75/14,Towmast 205/75/14,Stock item,Active,TIRES,
TOWMAST 205/75/15,TOWMAST 205/75/15,Stock item,Active,TIRES,
towmast 225/75/15,Towmast 225/75/15,Stock item,Active,TIRES,
TOWMAST 235/80/16,TOWMAST 235/80/16,Stock item,Active,TIRES,
TOWMASTER 205/75/15,TOW MASTER 205/75/15,Stock item,Active,TIRES,
TOWMASTER 215/75/14,,Stock item,Active,TIRES,
towmaster 225/75/15,225/75/15,Stock item,Active,TIRES,
TOWMASTER 235/80/16,TOWMASTER  235/80/16,Stock item,Active,TIRES,
TOWMAX ST235/80/16,TOWMAX ST235/80/16,Stock item,Active,TIRES,
TOWSTAR 175/80/13,,Stock item,Active,TIRES,
TOWSTAR 205/75/14,TOWSTAR 205/75/14,Stock item,Active,TIRES,
TOWSTAR 205/75/15,TOWSTAR 205/75/15,Stock item,Active,TIRES,
TOWSTAR 225/75/15,TOWSTAR 225/75/15,Stock item,Active,TIRES,
TOYO  245/70/16,TOYO 245/70/16,Stock item,Active,TIRES,-2.00
TOYO 175/65/15,TOYO 175/65/15,Stock item,Active,TIRES,
TOYO 175/70/13,TOYO 175/70/13,Stock item,Active,TIRES,
TOYO 185/55/16,TOYO 185/55/16,Stock item,Active,TIRES,
TOYO 185/60/15,TOYO 185/60/15,Stock item,Active,TIRES,
TOYO 185/60/16,TOYO 185/60/16,Stock item,Active,TIRES,
toyo 185/65/14,toyo 185/65/14,Stock item,Active,TIRES,-2.00
TOYO 185/65/15,TOYO 185/65/15,Stock item,Active,TIRES,-3.00
TOYO 195/50/15,TOYO 195/50/15,Stock item,Active,TIRES,
TOYO 195/50/16,TOYO 195/50/16,Stock item,Active,TIRES,
TOYO 195/55/15,,Stock item,Active,TIRES,2.00
TOYO 195/55/16,TOYO 195/55/16,Stock item,Active,TIRES,-2.00
TOYO 195/60/15,TOYO 195/60/15,Stock item,Active,TIRES,
toyo 195/65/15,195/65/15,Stock item,Active,TIRES,
TOYO 195/70/14,TOYO 195/70/14,Stock item,Active,TIRES,4.00
TOYO 195/75/14,TOYO 195/75/14,Stock item,Active,TIRES,
TOYO 195/75/16,TOYO 195/75/16,Stock item,Active,TIRES,
toyo 205/40/17,205/40/17,Stock item,Active,TIRES,
toyo 205/45/17,205/45/17,Stock item,Active,TIRES,
TOYO 205/50/16,TOYO 205/50/16,Stock item,Active,TIRES,2.00
TOYO 205/50/17,TOYO 205/50/17,Stock item,Active,TIRES,5.00
toyo 205/55/16,TOYO 205/55/16,Stock item,Active,TIRES,
TOYO 205/60/16,TOYO 205/60/16,Stock item,Active,TIRES,2.00
TOYO 205/65/15,TOYO 205/65/15,Stock item,Active,TIRES,-4.00
TOYO 205/65/16,TOYO 205/65/16,Stock item,Active,TIRES,4.00
TOYO 205/70/15,TOYO 205/70/15,Stock item,Active,TIRES,-1.00
TOYO 205/75/14,TOYO 205/75/14,Stock item,Active,TIRES,
TOYO 205/75/15,TOYO 205/75/15,Stock item,Active,TIRES,-4.00
TOYO 215/35/18,TOYO 215/35/18,Stock item,Active,TIRES,
TOYO 215/45/17,TOYO 215/45/17,Stock item,Active,TIRES,
TOYO 215/50/17,TOYO 215/50/17,Stock item,Active,TIRES,4.00
TOYO 215/55/16,TOYO 215/55/16,Stock item,Active,TIRES,
TOYO 215/55/17,TOYO 215/55/17,Stock item,Active,TIRES,
TOYO 215/60/16,TOYO 215/60/16,Stock item,Active,TIRES,
TOYO 215/60/17,TOYO 215/60/17,Stock item,Active,TIRES,-2.00
TOYO 215/65/16,TOYO 215/65/16,Stock item,Active,TIRES,2.00
TOYO 215/65/17,TOYO 215/65/17,Stock item,Active,TIRES,
TOYO 215/70/15,TOYO 215/70/15,Stock item,Active,TIRES,2.00
TOYO 215/70/16,TOYO 215/70/16,Stock item,Active,TIRES,-2.00
TOYO 215/75/15,TOYO 215/75/15,Stock item,Active,TIRES,1.00
TOYO 225/30/20,TOYO 225/30/20,Stock item,Active,TIRES,-4.00
toyo 225/35/19,225/35/19,Stock item,Active,TIRES,
toyo 225/35/20,toyo 225/35/20,Stock item,Active,TIRES,
toyo 225/40/18,toyo 225/40/18,Stock item,Active,TIRES,
toyo 225/40/19,toyo 225/40/19,Stock item,Active,TIRES,4.00
TOYO 225/45/18,TOYO 225/45/18,Stock item,Active,TIRES,-2.00
TOYO 225/45/19,TOYO 225/45/19,Stock item,Active,TIRES,
TOYO 225/50/16,TOYO 225/50/16,Stock item,Active,TIRES,
TOYO 225/50/17,TOYO 225/50/17,Stock item,Active,TIRES,4.00
TOYO 225/55/17,TOYO 225/55/17,Stock item,Active,TIRES,4.00
TOYO 225/55/19,TOYO 225/55/19,Stock item,Active,TIRES,
TOYO 225/60/15,TOYO 225/60/15,Stock item,Active,TIRES,
TOYO 225/60/16,TOYO 225/60/16,Stock item,Active,TIRES,
TOYO 225/60/17,TOYO 225/60/17,Stock item,Active,TIRES,
TOYO 225/60/18,TOYO 225/60/18,Stock item,Active,TIRES,
TOYO 225/65/16,TOYO 225/65/16,Stock item,Active,TIRES,
TOYO 225/65/17,TOYO 225/65/17,Stock item,Active,TIRES,4.00
toyo 225/70/15,TOYO 225/70/15,Stock item,Active,TIRES,
TOYO 225/70/16,TOYO 225/70/16,Stock item,Active,TIRES,4.00
TOYO 225/70/19.5,TOYO 225/70/19.5,Stock item,Active,TIRES,1.00
TOYO 225/75/15,TOYO 225/75/15,Stock item,Active,TIRES,2.00
TOYO 225/75/16,TOYO 225/75/16,Stock item,Active,TIRES,4.00
TOYO 235/30/20,TOYO 235/30/20,Stock item,Active,TIRES,4.00
toyo 235/30/24,235/30/24,Stock item,Active,TIRES,
TOYO 235/35/19,TOYO 235/35/19,Stock item,Active,TIRES,6.00
TOYO 235/40/19,TOYO 235/40/19,Stock item,Active,TIRES,
toyo 235/45/17,235/45/17,Stock item,Active,TIRES,
TOYO 235/50/17,TOYO 235/50/17,Stock item,Active,TIRES,
TOYO 235/50/18,TOYO 235/50/18,Stock item,Active,TIRES,4.00
TOYO 235/50/19,TOYO 235/50/19,Stock item,Active,TIRES,
TOYO 235/55/17,TOYO 235/55/17,Stock item,Active,TIRES,
TOYO 235/55/18,TOYO 235/55/18,Stock item,Active,TIRES,
TOYO 235/55/19,TOYO 235/55/19,Stock item,Active,TIRES,
TOYO 235/55/20,TOYO 235/55/20,Stock item,Active,TIRES,4.00
TOYO 235/60/17,TOYO 235/60/17,Stock item,Active,TIRES,8.00
TOYO 235/60/18,TOYO 235/60/18,Stock item,Active,TIRES,8.00
TOYO 235/65/16,TOYO 235/65/16/C,Stock item,Active,TIRES,-4.00
TOYO 235/65/17,TOYO 235/65/17,Stock item,Active,TIRES,4.00
TOYO 235/65/18,TOYO 235/65/18,Stock item,Active,TIRES,8.00
TOYO 235/70/16,TOYO 235/70/16,Stock item,Active,TIRES,
TOYO 235/75/15,TOYO 235/75/15,Stock item,Active,TIRES,-3.00
TOYO 235/75/17,TOYO 235/75/17,Stock item,Active,TIRES,
TOYO 235/80/17,TOYO 235/80/17,Stock item,Active,TIRES,
toyo 235/85/16,235/85/16,Stock item,Active,TIRES,
toyo 245/35/20,245/35/20,Stock item,Active,TIRES,2.00
TOYO 245/40/18,TOYO 245/40/18,Stock item,Active,TIRES,4.00
toyo 245/40/19,toyo 245/40/19,Stock item,Active,TIRES,
toyo 245/40/20,245/40/20,Stock item,Active,TIRES,
TOYO 245/45/17,TOYO 245/45/17,Stock item,Active,TIRES,
TOYO 245/45/18,TOYO 245/45/18,Stock item,Active,TIRES,8.00
TOYO 245/45/19,TOYO 245/45/19,Stock item,Active,TIRES,4.00
TOYO 245/45/20,TOYO 245/45/20,Stock item,Active,TIRES,
TOYO 245/50/17,TOYO 245/50/17,Stock item,Active,TIRES,
TOYO 245/55/18,TOYO 245/55/18,Stock item,Active,TIRES,
TOYO 245/60/18,TOYO 245/60/18,Stock item,Active,TIRES,10.00
TOYO 245/65/17,TOYO 245/65/17,Stock item,Active,TIRES,4.00
toyo 245/70/17,TOYO 245/70/17,Stock item,Active,TIRES,
toyo 245/75/16,245/75/16,Stock item,Active,TIRES,
TOYO 255/30/19,TOYO 255/30/19,Stock item,Active,TIRES,2.00
TOYO 255/30/20,TOYO 255/30/20,Stock item,Active,TIRES,
toyo 255/30/22,toyo 255/30/22,Stock item,Active,TIRES,
toyo 255/30/24,255/30/24,Stock item,Active,TIRES,
TOYO 255/35/18,TOYO 255/35/18,Stock item,Active,TIRES,2.00
TOYO 255/35/19,TOYO 255/35/19,Stock item,Active,TIRES,
TOYO 255/35/20,TOYO 255/35/20,Stock item,Active,TIRES,15.00
TOYO 255/40/19,TOYO 255/40/19,Stock item,Active,TIRES,
TOYO 255/45/18,TOYO 255/45/18,Stock item,Active,TIRES,
TOYO 255/45/20,TOYO 255/45/20,Stock item,Active,TIRES,
TOYO 255/50/19,TOYO 255/50/19,Stock item,Active,TIRES,
TOYO 255/50/20,TOYO 255/50/20,Stock item,Active,TIRES,
TOYO 255/55/18,TOYO 255/55/18,Stock item,Active,TIRES,1.00
TOYO 255/60/19,TOYO 255/60/19,Stock item,Active,TIRES,
TOYO 255/65/16,TOYO 255/65/16,Stock item,Active,TIRES,4.00
TOYO 255/65/18,TOYO 255/65/18,Stock item,Active,TIRES,
TOYO 255/70/17,TOYO 255/70/17,Stock item,Active,TIRES,
TOYO 265/30/19,TOYO 265/30/19,Stock item,Active,TIRES,2.00
TOYO 265/35/18,TOYO 265/35/18,Stock item,Active,TIRES,
TOYO 265/40/18,TOYO 265/40/18,Stock item,Active,TIRES,
TOYO 265/45/20,TOYO 265/45/20,Stock item,Active,TIRES,
TOYO 265/50/20,TOYO 265/50/20,Stock item,Active,TIRES,4.00
TOYO 265/60/18,TOYO 265/60/18,Stock item,Active,TIRES,
TOYO 265/65/17,TOYO 265/65/17,Stock item,Active,TIRES,5.00
TOYO 265/65/18,,Stock item,Active,TIRES,-8.00
TOYO 265/70/16,TOYO 265/70/16,Stock item,Active,PARTS,4.00
TOYO 265/70/17,TOYO 265/70/17,Stock item,Active,TIRES,18.00
TOYO 265/70/18,TOYO 265/70/18,Stock item,Active,TIRES,
toyo 265/75/16,265/75/16,Stock item,Active,TIRES,-4.00
TOYO 275/30/19,TOYO 275/30/19,Stock item,Active,TIRES,2.00
TOYO 275/30/20,TOYO 275/30/20,Stock item,Active,TIRES,2.00
TOYO 275/35/18,,Stock item,Active,TIRES,1.00
TOYO 275/35/20,TOYO 275/35/20,Stock item,Active,TIRES,
TOYO 275/40/17,TOYO 275/40/17,Stock item,Active,TIRES,
TOYO 275/40/18,TOYO 275/40/18,Stock item,Active,TIRES,
TOYO 275/40/19,TOYO 275/40/19,Stock item,Active,TIRES,
TOYO 275/40/20,TOYO 275/40/20,Stock item,Active,TIRES,2.00
TOYO 275/45/19,TOYO 275/45/19,Stock item,Active,TIRES,
TOYO 275/45/20,TOYO 275/45/20,Stock item,Active,TIRES,-3.00
TOYO 275/50/22,TOYO 275/50/22,Stock item,Active,TIRES,
TOYO 275/55/20,TOYO 275/55/20,Stock item,Active,TIRES,-2.00
TOYO 275/60/20,TOYO 275/60/20,Stock item,Active,TIRES,
TOYO 275/65/18,275/65/18,Stock item,Active,TIRES,4.00
TOYO 275/65/20,275/65/20,Stock item,Active,TIRES,
TOYO 275/70/17,TOYO 275/70/17,Stock item,Active,TIRES,
TOYO 275/70/18,TOYO LT275/70/18,Stock item,Active,TIRES,-3.00
TOYO 285/25/20,TOYO 285/25/20,Stock item,Active,TIRES,2.00
TOYO 285/30/20,TOYO 285/30/20,Stock item,Active,TIRES,
TOYO 285/35/18,TOYO 285/35/18,Stock item,Active,TIRES,
TOYO 285/35/19,TOYO 285/35/19,Stock item,Active,TIRES,4.00
TOYO 285/35/22,TOYO 285/35/22,Stock item,Active,TIRES,8.00
TOYO 285/45/22,TOYO 285/45/22,Stock item,Active,TIRES,
TOYO 285/50/22,TOYO LT285/50/22,Stock item,Active,TIRES,
TOYO 285/55/20,TOYO 285/55/20,Stock item,Active,TIRES,
TOYO 285/55/22,TOYO LT285/55/22,Stock item,Active,TIRES,
TOYO 285/60/18,TOYO 285/60/18,Stock item,Active,TIRES,-1.00
TOYO 285/60/20,TOYO LT285/60/20,Stock item,Active,TIRES,8.00
TOYO 285/65/18,TOYO 285/65/18,Stock item,Active,TIRES,1.00
TOYO 285/70/17,TOYO 285/70/17,Stock item,Active,TIRES,8.00
TOYO 285/75/16,TOYO LT285/75/16,Stock item,Active,TIRES,1.00
TOYO 285/75/18,TOYO LT285/75/18,Stock item,Active,TIRES,4.00
TOYO 295/25/22,TOYO 295/25/22,Stock item,Active,TIRES,
TOYO 295/30/20,TOYO 295/30/20,Stock item,Active,TIRES,2.00
TOYO 295/35/21,TOYO 295/35/21,Stock item,Active,TIRES,
TOYO 295/40/18,295/40/18,Stock item,Active,TIRES,
TOYO 295/40/20,TOYO 295/40/20,Stock item,Active,TIRES,4.00
TOYO 295/45/18,295/45/18,Stock item,Active,TIRES,
TOYO 295/45/20,TOYO 295/45/20,Stock item,Active,TIRES,2.00
TOYO 295/60/20,TOYO 295/60/20,Stock item,Active,TIRES,
TOYO 295/65/20,TOYO 295/65/20,Stock item,Active,TIRES,
TOYO 295/70/18,TOYO 295/70/18,Stock item,Active,TIRES,
TOYO 305/30/20,TOYO 305/30/20,Stock item,Active,TIRES,
TOYO 305/40/20,TOYO 305/40/20,Stock item,Active,TIRES,-2.00
TOYO 305/40/22,TOYO 305/40/22,Stock item,Active,TIRES,
TOYO 305/45/22,TOYO 305/45/22,Stock item,Active,TIRES,
TOYO 305/50/20,TOYO 305/50/20,Stock item,Active,TIRES,4.00
TOYO 305/55/20,TOYO 305/55/20,Stock item,Active,TIRES,8.00
TOYO 305/60/18,TOYO 305/60/18,Stock item,Active,TIRES,4.00
TOYO 305/70/16,TOYO LT305/70/16,Stock item,Active,TIRES,
TOYO 305/70/17,TOYO 305/70/17,Stock item,Active,TIRES,
TOYO 315/35/17,TOYO 315/35/17,Stock item,Active,TIRES,-2.00
TOYO 315/35/20,TOYO 315/35/20,Stock item,Active,TIRES,
TOYO 315/60/20,TOYO 315/60/20,Stock item,Active,TIRES,
TOYO 325/50/24,TOYO 325/50/24,Stock item,Active,TIRES,
TOYO 33/12.5/18,TOYO 33/12.5/18,Stock item,Active,TIRES,
TOYO 33/12.5/20,TOYO 33/12.5/20,Stock item,Active,TIRES,
TOYO 33/12.50/17,TOYO 33/12.50/17,Stock item,Active,TIRES,4.00
TOYO 33/12.50/20,TOYO 33/12.50/20,Stock item,Active,TIRES,4.00
TOYO 33/12.50/22,TOYO 33/12.50/22,Stock item,Active,TIRES,4.00
TOYO 35/12.5/17,TOYO 35/12.5/17,Stock item,Active,TIRES,4.00
TOYO 35/12.50/17,TOYO 35/12.50/17,Stock item,Active,TIRES,-4.00
TOYO 35/12.50/18,TOYO 35/12.50/18,Stock item,Active,TIRES,
TOYO 35/12.50/20,35/12.50/20,Stock item,Active,TIRES,4.00
TOYO 37/12.5/20,TOYO 37/12.5/20,Stock item,Active,TIRES,-2.00
TOYO 37/12.50/18,TOYO 37/12.50/18,Stock item,Active,TIRES,4.00
TOYO 37/12.50/20,TOYO 37/12.50/20,Stock item,Active,TIRES,6.00
TOYO 37/13.50/18,TOYO 37/13.50/18,Stock item,Active,TIRES,
TOYO 37/13.50/20,TOYO 37/13.50/20,Stock item,Active,TIRES,6.00
TOYO 37/13.50/22,TOYO 37/13.50/22,Stock item,Active,TIRES,
TOYO 385/70/16,TOYO 385/70/16,Stock item,Active,TIRES,4.00
TOYO AT215/70/16,TOYO AT215/70/16,Stock item,Active,TIRES,4.00
TOYO LT225/75/16,TOYO LT 225/75/16,Stock item,Active,TIRES,-4.00
TOYO LT245/75/17,TOYO LT245/75/17,Stock item,Active,TIRES,
TOYO LT265/70/17,TOYO LT265/70/17,Stock item,Active,TIRES,-4.00
TOYO LT265/75/16,TOYO LT 265/75/16,Stock item,Active,TIRES,4.00
TOYO LT285/70/16,TOYO LT285/70/16,Stock item,Active,TIRES,-4.00
TOYO LT315/75/16,TOYO LT315/75/16,Stock item,Active,TIRES,
TRACGARD 18/8.5-8,TRACGARD 18/8.5-8,Stock item,Active,TIRES,
TRACGARD 205/75/15,TRACGARD 205/75/15,Stock item,Active,TIRES,3.00
TRACGARD 225/75/15,TRACGARD 225/75/15,Stock item,Active,TIRES,4.00
TRACMAX 305/40/22,305/40/22,Stock item,Active,TIRES,
trail 225/70/16,225/70/16,Stock item,Active,TIRES,
trail 235/70/16,235/70/16,Stock item,Active,TIRES,
TRAIL 31/10.50/15,TRAIL 31/10.50/15,Stock item,Active,TIRES,
TRAIL GUIDE 265/70/1,TRAIL GUIDE 265/70/17,Stock item,Active,TIRES,
trail guide 265/75/1,TRAIL GUIDE 265/75/16,Stock item,Active,TIRES,1.00
trailer 205/75/14,205/75/14,Stock item,Active,TIRES,
TRAILER 225/75/15,TRAILER KING 225/75/15,Stock item,Active,TIRES,
TRAILER 235/85/16,TRAILER KING 235/85/16,Stock item,Active,TIRES,
TRAILERKING 235/80/1,TRAILERKING 235/80/16,Stock item,Active,TIRES,
tralano 275/45/20,275/45/20,Stock item,Active,TIRES,
TRANSMISSION FLUSH,,Non-stock item,Active,,
TRANSMISSION FLUSH-i,,Stock item,Inactive,,-4.00
TRANSPORTER 20/75/15,TRANSPORTER 205/75/15,Stock item,Active,TIRES,
TRANSPORTER 215/75/1,215/75/14,Stock item,Active,TIRES,
TRANSPORTER 235/80/1,TRANSPORTER 235/80/16,Stock item,Active,TIRES,
TRAVELSTAR 175/65/14,TRAVELSTAR 175/65/14,Stock item,Active,TIRES,
TRAVELSTAR 185/60/15,TRAELSTAR 185/60/15,Stock item,Active,TIRES,
TRAVELSTAR 185/65/15,TRAVELSTAR 185/65/15,Stock item,Active,TIRES,
TRAVELSTAR 185/70/14,TRAVELSTAR 185/70/14,Stock item,Active,TIRES,
travelstar 195/55/15,TRAVELSTAR 195/55/15,Stock item,Active,TIRES,
TRAVELSTAR 195/75/14,TRAVELSTAR 195/75/14,Stock item,Active,TIRES,2.00
TRAVELSTAR 205/70/15,TRAVELSTAR 205/70/15,Stock item,Active,TIRES,4.00
TRAVELSTAR 205/75/15,TRAVELSTAR ST205/75/15,Stock item,Active,TIRES,4.00
TRAVELSTAR 215/50/17,TRAVELSTAR 215/50/17,Stock item,Active,TIRES,4.00
TRAVELSTAR 215/55/17,TRAVELSTAR 215/55/17,Stock item,Active,TIRES,5.00
TRAVELSTAR 215/60/17,215/60R17 UN99,Stock item,Active,TIRES,
TRAVELSTAR 225/40/18,TRAVELSTAR 225/40/18,Stock item,Active,TIRES,
travelstar 225/55/17,TRAVELSTAR 225/55/17,Stock item,Active,TIRES,
TRAVELSTAR 225/60/18,TRAVELSTAR 225/60/18,Stock item,Active,TIRES,
TRAVELSTAR 225/75/15,TRAVELSTAR ST225/75/15,Stock item,Active,TIRES,4.00
travelstar 235/45/18,travelstar 235/45/18,Stock item,Active,TIRES,
TRAVELSTAR 235/55/18,TRAVELSTAR 235/55/18,Stock item,Active,TIRES,
TRAVELSTAR 235/75/15,TRAVELSTAR 235/75/15,Stock item,Active,TIRES,2.00
TRAVELSTAR 235/80/16,TRAVELSTAR ST235/80/16,Stock item,Active,TIRES,2.00
TRAVELSTAR 275/55/20,TRAVELSTAR 275/55/20,Stock item,Active,TIRES,
TRAVELSTAR 285/45/22,TRAVELSTAR 285/45/22,Stock item,Active,TIRES,
TRAVELSTAR 285/70/17,TRAVELSTAR 285/70/17,Stock item,Active,TIRES,1.00
TRAZANO 165/70/13,165/70/13,Stock item,Active,TIRES,
TRAZANO 175/65/14,TRAZANO 175/65/14,Stock item,Active,TIRES,
TRAZANO 175/70/14,TRAZANO 175/70/14,Stock item,Active,TIRES,
TRAZANO 185/60/15,,Stock item,Active,TIRES,
TRAZANO 185/65/15,,Stock item,Active,TIRES,
TRAZANO 185/70/13,185/70/13,Stock item,Active,TIRES,
TRAZANO 185/70/14,,Stock item,Active,TIRES,
TRAZANO 195/50/15,TRAZANO 195/50/15,Stock item,Active,TIRES,
TRAZANO 195/55/15,TRAZANO 195/55/15,Stock item,Active,TIRES,
trazano 195/60/14,195/60/14,Stock item,Active,TIRES,
trazano 195/60/15,195/60/15,Stock item,Active,TIRES,
TRAZANO 195/65/15,,Stock item,Active,TIRES,
TRAZANO 195/70/14,TRAZANO 195/70/14,Stock item,Active,TIRES,
trazano 205/40/17,205/40/17,Stock item,Active,TIRES,2.00
trazano 205/60/15,205/60/15,Stock item,Active,TIRES,
trazano 205/60/16,trazano 205/60/16,Stock item,Active,TIRES,
trazano 205/65/15,205/65/15,Stock item,Active,TIRES,
trazano 205/70/14,205/70/14,Stock item,Active,TIRES,
trazano 205/70/15,205/75/15,Stock item,Active,TIRES,
TRAZANO 215/40/17,TRAZANO 215/40/17,Stock item,Active,TIRES,
trazano 215/55/17,215/55/17,Stock item,Active,TIRES,
trazano 215/60/16,215/60/16,Stock item,Active,TIRES,
trazano 215/65/16,trazano 215/65/16,Stock item,Active,TIRES,
TRAZANO 215/70/15,,Stock item,Active,TIRES,
trazano 225/40/18,225/40/18,Stock item,Active,TIRES,
TRAZANO 225/60/16,TRAZANO 225/60/16,Stock item,Active,TIRES,
trazano 225/70/16,trazano 225/70/16,Stock item,Active,TIRES,
trazano 225/75/16,trazano 225/75/16,Stock item,Active,TIRES,
trazano 235/65/17,235/65/17,Stock item,Active,TIRES,
trazano 235/75/15,235/75/15,Stock item,Active,TIRES,
trazano 235/75/16,235/75/16,Stock item,Active,TIRES,
trazano 235/80/17,235/80/17,Stock item,Active,TIRES,
trazano 235/85/16,235/85/16,Stock item,Active,TIRES,
trazano 245/35/20,245/35/20,Stock item,Active,TIRES,
TRAZANO 245/65/17,,Stock item,Active,TIRES,
TRAZANO 245/75/16,TRAZANO 245/75/16,Stock item,Active,TIRES,4.00
trazano 255/30/24,255/30/24,Stock item,Active,TIRES,
trazano 255/35/20,255/35/20,Stock item,Active,TIRES,
trazano 255/55/18,255/55/18,Stock item,Active,TIRES,
TRAZANO 255/65/16,TRAZANO 255/65/16,Stock item,Active,TIRES,
TRAZANO 265/70/17,TRAZANO 265/70/17,Stock item,Active,TIRES,
TRAZANO 265/75/16,TRAZANO 265/75/16,Stock item,Active,TIRES,
trazano 275/40/20,275/40/20,Stock item,Active,TIRES,
trazano 275/45/20,275/45/20,Stock item,Active,TIRES,
TRAZANO 275/65/18,TRAZANO 275/65/18,Stock item,Active,TIRES,
TRAZANO 285/75/16,TRAZANO 285/75/16,Stock item,Active,TIRES,2.00
trazano 305/35/24,305/35/24,Stock item,Active,TIRES,
trazano 305/40/22,305/40/22,Stock item,Active,TIRES,
TRAZANO 31/10.50/15,31/10.50/15,Stock item,Active,TIRES,
triangle 195/65/15,215/65/15,Stock item,Active,TIRES,
triangle 205/50/16,205/50/16,Stock item,Active,TIRES,
triangle 205/55/16,205/55/16,Stock item,Active,TIRES,
TRIANGLE 205/75/15,TRIANGLE 205/75/15,Stock item,Active,TIRES,4.00
triangle 215/35/18,215/35/18,Stock item,Active,TIRES,
triangle 215/60/15,215/60/15,Stock item,Active,TIRES,
triangle 215/65/16,215/65/16,Stock item,Active,TIRES,
triangle 225/40/18,225/40/18,Stock item,Active,TIRES,
triangle 225/55/16,225/55/16,Stock item,Active,TIRES,
triangle 225/60/16,225/60/16,Stock item,Active,TIRES,
TRIANGLE 225/75/15,TRIANGLE 225/75/15,Stock item,Active,TIRES,2.00
triangle 245/35/20,TRIANGLE 245/35/20,Stock item,Active,TIRES,4.00
triangle 245/40/18,245/40/18,Stock item,Active,TIRES,
triangle 245/45/17,245/45/17,Stock item,Active,TIRES,
triangle 255/30/22,255/30/22,Stock item,Active,TIRES,
triangle 255/35/20,255/35/20,Stock item,Active,TIRES,
TRICE 225/45/17,TRICE 225/45/17,Stock item,Active,TIRES,
TUBE 16/650/750-8,TUBE 16/650/750-8,Stock item,Active,TIRES,
TUBE 7/8/9-14.5,TUBE BIAS 7/8/9--14.5,Stock item,Active,TIRES,1.00
TUNE UP,TUNE UP,Non-stock item,Active,,
TUNE UP - i,TUNE UP,Stock item,Inactive,,-1.00
TURF 18/8.50/8,TURF 18/8.50/8,Stock item,Active,TIRES,
TURF 18/850-8/4,TURF 18/850-8/4,Stock item,Active,TIRES,
TURF 23/10.50-12,TURF 23/10.50-12,Stock item,Active,TIRES,
TURF 24/12.00-12,TURF 24/12.00-12,Stock item,Active,TIRES,1.00
UNICORN 225/75/16,UNICORN 225/75/16,Stock item,Active,TIRES,
unicorn 265/70/17,265/70/17,Stock item,Active,TIRES,
UNICORN ST205/75/15,UNICORN ST205/75/15,Stock item,Active,TIRES,4.00
UNIFORM,UNIFORM,Stock item,Active,,400.00
UNIROAYAL 185/65/15,UNIROYAL 185/65/15,Stock item,Active,TIRES,2.00
UNIROYA 185/65/15,UNIROYAL 185/65/15,Stock item,Active,TIRES,
UNIroya 185/75/14,UNIROYAL 185/75/14,Stock item,Active,TIRES,
uniroya 235/70/15,,Stock item,Active,TIRES,
UNIROYA 275/40/18,,Stock item,Active,TIRES,
uniroyal 155/80/13,155/80/13,Stock item,Active,TIRES,4.00
uniroyal 155/80/15,155/80/15,Stock item,Active,TIRES,
uniroyal 175/65/14,175/65/14,Stock item,Active,TIRES,
UNIROYAL 175/70/13,175/70/13,Stock item,Active,TIRES,
UNIROYAL 175/70/14,UNNIROYAL 175/70/14,Stock item,Active,TIRES,
uniroyal 185/60/14,185/60/14,Stock item,Active,TIRES,
uniroyal 185/60/15,185/60/15,Stock item,Active,TIRES,
uniroyal 185/65/14,185/65/14,Stock item,Active,TIRES,
uniroyal 185/65/15,185/65/15,Stock item,Active,TIRES,-2.00
uniroyal 185/70/14,185/70/14,Stock item,Active,TIRES,
uniroyal 185/75/14,185/75/14,Stock item,Active,TIRES,
UNIROYAL 195/60/15,UNIROYAL 195/60/15,Stock item,Active,TIRES,
uniroyal 195/65/14,195/65/14,Stock item,Active,TIRES,
uniroyal 195/65/15,195/65/15,Stock item,Active,TIRES,4.00
uniroyal 195/70/14,195/70/14,Stock item,Active,TIRES,
UNIROYAL 195/75/14,,Stock item,Active,TIRES,
UNIROYAL 205/50/16,UNIROYAL 205/50/16,Stock item,Active,TIRES,
uniroyal 205/50/17,205/50/17,Stock item,Active,TIRES,
uniroyal 205/55/16,205/55/16,Stock item,Active,TIRES,
UNIROYAL 205/60/15,UNIROYAL 205/60/15,Stock item,Active,TIRES,
uniroyal 205/60/16,205/60/16,Stock item,Active,TIRES,
uniroyal 205/65/15,205/65/15,Stock item,Active,TIRES,2.00
uniroyal 205/65/16,UNIROYAL 205/65/16,Stock item,Active,TIRES,
UNIROYAL 205/70/14,205/70/14,Stock item,Active,TIRES,
UNIROYAL 205/70/15,205/70/15,Stock item,Active,TIRES,
UNIROYAL 205/75/14,UNIROYAL 205/75/14,Stock item,Active,TIRES,
UNIROYAL 205/75/15,UNIROYAL 205/75/15 AWP II,Stock item,Active,TIRES,3.00
UNIROYAL 215/45/17,UNIROYAL 215/45/17,Stock item,Active,TIRES,
uniroyal 215/50/17,215/50/17,Stock item,Active,TIRES,
UNIROYAL 215/50/18,UNIROYAL 215/50/18,Stock item,Active,TIRES,1.00
uniroyal 215/55/16,215/55/16,Stock item,Active,TIRES,
uniroyal 215/55/17,215/55/17,Stock item,Active,TIRES,2.00
UNIROYAL 215/55/18,UNIROYAL 215/55/18,Stock item,Active,TIRES,1.00
uniroyal 215/60/15,215/60/15,Stock item,Active,TIRES,
uniroyal 215/60/16,215/60/16,Stock item,Active,TIRES,
UNIROYAL 215/60/17,UNIROYAL 215/60/17,Stock item,Active,TIRES,
UNIROYAL 215/65/15,UNIROYAL 215/65/15,Stock item,Active,TIRES,
uniroyal 215/65/16,215/65/16,Stock item,Active,TIRES,
uniroyal 215/65/17,215/65/17,Stock item,Active,TIRES,
uniroyal 215/70/14,215/70/14,Stock item,Active,TIRES,
uniroyal 215/70/15,215/70/15,Stock item,Active,TIRES,
uniroyal 215/70/16,215/70/16,Stock item,Active,TIRES,
UNIROYAL 215/75/15,UNIROYAL 215/75/15,Stock item,Active,TIRES,
uniroyal 225/40/18,uniroyal 225/40/18,Stock item,Active,TIRES,
uniroyal 225/45/17,uniroyal 225/45/17,Stock item,Active,TIRES,
uniroyal 225/45/18,uniroyal 225/45/18,Stock item,Active,TIRES,3.00
UNIROYAL 225/50/16,UNIROYAL 225/50/16,Stock item,Active,TIRES,
uniroyal 225/50/17,225/50/17,Stock item,Active,TIRES,
uniroyal 225/50/18,225/50/18,Stock item,Active,TIRES,
uniroyal 225/55/16,225/55/16,Stock item,Active,TIRES,
uniroyal 225/55/17,225/55/17,Stock item,Active,TIRES,
uniroyal 225/60/16,225/60/16,Stock item,Active,TIRES,
UNIROYAL 225/60/17,UNIROYAL 225/60/17,Stock item,Active,TIRES,1.00
uniroyal 225/60/18,225/60/18,Stock item,Active,TIRES,
uniroyal 225/65/17,uniroyal 225/65/17,Stock item,Active,TIRES,
uniroyal 225/70/14,225/70/14,Stock item,Active,TIRES,
uniroyal 225/70/15,225/70/15,Stock item,Active,TIRES,
uniroyal 225/70/16,225/70/16,Stock item,Active,TIRES,
UNIROYAL 225/75/16,,Stock item,Active,TIRES,
uniroyal 235/45/17,235/45/17,Stock item,Active,TIRES,
uniroyal 235/50/17,235/50/17,Stock item,Active,TIRES,
UNIROYAL 235/55//17,UNIROYAL 235/55/17,Stock item,Active,TIRES,4.00
uniroyal 235/55/17,235/55/17,Stock item,Active,TIRES,-5.00
UNIROYAL 235/55/19,UNIROYAL 235/55/19,Stock item,Active,TIRES,-1.00
UNIROYAL 235/55/20,UNIROYAL 235/55/20,Stock item,Active,TIRES,1.00
uniroyal 235/60/15,235/60/15,Stock item,Active,TIRES,
uniroyal 235/60/16,235/60/16,Stock item,Active,TIRES,
uniroyal 235/60/17,235/60/17,Stock item,Active,TIRES,
uniroyal 235/60/18,235/60/18,Stock item,Active,TIRES,
uniroyal 235/65/16,235/65/16,Stock item,Active,TIRES,2.00
uniroyal 235/65/18,235/65/18,Stock item,Active,TIRES,
uniroyal 235/70/15,235/70/15,Stock item,Active,TIRES,
uniroyal 235/75/15,235/75/15,Stock item,Active,TIRES,
uniroyal 235/75/16,235/75/16,Stock item,Active,TIRES,
UNIROYAL 235/85/16,,Stock item,Active,TIRES,
uniroyal 245/40/17,uniroyal 245/40/17,Stock item,Active,TIRES,
UNIROYAL 245/40/18,UNIROYAL 245/40/18,Stock item,Active,TIRES,
UNIROYAL 245/40/19,UNIROYAL 245/40/19,Stock item,Active,TIRES,
UNIROYAL 245/45/17,UNIROYAL 245/45/17,Stock item,Active,TIRES,4.00
UNIROYAL 245/45/18,UNIROYAL 245/45/18,Stock item,Active,TIRES,4.00
UNIROYAL 245/45/19,UNIROYAL 245/45/19,Stock item,Active,TIRES,
UNIROYAL 245/45/20,UNIROYAL 245/45/20,Stock item,Active,TIRES,
UNIROYAL 245/50/20,UNIROYAL 245/50/20,Stock item,Active,TIRES,
uniroyal 245/60/15,245/60/15,Stock item,Active,TIRES,
UNIROYAL 245/65/17,245/65/17,Stock item,Active,TIRES,
UNIROYAL 245/70/16,,Stock item,Active,TIRES,
UNIROYAL 245/75/16,UNIROYAL LT245/75/16,Stock item,Active,TIRES,1.00
UNIROYAL 255/55/17,UNIROYAL 255/55/17,Stock item,Active,TIRES,1.00
uniroyal 255/60/15,255/60/15,Stock item,Active,TIRES,
UNIROYAL 255/65/18,UNIROYAL 255/65/18,Stock item,Active,TIRES,
uniroyal 255/70/15,255/70/15,Stock item,Active,TIRES,2.00
UNIROYAL 255/70/16,UNIROYAL 255/70/16,Stock item,Active,TIRES,
UNIROYAL 265/40/21,UNIROYAL 265/40/21,Stock item,Active,TIRES,-4.00
uniroyal 265/65/17,UNIROYAL 265/65/17,Stock item,Active,TIRES,
UNIROYAL 265/70/17,UNIROYAL 265/70/17,Stock item,Active,TIRES,-2.00
UNIROYAL 265/75/16,UNIROYAL 265/75/16,Stock item,Active,TIRES,
uniroyal 275/40/17,275/40/17,Stock item,Active,TIRES,
uniroyal 275/40/18,275/40/18,Stock item,Active,TIRES,
UNIROYAL 275/55/20,UNIROYAL 275/55/20,Stock item,Active,TIRES,
uniroyal 275/60/15,270/60/15,Stock item,Active,TIRES,
UNIROYAL 285/75/16,UNIROYAL 285/75/16 8PLY,Stock item,Active,TIRES,
uniroyalAWP225/60/16,225/60/16,Stock item,Active,TIRES,
UNIROYL 205/75/15,UNIROYLE 205/75/15,Stock item,Active,TIRES,
uniroyl 225/70/15,225/70/15,Stock item,Active,TIRES,
USED TIRE,USED TIRE,Non-stock item,Active,,
USED TIRE - i,USED TIRE,Stock item,Inactive,,-325.00
VANDERBILT 185/60/15,VANDERBILT 185/60/15,Stock item,Active,TIRES,
VANDERBILT 195/55/15,VANDERBILT 195/55/15,Stock item,Active,TIRES,
VANDERBILT 195/65/15,VANDERBILT 195/65/15,Stock item,Active,TIRES,
VANDERBILT 205/60/16,VANDERBILT 205/60/16,Stock item,Active,TIRES,
VANDERBILT 215/60/16,VANDERBILT 215/60/16,Stock item,Active,TIRES,
VANDERBILT 225/60/17,VANDERBILT 225/60/17,Stock item,Active,TIRES,4.00
VANDERBILT 225/60/18,VANDERBILT 225/60/18,Stock item,Active,TIRES,
VANDERBILT 225/65/16,VANDERBILT 225/65/16,Stock item,Active,TIRES,
VANDERBILT 235/85/16,VANDERBILT 235/85/16,Stock item,Active,TIRES,
VANDERBILT 255/60/19,VANDERBILT 255/60/19,Stock item,Active,TIRES,
VANDERBILT 255/65/18,VANDERBILT 255/65/18,Stock item,Active,TIRES,
VANGUARD 175/80/13,VANGUARD 175/80/13,Stock item,Active,TIRES,
"vct escobar 20""",,Stock item,Inactive,,
VCT V48 22X8.5,VCT V48 22X8.5,Stock item,Active,WHEEL,4.00
"vctbra 18"" 245-40-18",,Stock item,Inactive,TIRES,
vctbrasco 245-40-18,VCT ESCOBAR NANKANG 225-30-20,Stock item,Inactive,TIRES,
vee 175/70/13,175/70/13,Stock item,Active,TIRES,
vee 185/65/15,vee185/65/15,Stock item,Active,TIRES,
vee 195/60/15,195/60/15,Stock item,Active,TIRES,
vee 195/65/15,195/65/15,Stock item,Active,TIRES,
VEE 195/70/14,,Stock item,Active,TIRES,
vee 205/60/15,205/60/15,Stock item,Active,TIRES,
vee 205/60/16,205/60/16,Stock item,Active,TIRES,
vee 215/45/17,215/45/17,Stock item,Active,TIRES,
vee 215/50/17,215/50/17,Stock item,Active,TIRES,
vee 215/65/16,215/65/16,Stock item,Active,TIRES,
VEE 225/45/17,225/45/17,Stock item,Active,TIRES,
VEE 225/50/17,225/50/17,Stock item,Active,TIRES,
vee 245/70/16,245/70/16,Stock item,Active,TIRES,
vee 265/70/16,265/70/16,Stock item,Active,TIRES,
vee 265/70/17,265/70/17,Stock item,Active,TIRES,
VEHICLE INSPECTION,VEHICLE INSPECTION,Non-stock item,Active,,
VELAZO 205/40/17,VELAZO 205/40/17,Stock item,Active,TIRES,
VELAZO 205/50/17,VELAZO 205/50/17,Stock item,Active,TIRES,3.00
VELAZO 215/50/17,VELAZO 215/50/17,Stock item,Active,TIRES,
VELAZO 215/55/17,VELAZO 215/55/17,Stock item,Active,TIRES,
VELAZO 225/35/20,VELAZO 225/35/20,Stock item,Active,TIRES,
VELAZO 225/45/17,VELAZO 225/45/17,Stock item,Active,TIRES,1.00
VELAZO 235/45/17,VELAZO 235/45/17,Stock item,Active,TIRES,2.00
VELAZO 245/35/20,VELAZO 245/35/20,Stock item,Active,TIRES,
VELAZZO 215/50/17,VELAZZO 215/50/17,Stock item,Active,TIRES,1.00
velazzo 225/45/17,VELAZZO 225/45/17,Stock item,Active,TIRES,2.00
VELAZZO 235/50/17,VELAZZO 235/50/17,Stock item,Active,TIRES,
VELOZZA 205/40/17,VELOZZA 205/40/17,Stock item,Active,TIRES,2.00
VELOZZA 205/50/17,VELOZZA 205/50/17,Stock item,Active,TIRES,1.00
VELOZZA 215/35/18,VELOZZA 215/35/18,Stock item,Active,TIRES,4.00
VELOZZA 215/40/17,VELOZZA 215/40/17,Stock item,Active,TIRES,6.00
VELOZZA 215/45/17,VELOZZA 215/45/17,Stock item,Active,TIRES,4.00
VELOZZA 215/50/17,VELOZZA 215/50/17,Stock item,Active,TIRES,
VELOZZA 215/55/17,VELOZZA 215/55/17,Stock item,Active,TIRES,2.00
VELOZZA 225/30/20,VELOZZA 225/30/20,Stock item,Active,TIRES,
VELOZZA 225/35/20,VELOZZA 225/35/20,Stock item,Active,TIRES,3.00
VELOZZA 225/40/18,VELOZZA 225/40/18,Stock item,Active,TIRES,9.00
VELOZZA 225/45/17,VELOZZA 225/45/17,Stock item,Active,TIRES,
VELOZZA 225/50/17,,Stock item,Active,TIRES,4.00
VELOZZA 225/50/18,VELOZZA 225/50/18,Stock item,Active,TIRES,
VELOZZA 225/55/17,,Stock item,Active,TIRES,
VELOZZA 235/45/17,VELOZZA 235/45/17,Stock item,Active,TIRES,1.00
VELOZZA 235/50/17,VELOZZA 235/50/17,Stock item,Active,TIRES,1.00
VELOZZA 235/50/18,VELOZZA 235/50/18,Stock item,Active,TIRES,-1.00
VELOZZA 235/55/17,VELOZZA 235/55/17,Stock item,Active,TIRES,3.00
VELOZZA 245/30/20,VELOZZA 245/30/20,Stock item,Active,TIRES,
VELOZZA 245/35/20,VELOZZA 245/35/20,Stock item,Active,TIRES,9.00
VELOZZA 245/40/18,VELOZZA 245/40/18,Stock item,Active,TIRES,1.00
VELOZZA 245/40/19,VELOZZA 245/40/19,Stock item,Active,TIRES,1.00
VELOZZA 245/45/18,VELOZZA 245/45/18,Stock item,Active,TIRES,
VELOZZA 245/45/20,VELOZZA 245/45/20,Stock item,Active,TIRES,4.00
VELOZZA 255/35/18,VELOZZA 255/35/18,Stock item,Active,TIRES,2.00
VELOZZA 255/45/18,,Stock item,Active,TIRES,
velozza 265/35/22,265/35/22,Stock item,Active,TIRES,
VELOZZA 275/45/20,VELOZZA 275/45/20,Stock item,Active,TIRES,2.00
VELOZZA 275/55/20,VELOZZA 275/55/20,Stock item,Active,TIRES,
VELOZZA 275/60/20,VELOZZA 275/60/20,Stock item,Active,TIRES,4.00
velozza 295/30/26,295/30/26,Stock item,Active,TIRES,
velozza 305/30/26,305/30/26,Stock item,Active,TIRES,
VELOZZA 305/40/22,VELOZZA 305/40/22,Stock item,Active,TIRES,
velozza 305/45/22,305/45/22,Stock item,Active,TIRES,
venezia 265/35/22,265/35/22,Stock item,Active,TIRES,
venezia 305/40/22,305/40/22,Stock item,Active,TIRES,
VENOM 275/30/24,VENOM 275/30/24,Stock item,Active,TIRES,-2.00
VENOM 295/30/26,VENOM 295/30/26,Stock item,Active,TIRES,-2.00
versa 215/35/18,215/35/18,Stock item,Active,TIRES,
versa 225/30/20,225/30/20,Stock item,Active,TIRES,
VERSA 225/35/20,VERSA 225/35/20,Stock item,Active,TIRES,
versa 225/40/18,225/40/18,Stock item,Active,TIRES,
versa 235/30/22,235/30/22,Stock item,Active,TIRES,-4.00
versa 245/30/20,245/30/20,Stock item,Active,TIRES,
versa 245/30/22,245/30/22,Stock item,Active,TIRES,-3.00
versa 245/30/24,245/30/24,Stock item,Active,TIRES,
versa 245/35/20,245/35/20,Stock item,Active,TIRES,-1.00
versa 245/40/18,245/40/18,Stock item,Active,TIRES,
VERSA 245/45/20,VERSA 245/45/20,Stock item,Active,TIRES,-4.00
versa 255/30/22,255/30/22,Stock item,Active,TIRES,
versa 255/30/24,255/30/24,Stock item,Active,TIRES,-1.00
versa 255/30/26,255/30/26,Stock item,Active,TIRES,1.00
versa 255/35/20,255/35/20,Stock item,Active,TIRES,1.00
versa 265/30/22,265/30/22,Stock item,Active,TIRES,
versa 265/35/22,265/35/22,Stock item,Active,TIRES,-16.00
VERSA 265/40/22,VERSA 265/40/22,Stock item,Active,TIRES,
VERSA 275/25/24,VERSA 275/25/24,Stock item,Active,TIRES,
VERSA 275/25/26,,Stock item,Active,TIRES,3.00
versa 275/25/28,VERSA 275/25/28,Stock item,Active,TIRES,
versa 275/30/20,275/30/20,Stock item,Active,TIRES,2.00
versa 275/30/24,275/30/24,Stock item,Active,TIRES,
VERSA 275/35/20,,Stock item,Active,TIRES,
VERSA 275/40/20,VERSA 275/40/20,Stock item,Active,TIRES,
VERSA 275/55/20,VERSA 275/55/20,Stock item,Active,TIRES,
VERSA 275/55/24,VERSA 275/25/24,Stock item,Active,TIRES,
versa 285/40/24,285/40/24,Stock item,Active,TIRES,2.00
versa 285/45/22,285/45/22,Stock item,Active,TIRES,
VERSA 285/55/20,VERSA LT285/55/20,Stock item,Active,TIRES,-4.00
versa 295/25/22,295/25/22,Stock item,Active,TIRES,4.00
versa 295/25/28,295/25/28,Stock item,Active,TIRES,
VERSA 295/30/26,VERSA 295/30/26,Stock item,Active,TIRES,4.00
versa 295/35/24,295/35/24,Stock item,Active,TIRES,
versa 305/30/26,305/30/26,Stock item,Active,TIRES,-1.00
versa 305/35/24,305/35/24,Stock item,Active,TIRES,1.00
versa 305/40/22,305/40/22,Stock item,Active,TIRES,-4.00
VERSA 305/45/22,VERSA 305/45/22,Stock item,Active,TIRES,
VERSA 33/12.5/20,VERSA 33/12.5/20,Stock item,Active,TIRES,
VERSA 33/12.50/20,VERSA 33/12.50/20,Stock item,Active,TIRES,-16.00
VERSA 6000 305/30/26,VERSA 6000 305/30/26,Stock item,Active,TIRES,
VERSA MXT33/12.50/20,VERSA MXT 33/12.50/20,Stock item,Active,TIRES,-4.00
VERSA RT 33/12.50/20,VERSA RT 33/12.50/20,Stock item,Active,TIRES,-9.00
VERSALYEN 225/30/20,VERSALYEN 225/30/20,Stock item,Active,TIRES,
VERSATYRE 215/35/18,VERSATYRE 215/35/18,Stock item,Active,TIRES,
VERSATYRE 225/30/20,VERSATYRE 225/30/20,Stock item,Active,TIRES,4.00
VERSATYRE 225/40/18,VERSATYRE 225/40/18,Stock item,Active,TIRES,4.00
VERSATYRE 235/30/22,VERSATYRE 235/30/22,Stock item,Active,TIRES,
VERSATYRE 245/30/22,VERSATYRE 245/30/22,Stock item,Active,TIRES,14.00
VERSATYRE 245/35/20,VERSATYRE 245/35/20,Stock item,Active,TIRES,8.00
VERSATYRE 245/45/20,VERSATYRE 245/40/20,Stock item,Active,TIRES,6.00
VERSATYRE 255/30/22,VERSATYRE 255/30/22,Stock item,Active,TIRES,2.00
VERSATYRE 255/30/24,VERSATYRE 255/30/24,Stock item,Active,TIRES,1.00
VERSATYRE 255/35/20,VERSATYRE 255/35/20,Stock item,Active,TIRES,4.00
VERSATYRE 265/35/22,VERSATYRE 265/35/22,Stock item,Active,TIRES,9.00
VERSATYRE 275/35/22,VERSATYRE 275/35/22,Stock item,Active,TIRES,4.00
VERSATYRE 285/40/22,VERSATYRE 285/40/22,Stock item,Active,TIRES,4.00
VERSATYRE 285/45/22,VERSATYRE 285/45/22,Stock item,Active,TIRES,4.00
VERSATYRE 285/50/20,VERSATYRE 285/50/20,Stock item,Active,TIRES,8.00
VERSATYRE 285/55/20,VERSATYRE LT285/55/20,Stock item,Active,TIRES,4.00
VERSATYRE 285/70/18,VERSATYRE LT285/70/18,Stock item,Active,TIRES,4.00
VERSATYRE 295/30/22,VERSATYRE 295/30/22,Stock item,Active,TIRES,
VERSATYRE 295/30/26,VERSATYRE 295/30/26,Stock item,Active,TIRES,
VERSATYRE 295/70/18,VERSATYRE LT34/11.50/18,Stock item,Active,TIRES,4.00
VERSATYRE 305/30/26,VERSATYRE 305/30/26,Stock item,Active,TIRES,-3.00
VERSATYRE 305/40/22,VERSATYRE 305/40/22,Stock item,Active,TIRES,-4.00
VERSATYRE 33/12.50/2,VERSATYRE 33/12.50/20,Stock item,Active,TIRES,19.00
VERSATYRE 36/14.50/2,VERSATYRE 36/14.50/26,Stock item,Active,TIRES,-2.00
VIGOROUS 215/75/15,VIGOROUS 215/75/15,Stock item,Active,TIRES,
vogue 205/70/15,205/70/15,Stock item,Active,TIRES,
VOGUE 215/50/17,VOGUE 215/50/17 MOUNTED AND BA,Stock item,Active,TIRES,
vogue 215/70/15,215/70/15,Stock item,Active,TIRES,4.00
VOGUE 225/50/17,225/50/17,Stock item,Active,TIRES,4.00
vogue 225/60/16,225/60/16,Stock item,Active,TIRES,6.00
VOGUE 235/50/17,VOGUE 235/50/17,Stock item,Active,TIRES,1.00
VOGUE 235/50/18,VOGUE 235/50/18,Stock item,Active,TIRES,10.00
VOGUE 235/55/17,235/55/17,Stock item,Active,TIRES,19.00
VOGUE 235/55/18,VOGUE 235/55/18,Stock item,Active,TIRES,8.00
VOGUE 235/70/15,VOGUE 235/70/15,Stock item,Active,TIRES,4.00
VOGUE 245/35/20,VOGUE 245/35/20,Stock item,Active,TIRES,4.00
VOGUE 245/40/18,VOGUE 245/40/18,Stock item,Active,TIRES,
VOGUE 245/40/19,VOGUE 245/40/19,Stock item,Active,TIRES,4.00
vogue 245/40/20,245/40/20,Stock item,Active,TIRES,32.00
VOGUE 245/45/18,VOGUE 245/45/18,Stock item,Active,TIRES,4.00
VOGUE 245/45/19,VOGUE 245/45/19,Stock item,Active,TIRES,4.00
VOGUE 245/45/20,VOGUE 245/45/20,Stock item,Active,TIRES,4.00
VOGUE 265/35/22,265/35/22,Stock item,Active,TIRES,16.00
VOGUE 275/55/20,VOGUE 275/55/20,Stock item,Active,TIRES,4.00
VOGUE 285/45/22,VOGUE 285/45/22,Stock item,Active,TIRES,
VOGUE 305/35/24,,Stock item,Active,TIRES,3.00
VOGUE 305/40/22,VOGUE 305/40/22,Stock item,Active,TIRES,
vom 225/75/15,225/75/15,Stock item,Active,TIRES,
VOUGE 205/70/15,VOUGE 205/70/15,Stock item,Active,TIRES,
vouge 215/50/17,215/50/17,Stock item,Active,TIRES,
VOUGE 215/70/15,VOUGE 215/70/15,Stock item,Active,TIRES,
VOUGE 225/50/17,VOUGE 225/50/17,Stock item,Active,TIRES,
vouge 225/60/16,225/60/16,Stock item,Active,TIRES,
VOUGE 235/45/18,VOUGE 235/45/18,Stock item,Active,TIRES,
vouge 235/50/18,235/50/18,Stock item,Active,TIRES,-6.00
vouge 235/55/17,235/55/17,Stock item,Active,TIRES,
VOUGE 235/55/18,VOUGE 235/55/18,Stock item,Active,TIRES,-4.00
VOUGE 235/60/16,VOUGE 235/60/16,Stock item,Active,TIRES,
VOUGE 235/70/15,VOUGE 235/70/15,Stock item,Active,TIRES,
VOUGE 245/40/18,VOUGE 245/40/18,Stock item,Active,TIRES,3.00
vouge 245/40/20,245/40/20,Stock item,Active,TIRES,-29.00
VOUGE 245/45/18,VOUGE 245/45/18,Stock item,Active,TIRES,
VOUGE 265/35/22,VOUGE 265/35/22,Stock item,Active,TIRES,-36.00
vouge 275/45/20,275/45/20,Stock item,Active,TIRES,
VOUGE 275/55/20,VOUGE 275/55/20,Stock item,Active,TIRES,
VOUGE 285/45/22,VOUGE 285/45/22,Stock item,Active,TIRES,-4.00
vouge 285/50/20,285/50/20,Stock item,Active,TIRES,
VOUGE 305/35/24,VOUGE 305/35/24,Stock item,Active,TIRES,-3.00
vouge 305/40/22,305/40/22,Stock item,Active,TIRES,
WANDA 11/4.00/5,WANDA 11/4.00/5,Stock item,Active,TIRES,2.00
wanli 185/60/14,185/60/14,Stock item,Active,TIRES,
wanli 185/60/15,185/60/15,Stock item,Active,TIRES,
wanli 185/70/14,185/70/14,Stock item,Active,TIRES,
wanli 195/60/14,195/60/14,Stock item,Active,TIRES,
wanli 205/60/15,205/60/15,Stock item,Active,TIRES,
wanli 215/40/17,215/40/17,Stock item,Active,TIRES,
wanli 215/45/17,215/45/17,Stock item,Active,TIRES,
WANLI 225/30/20,WANLI 225/30/20,Stock item,Active,TIRES,4.00
wanli 225/35/20,225/35/20,Stock item,Active,TIRES,
wanli 225/35/22,225/35/22,Stock item,Active,TIRES,
wanli 225/60/15,225/60/15,Stock item,Active,TIRES,
wanli 225/60/16,225/60/16,Stock item,Active,TIRES,
wanli 245/30/22,245/30/22,Stock item,Active,TIRES,
wanli 245/40/20,245/40/20,Stock item,Active,TIRES,
wanli 255/30/24,255/30/24,Stock item,Active,TIRES,
wanli 255/35/20,255/35/20,Stock item,Active,TIRES,2.00
wanli 265/35/22,265/35/22,Stock item,Active,TIRES,
wanli 275/25/24,275/25/24,Stock item,Active,TIRES,
wanli 275/45/20,275/45/20,Stock item,Active,TIRES,
wanli 285/50/20,285/50/20,Stock item,Active,TIRES,
wanli 295/30/26,295/30/26,Stock item,Active,TIRES,
WANLI 305/30/26,WANLI 305/30/26,Stock item,Active,TIRES,
wanli 305/35/24,305/35/24,Stock item,Active,TIRES,
wanli 305/40/22,305/40/22,Stock item,Active,TIRES,
wanli 305/45/22,305/45/22,Stock item,Active,TIRES,
warrior 185/60/14,185/60/14,Stock item,Active,TIRES,
WESTLAKE 175/65/15,WESTLAKE 175/65/15,Stock item,Active,TIRES,
westlake 175/70/13,175/70/13,Stock item,Active,TIRES,-4.00
WESTLAKE 175/70/14,WESTLAKE 175/70/14,Stock item,Active,TIRES,
westlake 175/80/13,175/80/13,Stock item,Active,TIRES,
WESTLAKE 185/55/15,WESTLAKE 185/55/15,Stock item,Active,TIRES,
WESTLAKE 185/60/15,WESTLAKE 185/60/15,Stock item,Active,TIRES,
WESTLAKE 185/65/15,WESTLAKE 185/65/15,Stock item,Active,TIRES,-3.00
westlake 185/70/14,WESTLAKE 185/70/14,Stock item,Active,TIRES,
WESTLAKE 195/50//15,WESTLAKE 195/50/15,Stock item,Active,TIRES,
westlake 195/50/15,WESTLAKE 195/50/15,Stock item,Active,TIRES,
WESTLAKE 195/50/16,WESTLAKE 195/50/16,Stock item,Active,TIRES,
westlake 195/55/15,195/55/15,Stock item,Active,TIRES,
WESTLAKE 195/60/14,WESTLAKE 195/60/14,Stock item,Active,TIRES,1.00
WESTLAKE 195/70/14,WESTLAKE 195/70/14,Stock item,Active,TIRES,
westlake 205/45/16,205/45/16,Stock item,Active,TIRES,
westlake 205/50/16,205/50/16,Stock item,Active,TIRES,
westlake 205/50/17,205/50/17,Stock item,Active,TIRES,1.00
westlake 205/55/16,205/55/16,Stock item,Active,TIRES,2.00
WESTLAKE 205/60/15,WESTLAKE 205/60/15,Stock item,Active,TIRES,
WESTLAKE 205/60/16,WESTLAKE 205/60/16,Stock item,Active,TIRES,
WESTLAKE 205/65/15,WESTLAKE 205/65/15,Stock item,Active,TIRES,
WESTLAKE 205/70/14,WESTLAKE 205/70/14,Stock item,Active,TIRES,4.00
WESTLAKE 205/70/15,WESTLAKE 205/70/15,Stock item,Active,TIRES,2.00
WESTLAKE 215/40/17,WESTLAKE 215/40/17,Stock item,Active,TIRES,
WESTLAKE 215/40/18,WESTLAKE 215/40/18,Stock item,Active,TIRES,
WESTLAKE 215/45/17,WESTLAKE 215/45/17,Stock item,Active,TIRES,4.00
WESTLAKE 215/45/18,WESTLAKE 215/45/18,Stock item,Active,TIRES,4.00
WESTLAKE 215/50/17,WESTLAKE 215/50/17,Stock item,Active,TIRES,4.00
WESTLAKE 215/55/16,WESTLAKE 215/55/16,Stock item,Active,TIRES,1.00
WESTLAKE 215/55/17,WESTLAKE 215/55/17,Stock item,Active,TIRES,4.00
WESTLAKE 215/55/18,WESTLAKE 215/55/18,Stock item,Active,TIRES,
WESTLAKE 215/60/15,WESTLAKE 215/60/15,Stock item,Active,TIRES,
WESTLAKE 215/60/16,WESTLAKE 215/60/16,Stock item,Active,TIRES,
WESTLAKE 215/65/15,WESTLAKE 215/65/15,Stock item,Active,TIRES,
WESTLAKE 215/65/16,WESTLAKE 215/65/16,Stock item,Active,TIRES,2.00
westlake 215/70/15,WESTLAKE 215/70/15,Stock item,Active,TIRES,6.00
WESTLAKE 215/70/16,WESTLAKE 215/70/16,Stock item,Active,TIRES,
westlake 225/40/18,225/40/18,Stock item,Active,TIRES,3.00
WESTLAKE 225/45/17,WESTLAKE 225/45/17,Stock item,Active,TIRES,-4.00
WESTLAKE 225/45/18,WESTLAKE 225/45/18,Stock item,Active,TIRES,
westlake 225/50/16,225/50/16,Stock item,Active,TIRES,
westlake 225/50/17,225/50/17,Stock item,Active,TIRES,5.00
WESTLAKE 225/50/18,WESTLAKE 225/50/18,Stock item,Active,TIRES,-2.00
WESTLAKE 225/55/16,WESTLAKE 225/55/16,Stock item,Active,TIRES,4.00
westlake 225/55/17,225/55/17,Stock item,Active,TIRES,
WESTLAKE 225/55/19,WESTLAKE 225/55/19,Stock item,Active,TIRES,-4.00
WESTLAKE 225/60/16,WESTLAKE 225/6016,Stock item,Active,TIRES,-1.00
WESTLAKE 225/70/15,WESTLAKE 225/70/15,Stock item,Active,TIRES,
WESTLAKE 225/70/16,WESTLAKE 225/70/16,Stock item,Active,TIRES,
WESTLAKE 225/75/15,WESTLKE 225/75/15,Stock item,Active,TIRES,
WESTLAKE 225/75/16,WESTLAKE 225/75/16,Stock item,Active,TIRES,
westlake 235/40/18,westlake 235/40/18,Stock item,Active,TIRES,
WESTLAKE 235/40/19,WESTLAKE 235/40/19,Stock item,Active,TIRES,
WESTLAKE 235/45/17,WESTLAKE 235/45/17,Stock item,Active,TIRES,
WESTLAKE 235/45/18,WESTLAKE 235/45/18,Stock item,Active,TIRES,2.00
WESTLAKE 235/50/17,WESTLAKE 235/50/17,Stock item,Active,TIRES,1.00
WESTLAKE 235/50/18,WESTLAKE 235/50/18,Stock item,Active,TIRES,-1.00
WESTLAKE 235/55/17,WESTLAKE 235/55/17,Stock item,Active,TIRES,
WESTLAKE 235/55/18,WESTLAKE 235/55/18,Stock item,Active,TIRES,-4.00
WESTLAKE 235/60/16,,Stock item,Active,TIRES,
WESTLAKE 235/65/16,WESTLAKE 235/65/16,Stock item,Active,TIRES,
WESTLAKE 235/65/17,WESTLAKE 235/65/17,Stock item,Active,TIRES,
WESTLAKE 235/70/15,WESTLAKE 235/70/15,Stock item,Active,TIRES,
WESTLAKE 235/70/16,WESTLAKE 235/70/16,Stock item,Active,TIRES,
WESTLAKE 235/75/16,WESTLAKE 235/75/16,Stock item,Active,,2.00
westlake 235/80/16,235/80/16,Stock item,Active,TIRES,
WESTLAKE 245/35/20,WESTLAKE 245/35/20,Stock item,Active,TIRES,13.00
WESTLAKE 245/40/17,WESTLAKE 245/40/17,Stock item,Active,TIRES,2.00
WESTLAKE 245/40/18,WESTLAKE 245/40/18,Stock item,Active,TIRES,4.00
WESTLAKE 245/40/19,WESTLAKE 245/40/19,Stock item,Active,TIRES,
WESTLAKE 245/45/17,WESTLAKE 245/45/17,Stock item,Active,TIRES,-4.00
WESTLAKE 245/45/20,WESTLAKE 245/45/20,Stock item,Active,TIRES,
WESTLAKE 245/50/18,WESTLAKE 245/50/18,Stock item,Active,TIRES,8.00
WESTLAKE 245/55/18,WESTLAKE 245/55/18,Stock item,Active,TIRES,2.00
WESTLAKE 245/60/18,WESTLAKE 245/60/18,Stock item,Active,TIRES,
WESTLAKE 245/65/17,WESTLAKE 245/65/17,Stock item,Active,TIRES,
WESTLAKE 245/70/16,WESTLAKE 245/70/16,Stock item,Active,TIRES,
WESTLAKE 245/75/17,WESTLAKE LT245/75/17,Stock item,Active,TIRES,
WESTLAKE 255/60/19,WESTLAKE 255/60/19,Stock item,Active,TIRES,
WESTLAKE 265/50/20,WESTLAKE 265/50/20,Stock item,Active,TIRES,4.00
WESTLAKE 265/65/17,WESTLAKE 265/65/17,Stock item,Active,TIRES,4.00
WESTLAKE 265/65/18,WESTLAKE 265/65/18,Stock item,Active,TIRES,
WESTLAKE 265/70/17,WESTLAKE 265/70/17,Stock item,Active,TIRES,
WESTLAKE 265/70/18,WESTLAKE 265/70/18,Stock item,Active,TIRES,
WESTLAKE 265/75/16,WESTLAKE 265/75/16,Stock item,Active,TIRES,-4.00
WESTLAKE 275/40/20,WESTLAKE 275/40/20,Stock item,Active,TIRES,
WESTLAKE 275/55/20,WESTLAKE 275/55/20,Stock item,Active,TIRES,
WESTLAKE 275/60/20,WESTLAKE 275/60/20,Stock item,Active,TIRES,
WESTLAKE 275/65/18,WESTLAKE 275/65/18,Stock item,Active,TIRES,
WESTLAKE 285/45/22,WESTLAKE 285/45/22,Stock item,Active,TIRES,4.00
WESTLAKE 285/75/16,WESTLAKE LT285/75/16,Stock item,Active,TIRES,2.00
westlake 305/55/20,WESTLAKE 305/55/20,Stock item,Active,TIRES,
westlake 31/10.50/15,WESTLAKE 31/10.50/15,Stock item,Active,TIRES,2.00
WESTLAKE 315/70/17,WESTLAKE LT315/70/17,Stock item,Active,TIRES,
WESTLAKE 35/12.50/20,WESTLAKE 35/12.50/20,Stock item,Active,TIRES,
WESTLAKE 445/50/22.5,WESTLAKE 445/50/22.5,Stock item,Active,TIRES,
WESTLAKE LT225/75/16,WESTLAKE LT225/75/16,Stock item,Active,TIRES,4.00
WESTLAKE LT265/70/17,WESTLAKE LT265/70/17,Stock item,Active,TIRES,
WESTLAKE LT285/70/17,WESTLAKE LT285/70/17,Stock item,Active,TIRES,4.00
WHEEL,PACER BLACK 342B,Stock item,Active,,13.00
WHEEL AKA CHAOS,WHEEL AKA CHAOS 5*5/135,Stock item,Active,,-3.00
WHEELS,,Stock item,Active,,55.00
WIDE TRACK BAJA,WIDE TRACK BAJA,Stock item,Active,,
WILD SPIRIT225/55/18,WILD SPIRIT 225/55/18,Stock item,Active,TIRES,
WILD SPIRIT255/60/19,WILD SPIRIT 255/60/19,Stock item,Active,TIRES,
WILD SPIRIT265/65/18,WILD SPIRIT265/65/18,Stock item,Active,TIRES,
WILD SPIRIT265/75/15,WILD SPIRIT265/75/15,Stock item,Active,TIRES,
wild trac 225/70/16,225/70/16,Stock item,Active,TIRES,
wild trac 245/70/17,245/70/17,Stock item,Active,TIRES,
WILD TRAIL 225/75/16,WILD TRAIL 225/75/16,Stock item,Active,TIRES,
WILD TRAIL 235/85/16,WILD TRAIL 235/85/16,Stock item,Active,TIRES,4.00
WILD TRAIL 245/70/17,WILD TRAIL 245/70/17,Stock item,Active,TIRES,
WILD TRAIL 265/75/16,WILD TRAIL 265/75/16,Stock item,Active,TIRES,
wildcountry225/75/16,225/75/16,Stock item,Active,TIRES,
wildcountry235/75/15,235/75/15,Stock item,Active,TIRES,
wildcountry235/85/16,235/85/16,Stock item,Active,TIRES,
wildcountry245/75/16,245/75/16,Stock item,Active,TIRES,
WILDSPIRIT  235/60/1,WILDSPIRIT 235/60/17,Stock item,Active,TIRES,
WILDSPIRIT 215/65/17,WILDSPITIR 215/65/17,Stock item,Active,TIRES,
WILDSPIRIT 235/60/17,WILDSPIRIT 235/60/17,Stock item,Active,TIRES,
WILDSPIRIT 235/70/17,WILDSPIRIT 235/70/17,Stock item,Active,TIRES,
WILDSPIRIT 245/50/20,WILDSPIRIT 245/50/20,Stock item,Active,TIRES,
WILDSPIRIT 245/60/18,WILDSPIRIT 245/60/18,Stock item,Active,TIRES,1.00
WILDSPIRIT 255/55/18,WILDSPIRIT 255/55/18,Stock item,Active,TIRES,
WILDSPIRIT 275/55/20,WILDSPIRIT 275/55/20,Stock item,Active,TIRES,
WILDSPIRIT265/75/15,WILDSPIRIT265/75/15,Stock item,Active,TIRES,
WILDTRAC 245/70/16,WILDTRAC 245/70/16,Stock item,Active,TIRES,
WILDTRAC 245/70/17,,Stock item,Active,TIRES,
WILDTRAIL  255/70/16,WILDTRAIL  255/70/16,Stock item,Active,TIRES,
WILDTRAIL 215/85/16,WILDTRAIL 215/85/16,Stock item,Active,TIRES,
WILDTRAIL 225/75/16,WILDTRAIL 225/75/16,Stock item,Active,TIRES,
WILDTRAIL 235/65/17,WILDTRAIL 235/65/17,Stock item,Active,TIRES,
WILDTRAIL 235/70/16,WILDTRAIL 235/70/16,Stock item,Active,TIRES,
WILDTRAIL 235/75/15,WILDTRAIL 235/75/15,Stock item,Active,TIRES,
WILDTRAIL 235/85/16,WILDTRAIL 235/85/16,Stock item,Active,TIRES,
WILDTRAIL 245/70/16,WILDTRAIL 245/70/16,Stock item,Active,TIRES,
WILDTRAIL 245/75/16,WILDTRAIL 245/75/16,Stock item,Active,TIRES,4.00
WILDTRAIL 265/70/17,WILDTRAIL 265/70/17,Stock item,Active,TIRES,
WILDTRAIL 265/75/16,WILDTRAIL 265/75/16,Stock item,Active,TIRES,
WILDTRAL COMM,WILDTRAIL COMM,Stock item,Active,TIRES,
WINDFOR 225/40/18,WINDFOR 225/40/18,Stock item,Active,TIRES,
WINDFOR 265/70/17,WINDFOR 265/70/17,Stock item,Active,TIRES,
WINFORCE 215/50/17,WINFORCE 215/50/17,Stock item,Active,TIRES,
WINFORCE 245/35/20,WINFORCE  245/35/20,Stock item,Active,TIRES,
winmax 255/35/20,255/35/20,Stock item,Active,TIRES,
winmax 305/40/22,305/40/22,Stock item,Active,TIRES,
winmax 305/45/22,305/45/22,Stock item,Active,TIRES,
WINRUN 195/60/15,WINRUN 195/60/15,Stock item,Active,TIRES,
WINRUN 195/65/15,WINRUN 195/65/15,Stock item,Active,TIRES,
WINRUN 215/45/17,WINRUN 215/45/17,Stock item,Active,TIRES,
winrun 225/30/22,225/30/22,Stock item,Active,TIRES,
winrun 225/40/18,225/40/18,Stock item,Active,TIRES,
winrun 235/30/22,235/30/22,Stock item,Active,TIRES,
winrun 245/30/22,245/30/22,Stock item,Active,TIRES,
winrun 245/35/20,245/35/20,Stock item,Active,TIRES,
WINRUN 245/40/18,245/40/18,Stock item,Active,TIRES,
winrun 245/40/20,245/40/20,Stock item,Active,TIRES,
WINRUN 245/45/17,245/45/17,Stock item,Active,TIRES,
WINRUN 245/45/19,WINRUN 245/45/19,Stock item,Active,TIRES,
winrun 245/45/20,245/45/20,Stock item,Active,TIRES,
WINRUN 255/30/22,WIN RUN 255/30/22,Stock item,Active,TIRES,
WINRUN 255/30/26,WIN RUN 255/30/26,Stock item,Active,TIRES,
winrun 255/45/20,255/45/20 WINRUN KF380,Stock item,Active,TIRES,
winrun 265/35/22,265/35/22,Stock item,Active,TIRES,
WINRUN 265/40/22,WINRUN 265/40/22,Stock item,Active,TIRES,
winrun 265/60/18,265/60/18,Stock item,Active,TIRES,
WINRUN 275/30/19,WIN RUN 275/30/19,Stock item,Active,TIRES,
WINRUN 275/30/20,WIN RUN 275/30/20,Stock item,Active,TIRES,
WINRUN 275/40/19,WINRUN 275/40/19,Stock item,Active,TIRES,
winrun 275/45/20,275/45/20,Stock item,Active,TIRES,
winrun 275/65/20,275/65/20,Stock item,Active,TIRES,
winrun 285/30/20,285/30/20,Stock item,Active,TIRES,
winrun 285/50/20,285/50/20,Stock item,Active,TIRES,
WINRUN 295/30/26,WINRUN 295/30/26,Stock item,Active,TIRES,
winrun 295/35/24,295/35/24,Stock item,Active,TIRES,
WINRUN 295/70/17,WINRUN 295/70/17,Stock item,Active,TIRES,
winrun 305/35/24,305/35/24,Stock item,Active,TIRES,
winrun 305/40/22,305/40/22,Stock item,Active,TIRES,
winrun 305/45/22,305/45/22,Stock item,Active,TIRES,
WINRUN 33/12.5/20,WINRUN 33/12.5/20,Stock item,Active,TIRES,
winterfrce 245/75/16,245/75/16,Stock item,Active,TIRES,
Wnystar 225/60/15,225/60/15,Stock item,Active,TIRES,
WRANGLER 225/70/16,225/70/16,Non-stock item,Active,TIRES,
wrangler 275/60/20,275/60/20,Stock item,Active,TIRES,
WSETLAKE LT245/75/16,WESTLAKE LT245/75/16,Stock item,Active,TIRES,2.00
yellowsea 235/45/17,235/45/17,Stock item,Active,TIRES,
yellowston 205/40/17,205/40/17,Stock item,Active,TIRES,
yellowston 205/60/17,205/60/17,Stock item,Active,TIRES,
yellowston 215/35/18,215/35/18,Stock item,Active,TIRES,
yellowston 215/45/17,215/45/17,Stock item,Active,TIRES,
yellowston 225/40/18,225/40/18,Stock item,Active,TIRES,
yellowston 225/45/17,225/45/17,Stock item,Active,TIRES,
yellowston 225/45/18,225/45/18,Stock item,Active,TIRES,
yellowston 245/45/18,245/45/18,Stock item,Active,TIRES,
YOKAHAMA 195/65/15,YOKAHAMA 195/65/15,Stock item,Active,TIRES,
YOKAHAMA 205/65/15,YOKAHAMA 205/65/15,Stock item,Active,TIRES,-4.00
YOKAHAMA 245/60/20,YOKAHAMA 245/60/20,Stock item,Active,TIRES,1.00
YOKAHAMA 275/50/21,YOKAHAMA 275/50/21,Stock item,Active,TIRES,4.00
YOKOHAMA 185/55/16,,Stock item,Active,TIRES,
yokohama 195/60/15,195/60/15,Stock item,Active,TIRES,
yokohama 195/65/15,195/65/15,Stock item,Active,TIRES,
yokohama 205/60/16,205/60/16,Stock item,Active,TIRES,
YOKOHAMA 205/65/15,YOKOHAMA 205/65/15,Stock item,Active,TIRES,4.00
yokohama 205/65/16,205/65/16,Stock item,Active,TIRES,
yokohama 215/50/17,215/50/17,Stock item,Active,TIRES,
YOKOHAMA 215/65/16,YOKOHAMA 215/65/16,Stock item,Active,TIRES,2.00
YOKOHAMA 215/65/17,,Stock item,Active,TIRES,-2.00
YOKOHAMA 225/45/18,YOKOHAMA 225/45/18,Stock item,Active,TIRES,
yokohama 225/50/16,225/50/16,Stock item,Active,TIRES,
yokohama 225/50/18,225/50/18,Stock item,Active,TIRES,
YOKOHAMA 225/55/17,,Stock item,Active,,-1.00
YOKOHAMA 225/60/16,,Stock item,Active,TIRES,
YOKOHAMA 225/60/17,YOKOHAMA 225/60/17,Stock item,Active,TIRES,
YOKOHAMA 235/40/18,,Stock item,Active,TIRES,
YOKOHAMA 235/50/17,YOKOHAMA 235/50/17,Stock item,Active,TIRES,
yokohama 235/55/18,235/55/18,Stock item,Active,TIRES,
yokohama 235/70/15,235/70/15,Stock item,Active,TIRES,
YOKOHAMA 245/40/18,YOKOHAMA 245/40/18,Stock item,Active,TIRES,
YOKOHAMA 245/45/20,YOKOHAMA 245/45/20,Stock item,Active,TIRES,
YOKOHAMA 245/60/18,YOKOHAMA 245/60/18,Stock item,Active,TIRES,
YOKOHAMA 245/60/20,YOKOHAMA 245/60/20,Stock item,Active,TIRES,-1.00
YOKOHAMA 245/65/17,YOKOHAMA 245/65/17,Stock item,Active,TIRES,1.00
yokohama 255/40/20,YOKOHAMA 255/40/20,Stock item,Active,TIRES,
yokohama 255/45/20,YOKOHAMA 255/45/20,Stock item,Active,TIRES,
yokohama 255/65/16,255/65/16,Stock item,Active,TIRES,
yokohama 255/70/17,255/70/17,Stock item,Active,TIRES,
YOKOHAMA 265/35/18,YOKOHAMA 265/35/18,Stock item,Active,TIRES,
yokohama 265/35/22,265/35/22,Stock item,Active,TIRES,
YOKOHAMA 265/50/20,YOKOHAMA 265/50/20,Stock item,Active,TIRES,
YOKOHAMA 265/60/18,YOKOHAMA 265/60/18,Stock item,Active,TIRES,1.00
YOKOHAMA 265/65/17,YOKOHAMA 265/65/17,Stock item,Active,TIRES,
YOKOHAMA 265/70/15,YOKOHAMA 265/70/15,Stock item,Active,TIRES,4.00
YOKOHAMA 265/70/17,,Stock item,Active,TIRES,
YOKOHAMA 275/40/20,YOKOHAMA 275/40/20,Stock item,Active,TIRES,
yokohama 275/45/20,275/45/20,Stock item,Active,TIRES,
YOKOHAMA 275/50/21,YOKOHAMA 275/50/21,Stock item,Active,TIRES,-4.00
YOKOHAMA 275/55/20,YOKOHAMA 275/55/20,Stock item,Active,TIRES,
yokohama 275/60/18,275/60/18,Stock item,Active,TIRES,
YOKOHAMA 275/70/16,YOKOHAMA 275/70/16,Stock item,Active,TIRES,4.00
YOKOHAMA 285/50/20,,Stock item,Active,TIRES,
yokohama 305/40/22,305/40/22,Stock item,Active,TIRES,
YOKOHAMA LT265/75/16,YOKOHAMA LT265/75/16,Stock item,Active,TIRES,
yokohamaLT245/75/16,245/75/16,Stock item,Active,TIRES,
yokohamaLT255/70/16,255/70/16,Stock item,Active,TIRES,
zeetex 225/30/20,225/30/20,Stock item,Active,TIRES,
ZEETEX 245/35/19,ZEETEX 245/35/19,Stock item,Active,TIRES,
zeetex 245/35/20,245/35/20,Stock item,Active,TIRES,
zeetex 265/35/22,265/35/22,Stock item,Active,TIRES,2.00
ZEETEX 275/30/19,ZEETEX 275/30/19,Stock item,Active,TIRES,
ZEETEX 275/60/20,ZEETEX 275/60/20,Stock item,Active,TIRES,
zeetex 305/40/22,305/40/22,Stock item,Active,TIRES,
ZEN 185/65/14,ZEN 185/65/14,Stock item,Active,TIRES,-4.00
ZEN 185/70/14,ZEN 185/70/14,Stock item,Active,TIRES,
ZEN 195/55/15,ZEN 195/55/15,Stock item,Active,TIRES,
ZEN 195/60/15,ZEN 195/60/15,Stock item,Active,TIRES,
ZEN 195/65/15,ZEN 195/65/15,Stock item,Active,TIRES,4.00
ZEN 205/55/16,ZEN 205/55/16,Stock item,Active,TIRES,
ZEN 205/70/14,ZEN 205/70/14,Stock item,Active,TIRES,
ZEN 205/70/15,ZEN 205/70/15,Stock item,Active,TIRES,
zen 215/35/18,215/35/18,Stock item,Active,TIRES,
zen 215/40/17,215/40/17,Stock item,Active,TIRES,
zen 215/55/16,215/55/16,Stock item,Active,TIRES,
ZEN 215/70/15,ZEN 215/70/15,Stock item,Active,TIRES,
zen 225/30/20,225/30/20,Stock item,Active,TIRES,
ZEN 225/40/18,,Stock item,Active,TIRES,
ZEN 225/50/17,ZEN 225/50/17,Stock item,Active,TIRES,
zen 225/60/16,225/60/16,Stock item,Active,TIRES,
ZEN 235/30/22,ZEN 235/30/22,Stock item,Active,TIRES,2.00
ZEN 245/30/20,ZEN 245/30/20,Stock item,Active,TIRES,4.00
zen 245/35/19,245/35/19,Stock item,Active,TIRES,
zen 245/35/20,245/35/20,Stock item,Active,TIRES,
ZEN 245/40/20,,Stock item,Active,TIRES,8.00
ZEN 245/45/17,ZEN 245/45/17,Stock item,Active,TIRES,
ZEN 255/30/24,ZEN 255/30/24,Stock item,Active,TIRES,14.00
ZEN 255/35/20,ZEN 255/35/20,Stock item,Active,TIRES,
zen 265/35/22,265/35/22,Stock item,Active,TIRES,3.00
ZEN 265/70/17,ZEN 265/70/17,Stock item,Active,TIRES,
zen 275/30/19,275/30/19,Stock item,Active,TIRES,
ZEN 275/30/20,ZEN 275/30/20,Stock item,Active,TIRES,
zen 275/35/22,275/35/22,Stock item,Active,TIRES,
zen 275/55/20,275/55/20,Stock item,Active,TIRES,
ZEN 285/45/22,ZEN 285/45/22,Stock item,Active,TIRES,
ZEN 305/35/24,ZEN 305/35/24,Stock item,Active,TIRES,
zen 305/40/22,305/40/22,Stock item,Active,TIRES,
ZEN 305/45/22,ZEN 305/45/22,Stock item,Active,TIRES,
ZEN 31/10.50/15,ZEN 31/10.50/15,Stock item,Active,TIRES,
ZENNA 235/50/18,ZENNA 235/50/18,Stock item,Active,TIRES,4.00
zenon-light,Zenon Clear Lights 9005,Stock item,Inactive,,-5.00
,,,,,
,,,,,
,,,,,
